-- MySQL Script generated by MySQL Workbench
-- 08/16/15 00:40:37
-- Model: New Model    Version: 1.0
-- MySQL Workbench Forward Engineering

SET @OLD_UNIQUE_CHECKS=@@UNIQUE_CHECKS, UNIQUE_CHECKS=0;
SET @OLD_FOREIGN_KEY_CHECKS=@@FOREIGN_KEY_CHECKS, FOREIGN_KEY_CHECKS=0;
SET @OLD_SQL_MODE=@@SQL_MODE, SQL_MODE='TRADITIONAL,ALLOW_INVALID_DATES';

-- -----------------------------------------------------
-- Schema SIGCO
-- -----------------------------------------------------
DROP SCHEMA IF EXISTS `SIGCO` ;

-- -----------------------------------------------------
-- Schema SIGCO
-- -----------------------------------------------------
CREATE SCHEMA IF NOT EXISTS `SIGCO` DEFAULT CHARACTER SET utf8 COLLATE utf8_general_ci ;
USE `SIGCO` ;

-- -----------------------------------------------------
-- Table `SIGCO`.`Usuarios`
-- -----------------------------------------------------
DROP TABLE IF EXISTS `SIGCO`.`Usuarios` ;

CREATE TABLE IF NOT EXISTS `SIGCO`.`Usuarios` (
  `IdUsuario` INT NOT NULL,
  `Nombres` VARCHAR(50) NOT NULL,
  `Apellidos` VARCHAR(50) NOT NULL,
  `Empleo` VARCHAR(50) NOT NULL,
  `Email` VARCHAR(70) NOT NULL,
  `Contrasenia` VARCHAR(50) NOT NULL,
  `Estado` TINYINT(1) NOT NULL,
  `rutaImagen` VARCHAR(100) NOT NULL,
  PRIMARY KEY (`IdUsuario`))
ENGINE = InnoDB;


-- -----------------------------------------------------
-- Table `SIGCO`.`TiposEmpresas`
-- -----------------------------------------------------
DROP TABLE IF EXISTS `SIGCO`.`TiposEmpresas` ;

CREATE TABLE IF NOT EXISTS `SIGCO`.`TiposEmpresas` (
  `IdTipo` INT NOT NULL AUTO_INCREMENT,
  `Nombre` VARCHAR(12) NOT NULL,
  PRIMARY KEY (`IdTipo`))
ENGINE = InnoDB;


-- -----------------------------------------------------
-- Table `SIGCO`.`ActividadesEmpresas`
-- -----------------------------------------------------
DROP TABLE IF EXISTS `SIGCO`.`ActividadesEmpresas` ;

CREATE TABLE IF NOT EXISTS `SIGCO`.`ActividadesEmpresas` (
  `IdActividad` INT NOT NULL AUTO_INCREMENT,
  `Nombre` VARCHAR(45) NOT NULL,
  `PagaIva` TINYINT(1) NOT NULL,
  PRIMARY KEY (`IdActividad`))
ENGINE = InnoDB;


-- -----------------------------------------------------
-- Table `SIGCO`.`Clasificaciones`
-- -----------------------------------------------------
DROP TABLE IF EXISTS `SIGCO`.`Clasificaciones` ;

CREATE TABLE IF NOT EXISTS `SIGCO`.`Clasificaciones` (
  `IdClasificacion` INT NOT NULL AUTO_INCREMENT,
  `Nombre` VARCHAR(45) NOT NULL,
  PRIMARY KEY (`IdClasificacion`))
ENGINE = InnoDB;


-- -----------------------------------------------------
-- Table `SIGCO`.`Ciudades`
-- -----------------------------------------------------
DROP TABLE IF EXISTS `SIGCO`.`Ciudades` ;

CREATE TABLE IF NOT EXISTS `SIGCO`.`Ciudades` (
  `IdCiudad` INT NOT NULL AUTO_INCREMENT,
  `Nombre` VARCHAR(45) NOT NULL,
  PRIMARY KEY (`IdCiudad`))
ENGINE = InnoDB;


-- -----------------------------------------------------
-- Table `SIGCO`.`Clientes`
-- -----------------------------------------------------
DROP TABLE IF EXISTS `SIGCO`.`Clientes` ;

CREATE TABLE IF NOT EXISTS `SIGCO`.`Clientes` (
  `IdCliente` INT NOT NULL,
  `RazonSocial` VARCHAR(45) NOT NULL,
  `Direccion` VARCHAR(45) NOT NULL,
  `TelFijo` INT NOT NULL,
  `Email` VARCHAR(70) NOT NULL,
  `NombresContacto` VARCHAR(45) NOT NULL,
  `ApellidosContacto` VARCHAR(45) NOT NULL,
  `CelularContacto` INT NOT NULL,
  `EmailContacto` VARCHAR(70) NOT NULL,
  `IdTipo` INT NOT NULL,
  `IdActividad` INT NOT NULL,
  `IdClasificacion` INT NOT NULL,
  `IdCiudad` INT NOT NULL,
  PRIMARY KEY (`IdCliente`),
  CONSTRAINT `fk_Clientes_TiposEmpresas1`
    FOREIGN KEY (`IdTipo`)
    REFERENCES `SIGCO`.`TiposEmpresas` (`IdTipo`)
    ON DELETE CASCADE
    ON UPDATE CASCADE,
  CONSTRAINT `fk_Clientes_ActividadesEmpresas1`
    FOREIGN KEY (`IdActividad`)
    REFERENCES `SIGCO`.`ActividadesEmpresas` (`IdActividad`)
    ON DELETE CASCADE
    ON UPDATE CASCADE,
  CONSTRAINT `fk_Clientes_Clasificaciones1`
    FOREIGN KEY (`IdClasificacion`)
    REFERENCES `SIGCO`.`Clasificaciones` (`IdClasificacion`)
    ON DELETE CASCADE
    ON UPDATE CASCADE,
  CONSTRAINT `fk_Clientes_Ciudades1`
    FOREIGN KEY (`IdCiudad`)
    REFERENCES `SIGCO`.`Ciudades` (`IdCiudad`)
    ON DELETE CASCADE
    ON UPDATE CASCADE)
ENGINE = InnoDB;

CREATE INDEX `fk_Clientes_TiposEmpresas1_idx` ON `SIGCO`.`Clientes` (`IdTipo` ASC);

CREATE INDEX `fk_Clientes_ActividadesEmpresas1_idx` ON `SIGCO`.`Clientes` (`IdActividad` ASC);

CREATE INDEX `fk_Clientes_Clasificaciones1_idx` ON `SIGCO`.`Clientes` (`IdClasificacion` ASC);

CREATE INDEX `fk_Clientes_Ciudades1_idx` ON `SIGCO`.`Clientes` (`IdCiudad` ASC);


-- -----------------------------------------------------
-- Table `SIGCO`.`Presentaciones`
-- -----------------------------------------------------
DROP TABLE IF EXISTS `SIGCO`.`Presentaciones` ;

CREATE TABLE IF NOT EXISTS `SIGCO`.`Presentaciones` (
  `IdPresentacion` INT NOT NULL AUTO_INCREMENT,
  `Nombre` VARCHAR(45) NOT NULL,
  PRIMARY KEY (`IdPresentacion`))
ENGINE = InnoDB;


-- -----------------------------------------------------
-- Table `SIGCO`.`CategoriasProductos`
-- -----------------------------------------------------
DROP TABLE IF EXISTS `SIGCO`.`CategoriasProductos` ;

CREATE TABLE IF NOT EXISTS `SIGCO`.`CategoriasProductos` (
  `IdCategoria` INT NOT NULL AUTO_INCREMENT,
  `Nombre` VARCHAR(45) NOT NULL,
  PRIMARY KEY (`IdCategoria`))
ENGINE = InnoDB;


-- -----------------------------------------------------
-- Table `SIGCO`.`Impuestos`
-- -----------------------------------------------------
DROP TABLE IF EXISTS `SIGCO`.`Impuestos` ;

CREATE TABLE IF NOT EXISTS `SIGCO`.`Impuestos` (
  `IdIva` INT NOT NULL AUTO_INCREMENT,
  `Porcentaje` INT NOT NULL,
  PRIMARY KEY (`IdIva`))
ENGINE = InnoDB;

CREATE UNIQUE INDEX `Porcentaje_UNIQUE` ON `SIGCO`.`Impuestos` (`Porcentaje` ASC);


-- -----------------------------------------------------
-- Table `SIGCO`.`Productos`
-- -----------------------------------------------------
DROP TABLE IF EXISTS `SIGCO`.`Productos` ;

CREATE TABLE IF NOT EXISTS `SIGCO`.`Productos` (
  `IdProducto` INT NOT NULL AUTO_INCREMENT,
  `Nombre` VARCHAR(50) NOT NULL,
  `Descripcion` VARCHAR(100) NOT NULL,
  `UnidadMedida` VARCHAR(20) NOT NULL,
  `IdIva` INT NOT NULL,
  `ValorBase` INT NOT NULL,
  `IdPresentacion` INT NOT NULL,
  `IdCategoria` INT NOT NULL,
  `Estado` TINYINT(1) NOT NULL,
  `rutaImagen` VARCHAR(100) NOT NULL,
  PRIMARY KEY (`IdProducto`),
  CONSTRAINT `fk_Productos_Presentacion1`
    FOREIGN KEY (`IdPresentacion`)
    REFERENCES `SIGCO`.`Presentaciones` (`IdPresentacion`)
    ON DELETE CASCADE
    ON UPDATE CASCADE,
  CONSTRAINT `fk_Productos_CategoriaProducto1`
    FOREIGN KEY (`IdCategoria`)
    REFERENCES `SIGCO`.`CategoriasProductos` (`IdCategoria`)
    ON DELETE CASCADE
    ON UPDATE CASCADE,
  CONSTRAINT `fk_Productos_Impuestos`
    FOREIGN KEY (`IdIva`)
    REFERENCES `SIGCO`.`Impuestos` (`IdIva`)
    ON DELETE CASCADE
    ON UPDATE CASCADE)
ENGINE = InnoDB;

CREATE INDEX `fk_Productos_Presentacion1_idx` ON `SIGCO`.`Productos` (`IdPresentacion` ASC);

CREATE INDEX `fk_Productos_CategoriaProducto1_idx` ON `SIGCO`.`Productos` (`IdCategoria` ASC);

CREATE INDEX `fk_Productos_Impuestos_idx` ON `SIGCO`.`Productos` (`IdIva` ASC);


-- -----------------------------------------------------
-- Table `SIGCO`.`Gestiones`
-- -----------------------------------------------------
DROP TABLE IF EXISTS `SIGCO`.`Gestiones` ;

CREATE TABLE IF NOT EXISTS `SIGCO`.`Gestiones` (
  `IdUsuario` INT NOT NULL,
  `IdEmpresa` INT NOT NULL,
  `FechaProgramada` DATE NOT NULL,
  `Estado` ENUM('PENDIENTE', 'CANCELADA', 'COMPLETADA') NOT NULL,
  `Tipo` ENUM('ASESORIA', 'CAPACITACION') NOT NULL,
  `Asunto` VARCHAR(45) NOT NULL,
  `Asistentes` INT NOT NULL,
  `Observaciones` VARCHAR(200) NOT NULL,
  `Lugar` VARCHAR(50) NOT NULL,
  PRIMARY KEY (`IdUsuario`, `FechaProgramada`),
  CONSTRAINT `fk_Asesorias_Empresas1`
    FOREIGN KEY (`IdEmpresa`)
    REFERENCES `SIGCO`.`Clientes` (`IdCliente`)
    ON DELETE CASCADE
    ON UPDATE CASCADE,
  CONSTRAINT `fk_Asesorias_Usuarios1`
    FOREIGN KEY (`IdUsuario`)
    REFERENCES `SIGCO`.`Usuarios` (`IdUsuario`)
    ON DELETE CASCADE
    ON UPDATE CASCADE)
ENGINE = InnoDB;

CREATE INDEX `fk_Asesorias_Empresas1_idx` ON `SIGCO`.`Gestiones` (`IdEmpresa` ASC);

CREATE INDEX `fk_Asesorias_Usuarios1_idx` ON `SIGCO`.`Gestiones` (`IdUsuario` ASC);


-- -----------------------------------------------------
-- Table `SIGCO`.`Cotizaciones`
-- -----------------------------------------------------
DROP TABLE IF EXISTS `SIGCO`.`Cotizaciones` ;

CREATE TABLE IF NOT EXISTS `SIGCO`.`Cotizaciones` (
  `IdCotizacion` INT NOT NULL AUTO_INCREMENT,
  `Estado` ENUM('VIGENTE', 'CANCELADA', 'OC') NOT NULL,
  `FechaCreacion` TIMESTAMP NOT NULL,
  `ValorTotal` INT NOT NULL,
  `Observaciones` VARCHAR(200) NOT NULL,
  `DescuentoIvaXCliente` TINYINT(1) NOT NULL,
  `IdUsuario` INT NOT NULL,
  `IdCliente` INT NOT NULL,
  PRIMARY KEY (`IdCotizacion`),
  CONSTRAINT `fk_Cotizaciones_Usuarios1`
    FOREIGN KEY (`IdUsuario`)
    REFERENCES `SIGCO`.`Usuarios` (`IdUsuario`)
    ON DELETE CASCADE
    ON UPDATE CASCADE,
  CONSTRAINT `fk_Cotizaciones_Cliente1`
    FOREIGN KEY (`IdCliente`)
    REFERENCES `SIGCO`.`Clientes` (`IdCliente`)
    ON DELETE CASCADE
    ON UPDATE CASCADE)
ENGINE = InnoDB;

CREATE INDEX `fk_Cotizaciones_Usuarios1_idx` ON `SIGCO`.`Cotizaciones` (`IdUsuario` ASC);

CREATE INDEX `fk_Cotizaciones_Cliente1_idx` ON `SIGCO`.`Cotizaciones` (`IdCliente` ASC);


-- -----------------------------------------------------
-- Table `SIGCO`.`OrdenesDeCompra`
-- -----------------------------------------------------
DROP TABLE IF EXISTS `SIGCO`.`OrdenesDeCompra` ;

CREATE TABLE IF NOT EXISTS `SIGCO`.`OrdenesDeCompra` (
  `IdOrden` INT NOT NULL AUTO_INCREMENT,
  `Cotizaciones_IdCotizacion` INT NOT NULL,
  `Estado` TINYINT(1) NOT NULL,
  `Fecha` TIMESTAMP NOT NULL,
  `TotalCotizacion` INT NOT NULL,
  `DescuentoTotal` INT NOT NULL,
  `GranTotal` INT NOT NULL,
  `Observaciones` VARCHAR(200) NOT NULL,
  PRIMARY KEY (`IdOrden`),
  CONSTRAINT `fk_OrdenDeCompra_Cotizaciones1`
    FOREIGN KEY (`Cotizaciones_IdCotizacion`)
    REFERENCES `SIGCO`.`Cotizaciones` (`IdCotizacion`)
    ON DELETE CASCADE
    ON UPDATE CASCADE)
ENGINE = InnoDB;

CREATE INDEX `fk_OrdenDeCompra_Cotizaciones1_idx` ON `SIGCO`.`OrdenesDeCompra` (`Cotizaciones_IdCotizacion` ASC);


-- -----------------------------------------------------
-- Table `SIGCO`.`Metas`
-- -----------------------------------------------------
DROP TABLE IF EXISTS `SIGCO`.`Metas` ;

CREATE TABLE IF NOT EXISTS `SIGCO`.`Metas` (
  `IdMeta` INT NOT NULL AUTO_INCREMENT,
  `Tipo` ENUM('VENTAS', 'VISITAS') NOT NULL,
  `CantidadValor` INT NOT NULL,
  `FechaInicio` DATE NOT NULL,
  `FechaFin` DATE NOT NULL,
  PRIMARY KEY (`IdMeta`))
ENGINE = InnoDB;


-- -----------------------------------------------------
-- Table `SIGCO`.`DetallesCotizacion`
-- -----------------------------------------------------
DROP TABLE IF EXISTS `SIGCO`.`DetallesCotizacion` ;

CREATE TABLE IF NOT EXISTS `SIGCO`.`DetallesCotizacion` (
  `IdCotizacion` INT NOT NULL,
  `IdProducto` INT NOT NULL,
  `Cantidad` INT NOT NULL,
  `Iva` INT NOT NULL,
  `Total` INT NOT NULL,
  PRIMARY KEY (`IdCotizacion`, `IdProducto`),
  CONSTRAINT `fk_CotizacionDetalles_Cotizaciones1`
    FOREIGN KEY (`IdCotizacion`)
    REFERENCES `SIGCO`.`Cotizaciones` (`IdCotizacion`)
    ON DELETE CASCADE
    ON UPDATE CASCADE,
  CONSTRAINT `fk_CotizacionDetalles_Productos1`
    FOREIGN KEY (`IdProducto`)
    REFERENCES `SIGCO`.`Productos` (`IdProducto`)
    ON DELETE CASCADE
    ON UPDATE CASCADE)
ENGINE = InnoDB;

CREATE INDEX `fk_CotizacionDetalles_Cotizaciones1_idx` ON `SIGCO`.`DetallesCotizacion` (`IdCotizacion` ASC);

CREATE INDEX `fk_CotizacionDetalles_Productos1_idx` ON `SIGCO`.`DetallesCotizacion` (`IdProducto` ASC);


-- -----------------------------------------------------
-- Table `SIGCO`.`MetasUsuarios`
-- -----------------------------------------------------
DROP TABLE IF EXISTS `SIGCO`.`MetasUsuarios` ;

CREATE TABLE IF NOT EXISTS `SIGCO`.`MetasUsuarios` (
  `Usuarios_IdUsuario` INT NOT NULL,
  `Metas_IdMeta` INT NOT NULL,
  PRIMARY KEY (`Usuarios_IdUsuario`, `Metas_IdMeta`),
  CONSTRAINT `fk_MetasUsuario_Usuarios1`
    FOREIGN KEY (`Usuarios_IdUsuario`)
    REFERENCES `SIGCO`.`Usuarios` (`IdUsuario`)
    ON DELETE CASCADE
    ON UPDATE CASCADE,
  CONSTRAINT `fk_MetasUsuario_Metas1`
    FOREIGN KEY (`Metas_IdMeta`)
    REFERENCES `SIGCO`.`Metas` (`IdMeta`)
    ON DELETE CASCADE
    ON UPDATE CASCADE)
ENGINE = InnoDB;

CREATE INDEX `fk_MetasUsuario_Usuarios1_idx` ON `SIGCO`.`MetasUsuarios` (`Usuarios_IdUsuario` ASC);

CREATE INDEX `fk_MetasUsuario_Metas1_idx` ON `SIGCO`.`MetasUsuarios` (`Metas_IdMeta` ASC);


-- -----------------------------------------------------
-- Table `SIGCO`.`Roles`
-- -----------------------------------------------------
DROP TABLE IF EXISTS `SIGCO`.`Roles` ;

CREATE TABLE IF NOT EXISTS `SIGCO`.`Roles` (
  `IdRolUsuario` INT NOT NULL AUTO_INCREMENT,
  `Nombre` VARCHAR(15) NOT NULL,
  PRIMARY KEY (`IdRolUsuario`))
ENGINE = InnoDB;


-- -----------------------------------------------------
-- Table `SIGCO`.`RolesUsuarios`
-- -----------------------------------------------------
DROP TABLE IF EXISTS `SIGCO`.`RolesUsuarios` ;

CREATE TABLE IF NOT EXISTS `SIGCO`.`RolesUsuarios` (
  `Usuarios_IdUsuario` INT NOT NULL,
  `Roles_IdRolUsuario` INT NOT NULL,
  PRIMARY KEY (`Usuarios_IdUsuario`, `Roles_IdRolUsuario`),
  CONSTRAINT `fk_RolUsuario_Usuarios1`
    FOREIGN KEY (`Usuarios_IdUsuario`)
    REFERENCES `SIGCO`.`Usuarios` (`IdUsuario`)
    ON DELETE CASCADE
    ON UPDATE CASCADE,
  CONSTRAINT `fk_RolUsuario_Roles1`
    FOREIGN KEY (`Roles_IdRolUsuario`)
    REFERENCES `SIGCO`.`Roles` (`IdRolUsuario`)
    ON DELETE CASCADE
    ON UPDATE CASCADE)
ENGINE = InnoDB;

CREATE INDEX `fk_RolUsuario_Usuarios1_idx` ON `SIGCO`.`RolesUsuarios` (`Usuarios_IdUsuario` ASC);

CREATE INDEX `fk_RolUsuario_Roles1_idx` ON `SIGCO`.`RolesUsuarios` (`Roles_IdRolUsuario` ASC);


-- -----------------------------------------------------
-- Table `SIGCO`.`Temas`
-- -----------------------------------------------------
DROP TABLE IF EXISTS `SIGCO`.`Temas` ;

CREATE TABLE IF NOT EXISTS `SIGCO`.`Temas` (
  `IdTemas` INT NOT NULL AUTO_INCREMENT,
  `Nombre` VARCHAR(45) NOT NULL,
  PRIMARY KEY (`IdTemas`))
ENGINE = InnoDB;


-- -----------------------------------------------------
-- Table `SIGCO`.`Permisos`
-- -----------------------------------------------------
DROP TABLE IF EXISTS `SIGCO`.`Permisos` ;

CREATE TABLE IF NOT EXISTS `SIGCO`.`Permisos` (
  `IdPermisos` INT NOT NULL AUTO_INCREMENT,
  `Url` VARCHAR(100) NOT NULL,
  `NombrePagina` VARCHAR(45) NOT NULL,
  PRIMARY KEY (`IdPermisos`))
ENGINE = InnoDB;


-- -----------------------------------------------------
-- Table `SIGCO`.`RolesPermisos`
-- -----------------------------------------------------
DROP TABLE IF EXISTS `SIGCO`.`RolesPermisos` ;

CREATE TABLE IF NOT EXISTS `SIGCO`.`RolesPermisos` (
  `Roles_IdRolUsuario` INT NOT NULL,
  `Permisos_IdPermisos` INT NOT NULL,
  PRIMARY KEY (`Roles_IdRolUsuario`, `Permisos_IdPermisos`),
  CONSTRAINT `fk_RolesPermisos_Roles1`
    FOREIGN KEY (`Roles_IdRolUsuario`)
    REFERENCES `SIGCO`.`Roles` (`IdRolUsuario`)
    ON DELETE CASCADE
    ON UPDATE CASCADE,
  CONSTRAINT `fk_RolesPermisos_Permisos1`
    FOREIGN KEY (`Permisos_IdPermisos`)
    REFERENCES `SIGCO`.`Permisos` (`IdPermisos`)
    ON DELETE CASCADE
    ON UPDATE CASCADE)
ENGINE = InnoDB;

CREATE INDEX `fk_RolesPermisos_Roles1_idx` ON `SIGCO`.`RolesPermisos` (`Roles_IdRolUsuario` ASC);

CREATE INDEX `fk_RolesPermisos_Permisos1_idx` ON `SIGCO`.`RolesPermisos` (`Permisos_IdPermisos` ASC);


SET SQL_MODE=@OLD_SQL_MODE;
SET FOREIGN_KEY_CHECKS=@OLD_FOREIGN_KEY_CHECKS;
SET UNIQUE_CHECKS=@OLD_UNIQUE_CHECKS;

-- -----------------------------------------------------
-- Data for table `SIGCO`.`TiposEmpresas`
-- -----------------------------------------------------
START TRANSACTION;
USE `SIGCO`;
INSERT INTO `SIGCO`.`TiposEmpresas` (`IdTipo`, `Nombre`) VALUES (1, 'Unipersonal');
INSERT INTO `SIGCO`.`TiposEmpresas` (`IdTipo`, `Nombre`) VALUES (2, 'Sociedad Colectiva');
INSERT INTO `SIGCO`.`TiposEmpresas` (`IdTipo`, `Nombre`) VALUES (3, 'Cooperativa');
INSERT INTO `SIGCO`.`TiposEmpresas` (`IdTipo`, `Nombre`) VALUES (4, 'Comanditaria');
INSERT INTO `SIGCO`.`TiposEmpresas` (`IdTipo`, `Nombre`) VALUES (5, 'Sociedad de Responsabilidad Limitada');
INSERT INTO `SIGCO`.`TiposEmpresas` (`IdTipo`, `Nombre`) VALUES (6, 'Sociedad Anónima');

COMMIT;


-- -----------------------------------------------------
-- Data for table `SIGCO`.`ActividadesEmpresas`
-- -----------------------------------------------------
START TRANSACTION;
USE `SIGCO`;
INSERT INTO `SIGCO`.`ActividadesEmpresas` (`IdActividad`, `Nombre`, `PagaIva`) VALUES (1, 'Agricultura', 1);
INSERT INTO `SIGCO`.`ActividadesEmpresas` (`IdActividad`, `Nombre`, `PagaIva`) VALUES (2, 'Explotación de minas y canteras', 1);
INSERT INTO `SIGCO`.`ActividadesEmpresas` (`IdActividad`, `Nombre`, `PagaIva`) VALUES (3, 'Industrias manufactureras', 1);
INSERT INTO `SIGCO`.`ActividadesEmpresas` (`IdActividad`, `Nombre`, `PagaIva`) VALUES (4, 'Suministro de electricidad', 1);
INSERT INTO `SIGCO`.`ActividadesEmpresas` (`IdActividad`, `Nombre`, `PagaIva`) VALUES (5, 'Distribución de agua', 1);
INSERT INTO `SIGCO`.`ActividadesEmpresas` (`IdActividad`, `Nombre`, `PagaIva`) VALUES (6, 'Construcción', 1);
INSERT INTO `SIGCO`.`ActividadesEmpresas` (`IdActividad`, `Nombre`, `PagaIva`) VALUES (7, 'Comercio al por mayor y al por menor', 1);
INSERT INTO `SIGCO`.`ActividadesEmpresas` (`IdActividad`, `Nombre`, `PagaIva`) VALUES (8, 'Transporte y almacenamiento', 0);
INSERT INTO `SIGCO`.`ActividadesEmpresas` (`IdActividad`, `Nombre`, `PagaIva`) VALUES (9, 'Alojamiento y servicios de comida', 1);
INSERT INTO `SIGCO`.`ActividadesEmpresas` (`IdActividad`, `Nombre`, `PagaIva`) VALUES (10, 'Información y comunicaciones', 1);
INSERT INTO `SIGCO`.`ActividadesEmpresas` (`IdActividad`, `Nombre`, `PagaIva`) VALUES (11, 'Actividades financieras y de seguros', 1);
INSERT INTO `SIGCO`.`ActividadesEmpresas` (`IdActividad`, `Nombre`, `PagaIva`) VALUES (12, 'Actividades inmobiliarias', 1);
INSERT INTO `SIGCO`.`ActividadesEmpresas` (`IdActividad`, `Nombre`, `PagaIva`) VALUES (13, 'Actividades profesionales', 1);
INSERT INTO `SIGCO`.`ActividadesEmpresas` (`IdActividad`, `Nombre`, `PagaIva`) VALUES (14, 'Actividades de servicios administrativos y de apoyo', 0);
INSERT INTO `SIGCO`.`ActividadesEmpresas` (`IdActividad`, `Nombre`, `PagaIva`) VALUES (15, 'Administración pública y defensa', 0);
INSERT INTO `SIGCO`.`ActividadesEmpresas` (`IdActividad`, `Nombre`, `PagaIva`) VALUES (16, 'Educación', 0);
INSERT INTO `SIGCO`.`ActividadesEmpresas` (`IdActividad`, `Nombre`, `PagaIva`) VALUES (17, 'Actividades de atención de la salud humana y de asistencia social', 1);
INSERT INTO `SIGCO`.`ActividadesEmpresas` (`IdActividad`, `Nombre`, `PagaIva`) VALUES (18, 'Actividades artísticas', 1);
INSERT INTO `SIGCO`.`ActividadesEmpresas` (`IdActividad`, `Nombre`, `PagaIva`) VALUES (19, 'Otras actividades de servicios', 1);
INSERT INTO `SIGCO`.`ActividadesEmpresas` (`IdActividad`, `Nombre`, `PagaIva`) VALUES (20, 'Actividades de los hogares en calidad de empleadores', 1);
INSERT INTO `SIGCO`.`ActividadesEmpresas` (`IdActividad`, `Nombre`, `PagaIva`) VALUES (21, 'Actividades de organizaciones y entidades extraterritoriales', 1);
INSERT INTO `SIGCO`.`ActividadesEmpresas` (`IdActividad`, `Nombre`, `PagaIva`) VALUES (22, 'Seccion exclusiva para la DIAN', 1);
INSERT INTO `SIGCO`.`ActividadesEmpresas` (`IdActividad`, `Nombre`, `PagaIva`) VALUES (DEFAULT, DEFAULT, );

COMMIT;


-- -----------------------------------------------------
-- Data for table `SIGCO`.`Clasificaciones`
-- -----------------------------------------------------
START TRANSACTION;
USE `SIGCO`;
INSERT INTO `SIGCO`.`Clasificaciones` (`IdClasificacion`, `Nombre`) VALUES (1, 'Nuevo');
INSERT INTO `SIGCO`.`Clasificaciones` (`IdClasificacion`, `Nombre`) VALUES (2, 'Frecuente');
INSERT INTO `SIGCO`.`Clasificaciones` (`IdClasificacion`, `Nombre`) VALUES (3, 'V.I.P.');
INSERT INTO `SIGCO`.`Clasificaciones` (`IdClasificacion`, `Nombre`) VALUES (4, 'Corporativo');

COMMIT;


-- -----------------------------------------------------
-- Data for table `SIGCO`.`Ciudades`
-- -----------------------------------------------------
START TRANSACTION;
USE `SIGCO`;
INSERT INTO `SIGCO`.`Ciudades` (`IdCiudad`, `Nombre`) VALUES (1, 'Bogotá');
INSERT INTO `SIGCO`.`Ciudades` (`IdCiudad`, `Nombre`) VALUES (2, 'Medellín');
INSERT INTO `SIGCO`.`Ciudades` (`IdCiudad`, `Nombre`) VALUES (3, 'Cali');
INSERT INTO `SIGCO`.`Ciudades` (`IdCiudad`, `Nombre`) VALUES (4, 'Barranquilla');
INSERT INTO `SIGCO`.`Ciudades` (`IdCiudad`, `Nombre`) VALUES (5, 'Cartagena');
INSERT INTO `SIGCO`.`Ciudades` (`IdCiudad`, `Nombre`) VALUES (6, 'Cúcuta');
INSERT INTO `SIGCO`.`Ciudades` (`IdCiudad`, `Nombre`) VALUES (7, 'Soledad');
INSERT INTO `SIGCO`.`Ciudades` (`IdCiudad`, `Nombre`) VALUES (8, 'Ibagué');
INSERT INTO `SIGCO`.`Ciudades` (`IdCiudad`, `Nombre`) VALUES (9, 'Bucaramanga');
INSERT INTO `SIGCO`.`Ciudades` (`IdCiudad`, `Nombre`) VALUES (10, 'Soacha');
INSERT INTO `SIGCO`.`Ciudades` (`IdCiudad`, `Nombre`) VALUES (11, 'Villvicencio');
INSERT INTO `SIGCO`.`Ciudades` (`IdCiudad`, `Nombre`) VALUES (12, 'Santa Marta');
INSERT INTO `SIGCO`.`Ciudades` (`IdCiudad`, `Nombre`) VALUES (13, 'Pereira');
INSERT INTO `SIGCO`.`Ciudades` (`IdCiudad`, `Nombre`) VALUES (14, 'Bello');
INSERT INTO `SIGCO`.`Ciudades` (`IdCiudad`, `Nombre`) VALUES (15, 'Valledupar');
INSERT INTO `SIGCO`.`Ciudades` (`IdCiudad`, `Nombre`) VALUES (16, 'Montería');
INSERT INTO `SIGCO`.`Ciudades` (`IdCiudad`, `Nombre`) VALUES (17, 'Pasto');
INSERT INTO `SIGCO`.`Ciudades` (`IdCiudad`, `Nombre`) VALUES (18, 'Buenaventura');
INSERT INTO `SIGCO`.`Ciudades` (`IdCiudad`, `Nombre`) VALUES (19, 'Manizales');
INSERT INTO `SIGCO`.`Ciudades` (`IdCiudad`, `Nombre`) VALUES (20, 'Neiva');
INSERT INTO `SIGCO`.`Ciudades` (`IdCiudad`, `Nombre`) VALUES (21, 'Palmira');
INSERT INTO `SIGCO`.`Ciudades` (`IdCiudad`, `Nombre`) VALUES (22, 'Armenia');

COMMIT;


-- -----------------------------------------------------
-- Data for table `SIGCO`.`Clientes`
-- -----------------------------------------------------
START TRANSACTION;
USE `SIGCO`;
INSERT INTO `SIGCO`.`Clientes` (`IdCliente`, `RazonSocial`, `Direccion`, `TelFijo`, `Email`, `NombresContacto`, `ApellidosContacto`, `CelularContacto`, `EmailContacto`, `IdTipo`, `IdActividad`, `IdClasificacion`, `IdCiudad`) VALUES (900000000, 'Condimentum Limited', 'Ap #168-6376 Lobortis St.', 7909902, 'tellus.Phasellus@auctor.org', 'Wanda', 'Barton', 6276424287, 'dapibus.id@eunullaat.com', 4, 22, 2, 26);
INSERT INTO `SIGCO`.`Clientes` (`IdCliente`, `RazonSocial`, `Direccion`, `TelFijo`, `Email`, `NombresContacto`, `ApellidosContacto`, `CelularContacto`, `EmailContacto`, `IdTipo`, `IdActividad`, `IdClasificacion`, `IdCiudad`) VALUES (900000001, 'Dapibus Ligula Inc.', '226-7983 Blandit. Street', 0676376, 'ante@gravidamaurisut.ca', 'Keith', 'Stevenson', 2675856589, 'nunc@a.org', 5, 3, 1, 2);
INSERT INTO `SIGCO`.`Clientes` (`IdCliente`, `RazonSocial`, `Direccion`, `TelFijo`, `Email`, `NombresContacto`, `ApellidosContacto`, `CelularContacto`, `EmailContacto`, `IdTipo`, `IdActividad`, `IdClasificacion`, `IdCiudad`) VALUES (900000002, 'Mollis Dui In Consulting', '477-8369 Mauris Rd.', 0949041, 'sociis.natoque.penatibus@Fuscealiquam.edu', 'Portia', 'Morin', 0461620061, 'nisi.Mauris@temporeratneque.co.uk', 3, 22, 1, 13);
INSERT INTO `SIGCO`.`Clientes` (`IdCliente`, `RazonSocial`, `Direccion`, `TelFijo`, `Email`, `NombresContacto`, `ApellidosContacto`, `CelularContacto`, `EmailContacto`, `IdTipo`, `IdActividad`, `IdClasificacion`, `IdCiudad`) VALUES (900000003, 'Sed Institute', 'P.O. Box 136, 1387 Nam Road', 7789379, 'iaculis@rutrumFusce.net', 'Rhona', 'Rollins', 9167914770, 'erat@sociisnatoque.net', 2, 10, 2, 14);
INSERT INTO `SIGCO`.`Clientes` (`IdCliente`, `RazonSocial`, `Direccion`, `TelFijo`, `Email`, `NombresContacto`, `ApellidosContacto`, `CelularContacto`, `EmailContacto`, `IdTipo`, `IdActividad`, `IdClasificacion`, `IdCiudad`) VALUES (900000004, 'Placerat Velit Inc.', '5122 Morbi Avenue', 1573624, 'risus@sed.co.uk', 'Leslie', 'Cherry', 7846753592, 'consequat@fermentum.edu', 5, 21, 3, 3);
INSERT INTO `SIGCO`.`Clientes` (`IdCliente`, `RazonSocial`, `Direccion`, `TelFijo`, `Email`, `NombresContacto`, `ApellidosContacto`, `CelularContacto`, `EmailContacto`, `IdTipo`, `IdActividad`, `IdClasificacion`, `IdCiudad`) VALUES (900000005, 'Semper Cursus PC', 'Ap #537-5525 Dapibus Street', 1722550, 'lorem@nectempus.edu', 'Hedley', 'Foley', 2863695593, 'Sed@euismodetcommodo.co.uk', 4, 8, 2, 28);
INSERT INTO `SIGCO`.`Clientes` (`IdCliente`, `RazonSocial`, `Direccion`, `TelFijo`, `Email`, `NombresContacto`, `ApellidosContacto`, `CelularContacto`, `EmailContacto`, `IdTipo`, `IdActividad`, `IdClasificacion`, `IdCiudad`) VALUES (900000006, 'Ac Feugiat Institute', '5169 Ornare, Ave', 9876882, 'vitae.nibh@afeugiattellus.org', 'Rinah', 'Waller', 5481606367, 'Proin.mi@leoMorbi.org', 6, 2, 2, 24);
INSERT INTO `SIGCO`.`Clientes` (`IdCliente`, `RazonSocial`, `Direccion`, `TelFijo`, `Email`, `NombresContacto`, `ApellidosContacto`, `CelularContacto`, `EmailContacto`, `IdTipo`, `IdActividad`, `IdClasificacion`, `IdCiudad`) VALUES (900000007, 'Mattis Ornare Lectus Ltd', '857-8687 Sed Road', 2751301, 'dignissim.Maecenas.ornare@dolordolor.com', 'Tyler', 'Strong', 2181040716, 'lorem@nisi.co.uk', 2, 8, 1, 30);
INSERT INTO `SIGCO`.`Clientes` (`IdCliente`, `RazonSocial`, `Direccion`, `TelFijo`, `Email`, `NombresContacto`, `ApellidosContacto`, `CelularContacto`, `EmailContacto`, `IdTipo`, `IdActividad`, `IdClasificacion`, `IdCiudad`) VALUES (900000008, 'Blandit Mattis Incorporated', 'Ap #564-9390 Sapien. Road', 7990685, 'mauris@Sedcongue.org', 'Lucas', 'Burnett', 8159823866, 'vitae.sodales@egestas.org', 2, 4, 3, 1);
INSERT INTO `SIGCO`.`Clientes` (`IdCliente`, `RazonSocial`, `Direccion`, `TelFijo`, `Email`, `NombresContacto`, `ApellidosContacto`, `CelularContacto`, `EmailContacto`, `IdTipo`, `IdActividad`, `IdClasificacion`, `IdCiudad`) VALUES (900000009, 'Proin LLC', '606-112 Nunc Avenue', 1894844, 'est@libero.org', 'Jakeem', 'Clements', 0659210233, 'nulla.Integer@consequatnecmollis.ca', 4, 20, 2, 15);
INSERT INTO `SIGCO`.`Clientes` (`IdCliente`, `RazonSocial`, `Direccion`, `TelFijo`, `Email`, `NombresContacto`, `ApellidosContacto`, `CelularContacto`, `EmailContacto`, `IdTipo`, `IdActividad`, `IdClasificacion`, `IdCiudad`) VALUES (900000010, 'Mollis Dui Foundation', 'P.O. Box 924, 6895 Sed Ave', 7847579, 'sem.mollis@Nam.edu', 'Eaton', 'Lambert', 9735997318, 'molestie@ametconsectetueradipiscing.co.uk', 6, 21, 4, 18);
INSERT INTO `SIGCO`.`Clientes` (`IdCliente`, `RazonSocial`, `Direccion`, `TelFijo`, `Email`, `NombresContacto`, `ApellidosContacto`, `CelularContacto`, `EmailContacto`, `IdTipo`, `IdActividad`, `IdClasificacion`, `IdCiudad`) VALUES (900000011, 'Aliquam Limited', 'Ap #380-4603 Ac Rd.', 9449586, 'netus@ullamcorper.net', 'Judah', 'Larson', 0293786425, 'risus.Donec@lacusQuisque.co.uk', 5, 1, 4, 28);
INSERT INTO `SIGCO`.`Clientes` (`IdCliente`, `RazonSocial`, `Direccion`, `TelFijo`, `Email`, `NombresContacto`, `ApellidosContacto`, `CelularContacto`, `EmailContacto`, `IdTipo`, `IdActividad`, `IdClasificacion`, `IdCiudad`) VALUES (900000012, 'Vulputate Nisi Associates', '340-5974 Eu Ave', 9239560, 'mi.lorem@augueutlacus.edu', 'Carla', 'Alston', 7765169805, 'nibh@volutpatornare.edu', 6, 17, 3, 30);
INSERT INTO `SIGCO`.`Clientes` (`IdCliente`, `RazonSocial`, `Direccion`, `TelFijo`, `Email`, `NombresContacto`, `ApellidosContacto`, `CelularContacto`, `EmailContacto`, `IdTipo`, `IdActividad`, `IdClasificacion`, `IdCiudad`) VALUES (900000013, 'Ante Lectus Convallis Limited', '5911 Phasellus St.', 9698439, 'tristique.pharetra.Quisque@hendreritid.net', 'Garrett', 'Langley', 9110344173, 'nec.imperdiet.nec@sitamet.ca', 2, 8, 2, 27);
INSERT INTO `SIGCO`.`Clientes` (`IdCliente`, `RazonSocial`, `Direccion`, `TelFijo`, `Email`, `NombresContacto`, `ApellidosContacto`, `CelularContacto`, `EmailContacto`, `IdTipo`, `IdActividad`, `IdClasificacion`, `IdCiudad`) VALUES (900000014, 'Amet LLP', 'P.O. Box 123, 8004 Suspendisse Road', 0593152, 'Duis@Inat.co.uk', 'Adele', 'Baird', 5666362977, 'Proin.non@adipiscing.ca', 6, 17, 4, 6);
INSERT INTO `SIGCO`.`Clientes` (`IdCliente`, `RazonSocial`, `Direccion`, `TelFijo`, `Email`, `NombresContacto`, `ApellidosContacto`, `CelularContacto`, `EmailContacto`, `IdTipo`, `IdActividad`, `IdClasificacion`, `IdCiudad`) VALUES (900000015, 'Primis In LLP', 'P.O. Box 868, 4567 Arcu Rd.', 8585204, 'amet.luctus.vulputate@auguemalesuadamalesuada.org', 'Amity', 'Kirk', 4617520459, 'a.malesuada@sollicitudincommodo.ca', 2, 16, 4, 28);
INSERT INTO `SIGCO`.`Clientes` (`IdCliente`, `RazonSocial`, `Direccion`, `TelFijo`, `Email`, `NombresContacto`, `ApellidosContacto`, `CelularContacto`, `EmailContacto`, `IdTipo`, `IdActividad`, `IdClasificacion`, `IdCiudad`) VALUES (900000016, 'Iaculis Aliquet Diam Corp.', '228-7072 Ac, Av.', 3481274, 'sed.dui@eros.edu', 'Gregory', 'Cochran', 6132749291, 'eleifend@venenatislacusEtiam.ca', 3, 12, 2, 27);
INSERT INTO `SIGCO`.`Clientes` (`IdCliente`, `RazonSocial`, `Direccion`, `TelFijo`, `Email`, `NombresContacto`, `ApellidosContacto`, `CelularContacto`, `EmailContacto`, `IdTipo`, `IdActividad`, `IdClasificacion`, `IdCiudad`) VALUES (900000017, 'Imperdiet Corp.', 'P.O. Box 176, 8943 Risus Rd.', 5919862, 'pretium.aliquet@dui.co.uk', 'Erica', 'Reid', 3584175294, 'nec.mollis.vitae@dolorelitpellentesque.com', 6, 3, 1, 30);
INSERT INTO `SIGCO`.`Clientes` (`IdCliente`, `RazonSocial`, `Direccion`, `TelFijo`, `Email`, `NombresContacto`, `ApellidosContacto`, `CelularContacto`, `EmailContacto`, `IdTipo`, `IdActividad`, `IdClasificacion`, `IdCiudad`) VALUES (900000018, 'Aliquam Limited', 'P.O. Box 483, 9314 Erat St.', 2936117, 'mollis.Phasellus.libero@egestas.net', 'Regan', 'Massey', 1241424302, 'lorem@Donec.com', 1, 8, 2, 25);
INSERT INTO `SIGCO`.`Clientes` (`IdCliente`, `RazonSocial`, `Direccion`, `TelFijo`, `Email`, `NombresContacto`, `ApellidosContacto`, `CelularContacto`, `EmailContacto`, `IdTipo`, `IdActividad`, `IdClasificacion`, `IdCiudad`) VALUES (900000019, 'Vulputate Corporation', 'Ap #509-1541 Augue Street', 8787485, 'pharetra.Nam@acurna.edu', 'Signe', 'Shields', 2324974160, 'amet@consectetueradipiscing.com', 1, 6, 4, 28);
INSERT INTO `SIGCO`.`Clientes` (`IdCliente`, `RazonSocial`, `Direccion`, `TelFijo`, `Email`, `NombresContacto`, `ApellidosContacto`, `CelularContacto`, `EmailContacto`, `IdTipo`, `IdActividad`, `IdClasificacion`, `IdCiudad`) VALUES (900000020, 'Habitant Morbi Corporation', 'Ap #407-2686 Integer Street', 3099954, 'congue.turpis@InfaucibusMorbi.ca', 'Chloe', 'Hobbs', 8924459632, 'et@nec.com', 3, 5, 4, 13);
INSERT INTO `SIGCO`.`Clientes` (`IdCliente`, `RazonSocial`, `Direccion`, `TelFijo`, `Email`, `NombresContacto`, `ApellidosContacto`, `CelularContacto`, `EmailContacto`, `IdTipo`, `IdActividad`, `IdClasificacion`, `IdCiudad`) VALUES (900000021, 'In LLC', '224-8386 Ac Rd.', 2328961, 'eget.venenatis.a@sapienmolestie.edu', 'Drew', 'Lucas', 6536057695, 'nisl.arcu@adipiscingelitCurabitur.net', 4, 10, 2, 8);
INSERT INTO `SIGCO`.`Clientes` (`IdCliente`, `RazonSocial`, `Direccion`, `TelFijo`, `Email`, `NombresContacto`, `ApellidosContacto`, `CelularContacto`, `EmailContacto`, `IdTipo`, `IdActividad`, `IdClasificacion`, `IdCiudad`) VALUES (900000022, 'Enim Nec Limited', 'Ap #166-8533 Pellentesque Rd.', 7600755, 'malesuada@loremvehicula.com', 'Chase', 'Huber', 7056550335, 'et.eros.Proin@cursusinhendrerit.ca', 3, 18, 2, 28);
INSERT INTO `SIGCO`.`Clientes` (`IdCliente`, `RazonSocial`, `Direccion`, `TelFijo`, `Email`, `NombresContacto`, `ApellidosContacto`, `CelularContacto`, `EmailContacto`, `IdTipo`, `IdActividad`, `IdClasificacion`, `IdCiudad`) VALUES (900000023, 'Ipsum Company', '390-4515 Lectus. Street', 3728998, 'Nunc.quis.arcu@ipsumacmi.ca', 'Rebekah', 'Roach', 2329239154, 'ac.libero@mauris.ca', 6, 6, 4, 5);
INSERT INTO `SIGCO`.`Clientes` (`IdCliente`, `RazonSocial`, `Direccion`, `TelFijo`, `Email`, `NombresContacto`, `ApellidosContacto`, `CelularContacto`, `EmailContacto`, `IdTipo`, `IdActividad`, `IdClasificacion`, `IdCiudad`) VALUES (900000024, 'Sed Inc.', '135-9458 Ultrices, St.', 1445351, 'vitae.velit.egestas@vestibulum.net', 'April', 'Dotson', 2365865366, 'Cras.vulputate.velit@est.ca', 5, 22, 1, 28);
INSERT INTO `SIGCO`.`Clientes` (`IdCliente`, `RazonSocial`, `Direccion`, `TelFijo`, `Email`, `NombresContacto`, `ApellidosContacto`, `CelularContacto`, `EmailContacto`, `IdTipo`, `IdActividad`, `IdClasificacion`, `IdCiudad`) VALUES (900000025, 'Arcu Aliquam Ultrices LLC', 'P.O. Box 516, 4082 Magnis St.', 0729000, 'luctus.et@enim.com', 'Jasper', 'Cervantes', 6010825706, 'aliquet.nec@nunc.edu', 6, 1, 2, 26);
INSERT INTO `SIGCO`.`Clientes` (`IdCliente`, `RazonSocial`, `Direccion`, `TelFijo`, `Email`, `NombresContacto`, `ApellidosContacto`, `CelularContacto`, `EmailContacto`, `IdTipo`, `IdActividad`, `IdClasificacion`, `IdCiudad`) VALUES (900000026, 'Nisi Ltd', 'Ap #894-8077 Dolor Avenue', 6698794, 'ligula@Nulla.ca', 'Rhonda', 'Singleton', 2324616468, 'sit.amet@eleifend.net', 6, 2, 2, 30);
INSERT INTO `SIGCO`.`Clientes` (`IdCliente`, `RazonSocial`, `Direccion`, `TelFijo`, `Email`, `NombresContacto`, `ApellidosContacto`, `CelularContacto`, `EmailContacto`, `IdTipo`, `IdActividad`, `IdClasificacion`, `IdCiudad`) VALUES (900000027, 'Non LLP', '348-7187 Convallis Road', 4616342, 'bibendum.Donec.felis@ornareelitelit.org', 'Christen', 'Sawyer', 3870595964, 'varius.ultrices@fermentum.net', 5, 7, 4, 13);
INSERT INTO `SIGCO`.`Clientes` (`IdCliente`, `RazonSocial`, `Direccion`, `TelFijo`, `Email`, `NombresContacto`, `ApellidosContacto`, `CelularContacto`, `EmailContacto`, `IdTipo`, `IdActividad`, `IdClasificacion`, `IdCiudad`) VALUES (900000028, 'Id Libero Donec Corp.', 'Ap #452-3672 Mus. St.', 3671566, 'magna@magnaSedeu.edu', 'Cameran', 'Mejia', 5778930523, 'viverra@nuncnulla.ca', 4, 15, 4, 12);
INSERT INTO `SIGCO`.`Clientes` (`IdCliente`, `RazonSocial`, `Direccion`, `TelFijo`, `Email`, `NombresContacto`, `ApellidosContacto`, `CelularContacto`, `EmailContacto`, `IdTipo`, `IdActividad`, `IdClasificacion`, `IdCiudad`) VALUES (900000029, 'Fusce Feugiat Ltd', '1345 Convallis, Rd.', 3992205, 'Fusce@atlibero.co.uk', 'Dakota', 'Carpenter', 3106119225, 'dui.Suspendisse@ante.co.uk', 2, 14, 1, 19);
INSERT INTO `SIGCO`.`Clientes` (`IdCliente`, `RazonSocial`, `Direccion`, `TelFijo`, `Email`, `NombresContacto`, `ApellidosContacto`, `CelularContacto`, `EmailContacto`, `IdTipo`, `IdActividad`, `IdClasificacion`, `IdCiudad`) VALUES (900000030, 'Neque Incorporated', '654-5779 Mauris Rd.', 0836562, 'porttitor@ornareIn.net', 'Hope', 'Collier', 0437377437, 'ligula.eu.enim@lobortismaurisSuspendisse.edu', 5, 4, 1, 11);
INSERT INTO `SIGCO`.`Clientes` (`IdCliente`, `RazonSocial`, `Direccion`, `TelFijo`, `Email`, `NombresContacto`, `ApellidosContacto`, `CelularContacto`, `EmailContacto`, `IdTipo`, `IdActividad`, `IdClasificacion`, `IdCiudad`) VALUES (900000031, 'Maecenas Malesuada Fringilla Industries', '762-1544 Neque. St.', 4188628, 'purus.Nullam@ultricesposuerecubilia.net', 'Venus', 'Lindsey', 6655123506, 'quis.diam.Pellentesque@vitae.net', 6, 10, 3, 4);
INSERT INTO `SIGCO`.`Clientes` (`IdCliente`, `RazonSocial`, `Direccion`, `TelFijo`, `Email`, `NombresContacto`, `ApellidosContacto`, `CelularContacto`, `EmailContacto`, `IdTipo`, `IdActividad`, `IdClasificacion`, `IdCiudad`) VALUES (900000032, 'Lacinia At Iaculis Foundation', 'Ap #766-6956 Tincidunt Road', 9128003, 'orci.tincidunt.adipiscing@tinciduntorciquis.co.uk', 'Zephr', 'Henson', 9871619261, 'torquent.per.conubia@atrisus.net', 6, 17, 2, 25);
INSERT INTO `SIGCO`.`Clientes` (`IdCliente`, `RazonSocial`, `Direccion`, `TelFijo`, `Email`, `NombresContacto`, `ApellidosContacto`, `CelularContacto`, `EmailContacto`, `IdTipo`, `IdActividad`, `IdClasificacion`, `IdCiudad`) VALUES (900000033, 'Amet Consectetuer Inc.', 'P.O. Box 131, 2580 Imperdiet Street', 0441348, 'Curabitur@sagittislobortismauris.co.uk', 'Melodie', 'Blanchard', 6786670936, 'egestas@nisl.edu', 6, 19, 4, 27);
INSERT INTO `SIGCO`.`Clientes` (`IdCliente`, `RazonSocial`, `Direccion`, `TelFijo`, `Email`, `NombresContacto`, `ApellidosContacto`, `CelularContacto`, `EmailContacto`, `IdTipo`, `IdActividad`, `IdClasificacion`, `IdCiudad`) VALUES (900000034, 'Dui Industries', 'P.O. Box 160, 5133 Porttitor Rd.', 8053476, 'Praesent@imperdiet.net', 'Brent', 'Davis', 9120089654, 'Donec.egestas.Aliquam@Nulla.ca', 6, 1, 1, 15);
INSERT INTO `SIGCO`.`Clientes` (`IdCliente`, `RazonSocial`, `Direccion`, `TelFijo`, `Email`, `NombresContacto`, `ApellidosContacto`, `CelularContacto`, `EmailContacto`, `IdTipo`, `IdActividad`, `IdClasificacion`, `IdCiudad`) VALUES (900000035, 'Vitae Sodales Consulting', '311 Lacinia. Street', 1221032, 'nulla.In@arcuVestibulum.co.uk', 'Brittany', 'Mcintosh', 9595337506, 'ut.aliquam.iaculis@erateget.co.uk', 1, 6, 3, 21);
INSERT INTO `SIGCO`.`Clientes` (`IdCliente`, `RazonSocial`, `Direccion`, `TelFijo`, `Email`, `NombresContacto`, `ApellidosContacto`, `CelularContacto`, `EmailContacto`, `IdTipo`, `IdActividad`, `IdClasificacion`, `IdCiudad`) VALUES (900000036, 'Cursus Institute', 'P.O. Box 919, 4429 Euismod Avenue', 4733619, 'parturient@ornareplacerat.net', 'Minerva', 'Gallegos', 5924734619, 'magna.nec@justo.net', 5, 3, 4, 30);
INSERT INTO `SIGCO`.`Clientes` (`IdCliente`, `RazonSocial`, `Direccion`, `TelFijo`, `Email`, `NombresContacto`, `ApellidosContacto`, `CelularContacto`, `EmailContacto`, `IdTipo`, `IdActividad`, `IdClasificacion`, `IdCiudad`) VALUES (900000037, 'Ipsum Primis Incorporated', '806-3118 Cras Street', 0872423, 'egestas.hendrerit@vitaevelit.com', 'Aquila', 'Johnson', 2200490057, 'consequat@felisorciadipiscing.edu', 4, 3, 2, 6);
INSERT INTO `SIGCO`.`Clientes` (`IdCliente`, `RazonSocial`, `Direccion`, `TelFijo`, `Email`, `NombresContacto`, `ApellidosContacto`, `CelularContacto`, `EmailContacto`, `IdTipo`, `IdActividad`, `IdClasificacion`, `IdCiudad`) VALUES (900000038, 'Ante Limited', '3874 Gravida Road', 8273366, 'elit.pharetra.ut@arcu.ca', 'Palmer', 'Mccormick', 5849755301, 'non@Donecluctus.co.uk', 2, 13, 4, 5);
INSERT INTO `SIGCO`.`Clientes` (`IdCliente`, `RazonSocial`, `Direccion`, `TelFijo`, `Email`, `NombresContacto`, `ApellidosContacto`, `CelularContacto`, `EmailContacto`, `IdTipo`, `IdActividad`, `IdClasificacion`, `IdCiudad`) VALUES (900000039, 'Consequat Dolor Corp.', '4349 Fermentum Avenue', 2251688, 'dolor.Fusce@sedconsequatauctor.ca', 'Dean', 'Carlson', 8790686702, 'ac.urna.Ut@ipsum.co.uk', 6, 22, 1, 15);
INSERT INTO `SIGCO`.`Clientes` (`IdCliente`, `RazonSocial`, `Direccion`, `TelFijo`, `Email`, `NombresContacto`, `ApellidosContacto`, `CelularContacto`, `EmailContacto`, `IdTipo`, `IdActividad`, `IdClasificacion`, `IdCiudad`) VALUES (900000040, 'Vitae Dolor Donec PC', '7140 Maecenas St.', 1246508, 'pede.Nunc.sed@auctor.org', 'Amethyst', 'Forbes', 8894030495, 'tempus@elitfermentum.co.uk', 1, 4, 2, 15);
INSERT INTO `SIGCO`.`Clientes` (`IdCliente`, `RazonSocial`, `Direccion`, `TelFijo`, `Email`, `NombresContacto`, `ApellidosContacto`, `CelularContacto`, `EmailContacto`, `IdTipo`, `IdActividad`, `IdClasificacion`, `IdCiudad`) VALUES (900000041, 'Metus Eu Erat LLP', '395-4508 Erat. Rd.', 8680600, 'interdum.Sed@Nulla.edu', 'Seth', 'Pennington', 3447393954, 'Curabitur.consequat@eu.net', 6, 21, 1, 26);
INSERT INTO `SIGCO`.`Clientes` (`IdCliente`, `RazonSocial`, `Direccion`, `TelFijo`, `Email`, `NombresContacto`, `ApellidosContacto`, `CelularContacto`, `EmailContacto`, `IdTipo`, `IdActividad`, `IdClasificacion`, `IdCiudad`) VALUES (900000042, 'Id Nunc Limited', '445 Malesuada Road', 7877885, 'interdum@blanditat.edu', 'Buckminster', 'Gross', 5646881058, 'adipiscing.elit.Curabitur@euligulaAenean.org', 3, 1, 2, 16);
INSERT INTO `SIGCO`.`Clientes` (`IdCliente`, `RazonSocial`, `Direccion`, `TelFijo`, `Email`, `NombresContacto`, `ApellidosContacto`, `CelularContacto`, `EmailContacto`, `IdTipo`, `IdActividad`, `IdClasificacion`, `IdCiudad`) VALUES (900000043, 'Non Consulting', '198-906 Facilisis Rd.', 1340107, 'bibendum.ullamcorper.Duis@estMauris.co.uk', 'Kylan', 'Livingston', 9336350274, 'faucibus.orci@Nullam.net', 6, 14, 4, 27);
INSERT INTO `SIGCO`.`Clientes` (`IdCliente`, `RazonSocial`, `Direccion`, `TelFijo`, `Email`, `NombresContacto`, `ApellidosContacto`, `CelularContacto`, `EmailContacto`, `IdTipo`, `IdActividad`, `IdClasificacion`, `IdCiudad`) VALUES (900000044, 'Cras Lorem Company', '340-6817 Habitant Street', 8545600, 'dui.nec.urna@vitaemaurissit.com', 'Madaline', 'Langley', 8123402152, 'et.eros@tincidunt.edu', 2, 18, 1, 12);
INSERT INTO `SIGCO`.`Clientes` (`IdCliente`, `RazonSocial`, `Direccion`, `TelFijo`, `Email`, `NombresContacto`, `ApellidosContacto`, `CelularContacto`, `EmailContacto`, `IdTipo`, `IdActividad`, `IdClasificacion`, `IdCiudad`) VALUES (900000045, 'Amet Metus Corporation', 'Ap #869-4495 Commodo St.', 0855954, 'in.magna.Phasellus@felis.org', 'Tamekah', 'Miranda', 8381801783, 'dis@bibendumsedest.org', 2, 14, 2, 5);
INSERT INTO `SIGCO`.`Clientes` (`IdCliente`, `RazonSocial`, `Direccion`, `TelFijo`, `Email`, `NombresContacto`, `ApellidosContacto`, `CelularContacto`, `EmailContacto`, `IdTipo`, `IdActividad`, `IdClasificacion`, `IdCiudad`) VALUES (900000046, 'Venenatis Vel Industries', '7540 Cras Av.', 4838458, 'Morbi.sit.amet@porttitorvulputateposuere.edu', 'Owen', 'Fox', 2379026533, 'at.iaculis.quis@Loremipsumdolor.net', 3, 19, 2, 9);
INSERT INTO `SIGCO`.`Clientes` (`IdCliente`, `RazonSocial`, `Direccion`, `TelFijo`, `Email`, `NombresContacto`, `ApellidosContacto`, `CelularContacto`, `EmailContacto`, `IdTipo`, `IdActividad`, `IdClasificacion`, `IdCiudad`) VALUES (900000047, 'Duis Mi Enim Inc.', 'P.O. Box 713, 8208 Lacus, St.', 4366489, 'nec@Maurisvelturpis.ca', 'Germaine', 'Decker', 4560262827, 'In.scelerisque@acrisusMorbi.co.uk', 1, 4, 2, 12);
INSERT INTO `SIGCO`.`Clientes` (`IdCliente`, `RazonSocial`, `Direccion`, `TelFijo`, `Email`, `NombresContacto`, `ApellidosContacto`, `CelularContacto`, `EmailContacto`, `IdTipo`, `IdActividad`, `IdClasificacion`, `IdCiudad`) VALUES (900000048, 'Nisi Cum Sociis Industries', 'P.O. Box 750, 3525 Non Ave', 9606867, 'dis@nonummyutmolestie.com', 'Evelyn', 'Barry', 0193805379, 'quis@etrutrum.edu', 2, 5, 3, 18);
INSERT INTO `SIGCO`.`Clientes` (`IdCliente`, `RazonSocial`, `Direccion`, `TelFijo`, `Email`, `NombresContacto`, `ApellidosContacto`, `CelularContacto`, `EmailContacto`, `IdTipo`, `IdActividad`, `IdClasificacion`, `IdCiudad`) VALUES (900000049, 'Odio Phasellus Inc.', '232-1327 Tempor Avenue', 6180453, 'Nulla.dignissim@sedest.ca', 'Dahlia', 'Emerson', 2504989164, 'justo.nec.ante@pharetraQuisqueac.com', 3, 13, 1, 5);
INSERT INTO `SIGCO`.`Clientes` (`IdCliente`, `RazonSocial`, `Direccion`, `TelFijo`, `Email`, `NombresContacto`, `ApellidosContacto`, `CelularContacto`, `EmailContacto`, `IdTipo`, `IdActividad`, `IdClasificacion`, `IdCiudad`) VALUES (900000050, 'Ac Corp.', 'Ap #449-6355 Eu Av.', 9408541, 'Cras.vulputate.velit@eratinconsectetuer.org', 'Arthur', 'Simpson', 1449702966, 'Lorem@euismodacfermentum.com', 6, 22, 4, 24);
INSERT INTO `SIGCO`.`Clientes` (`IdCliente`, `RazonSocial`, `Direccion`, `TelFijo`, `Email`, `NombresContacto`, `ApellidosContacto`, `CelularContacto`, `EmailContacto`, `IdTipo`, `IdActividad`, `IdClasificacion`, `IdCiudad`) VALUES (900000051, 'Risus Limited', 'Ap #194-4129 Morbi Av.', 0024799, 'magna@dignissimmagna.org', 'Victoria', 'Duncan', 2955495910, 'Aenean@faucibuslectus.ca', 2, 11, 3, 8);
INSERT INTO `SIGCO`.`Clientes` (`IdCliente`, `RazonSocial`, `Direccion`, `TelFijo`, `Email`, `NombresContacto`, `ApellidosContacto`, `CelularContacto`, `EmailContacto`, `IdTipo`, `IdActividad`, `IdClasificacion`, `IdCiudad`) VALUES (900000052, 'Malesuada PC', '961-8126 Elit. Street', 8943784, 'massa@Sed.org', 'Germaine', 'Morton', 5176452272, 'posuere@dolorFuscemi.com', 6, 15, 4, 5);
INSERT INTO `SIGCO`.`Clientes` (`IdCliente`, `RazonSocial`, `Direccion`, `TelFijo`, `Email`, `NombresContacto`, `ApellidosContacto`, `CelularContacto`, `EmailContacto`, `IdTipo`, `IdActividad`, `IdClasificacion`, `IdCiudad`) VALUES (900000053, 'Vel Ltd', '3122 Lacus. Avenue', 6526279, 'libero.dui.nec@placerat.edu', 'Moses', 'Mccullough', 8659813735, 'purus.mauris@bibendumullamcorperDuis.com', 3, 5, 3, 25);
INSERT INTO `SIGCO`.`Clientes` (`IdCliente`, `RazonSocial`, `Direccion`, `TelFijo`, `Email`, `NombresContacto`, `ApellidosContacto`, `CelularContacto`, `EmailContacto`, `IdTipo`, `IdActividad`, `IdClasificacion`, `IdCiudad`) VALUES (900000054, 'Luctus Aliquet Odio Foundation', '2089 Eget Rd.', 1360418, 'vestibulum.Mauris.magna@Cum.com', 'Oleg', 'Maldonado', 9770236981, 'hendrerit.neque@sapien.edu', 1, 17, 2, 25);
INSERT INTO `SIGCO`.`Clientes` (`IdCliente`, `RazonSocial`, `Direccion`, `TelFijo`, `Email`, `NombresContacto`, `ApellidosContacto`, `CelularContacto`, `EmailContacto`, `IdTipo`, `IdActividad`, `IdClasificacion`, `IdCiudad`) VALUES (900000055, 'Augue Scelerisque Company', 'P.O. Box 491, 4248 Consectetuer Rd.', 6227800, 'sem.eget.massa@convallisincursus.ca', 'Karyn', 'Bryan', 8152847843, 'aptent.taciti.sociosqu@nisidictum.edu', 2, 2, 4, 28);
INSERT INTO `SIGCO`.`Clientes` (`IdCliente`, `RazonSocial`, `Direccion`, `TelFijo`, `Email`, `NombresContacto`, `ApellidosContacto`, `CelularContacto`, `EmailContacto`, `IdTipo`, `IdActividad`, `IdClasificacion`, `IdCiudad`) VALUES (900000056, 'A Aliquet Corp.', 'P.O. Box 981, 4800 Lectus Av.', 4308952, 'mi.tempor.lorem@utaliquamiaculis.co.uk', 'Keiko', 'Sullivan', 0870825951, 'Duis.at.lacus@lacusvestibulumlorem.ca', 3, 19, 1, 16);
INSERT INTO `SIGCO`.`Clientes` (`IdCliente`, `RazonSocial`, `Direccion`, `TelFijo`, `Email`, `NombresContacto`, `ApellidosContacto`, `CelularContacto`, `EmailContacto`, `IdTipo`, `IdActividad`, `IdClasificacion`, `IdCiudad`) VALUES (900000057, 'Ligula Aliquam Erat Associates', '277-5385 Velit. Avenue', 9524824, 'tortor.Integer.aliquam@mollisDuissit.net', 'Sonya', 'Larson', 2974900173, 'suscipit.nonummy@Aliquamfringilla.co.uk', 3, 18, 2, 29);
INSERT INTO `SIGCO`.`Clientes` (`IdCliente`, `RazonSocial`, `Direccion`, `TelFijo`, `Email`, `NombresContacto`, `ApellidosContacto`, `CelularContacto`, `EmailContacto`, `IdTipo`, `IdActividad`, `IdClasificacion`, `IdCiudad`) VALUES (900000058, 'Vulputate Mauris Sagittis Inc.', '553-2341 Enim, Street', 8053048, 'libero.Integer@Aliquam.edu', 'Quinlan', 'Henderson', 5189901299, 'interdum.enim@Donecnibh.net', 2, 19, 1, 3);
INSERT INTO `SIGCO`.`Clientes` (`IdCliente`, `RazonSocial`, `Direccion`, `TelFijo`, `Email`, `NombresContacto`, `ApellidosContacto`, `CelularContacto`, `EmailContacto`, `IdTipo`, `IdActividad`, `IdClasificacion`, `IdCiudad`) VALUES (900000059, 'In Molestie Tortor Inc.', 'P.O. Box 820, 4384 Risus. St.', 1032767, 'mattis.Cras@enimcommodohendrerit.org', 'Vance', 'Atkinson', 6535646242, 'nec@lacusvarius.co.uk', 4, 18, 1, 23);
INSERT INTO `SIGCO`.`Clientes` (`IdCliente`, `RazonSocial`, `Direccion`, `TelFijo`, `Email`, `NombresContacto`, `ApellidosContacto`, `CelularContacto`, `EmailContacto`, `IdTipo`, `IdActividad`, `IdClasificacion`, `IdCiudad`) VALUES (900000060, 'Nunc Id Enim LLP', 'Ap #223-379 Diam St.', 6617930, 'dictum.eleifend.nunc@nectempusmauris.edu', 'Warren', 'Williamson', 2935925196, 'diam.Sed.diam@vitaediamProin.org', 2, 22, 1, 9);
INSERT INTO `SIGCO`.`Clientes` (`IdCliente`, `RazonSocial`, `Direccion`, `TelFijo`, `Email`, `NombresContacto`, `ApellidosContacto`, `CelularContacto`, `EmailContacto`, `IdTipo`, `IdActividad`, `IdClasificacion`, `IdCiudad`) VALUES (900000061, 'Eu Sem Corporation', 'P.O. Box 293, 890 Est Av.', 7508494, 'eget.massa@lorem.org', 'Isabella', 'Weber', 6505814415, 'Maecenas.libero.est@odio.com', 4, 15, 1, 15);
INSERT INTO `SIGCO`.`Clientes` (`IdCliente`, `RazonSocial`, `Direccion`, `TelFijo`, `Email`, `NombresContacto`, `ApellidosContacto`, `CelularContacto`, `EmailContacto`, `IdTipo`, `IdActividad`, `IdClasificacion`, `IdCiudad`) VALUES (900000062, 'Donec Corporation', 'P.O. Box 970, 6427 Condimentum. St.', 5785701, 'Nunc@Maecenas.edu', 'Libby', 'Alvarado', 9959873019, 'velit@sed.net', 5, 18, 1, 3);
INSERT INTO `SIGCO`.`Clientes` (`IdCliente`, `RazonSocial`, `Direccion`, `TelFijo`, `Email`, `NombresContacto`, `ApellidosContacto`, `CelularContacto`, `EmailContacto`, `IdTipo`, `IdActividad`, `IdClasificacion`, `IdCiudad`) VALUES (900000063, 'Sed LLP', '621-7584 Proin Road', 6216194, 'Duis.gravida.Praesent@justoPraesent.com', 'Abbot', 'Ayala', 8031869374, 'mi@estMauris.com', 6, 19, 2, 25);
INSERT INTO `SIGCO`.`Clientes` (`IdCliente`, `RazonSocial`, `Direccion`, `TelFijo`, `Email`, `NombresContacto`, `ApellidosContacto`, `CelularContacto`, `EmailContacto`, `IdTipo`, `IdActividad`, `IdClasificacion`, `IdCiudad`) VALUES (900000064, 'Mus Proin Vel Corp.', 'Ap #878-4420 Suspendisse Rd.', 8822712, 'pharetra@Donecelementumlorem.com', 'Carter', 'Zamora', 3121693724, 'non@vehicula.edu', 6, 20, 2, 20);
INSERT INTO `SIGCO`.`Clientes` (`IdCliente`, `RazonSocial`, `Direccion`, `TelFijo`, `Email`, `NombresContacto`, `ApellidosContacto`, `CelularContacto`, `EmailContacto`, `IdTipo`, `IdActividad`, `IdClasificacion`, `IdCiudad`) VALUES (900000065, 'Ridiculus Mus LLP', 'P.O. Box 774, 2556 Vel Road', 5156899, 'arcu.imperdiet.ullamcorper@utlacus.co.uk', 'Hanna', 'Valdez', 1099167320, 'convallis@condimentumegetvolutpat.com', 4, 15, 3, 16);
INSERT INTO `SIGCO`.`Clientes` (`IdCliente`, `RazonSocial`, `Direccion`, `TelFijo`, `Email`, `NombresContacto`, `ApellidosContacto`, `CelularContacto`, `EmailContacto`, `IdTipo`, `IdActividad`, `IdClasificacion`, `IdCiudad`) VALUES (900000066, 'Ipsum Phasellus Vitae Company', 'Ap #307-6899 Nunc Street', 7700552, 'ligula.eu.enim@necanteMaecenas.edu', 'Maile', 'Jacobs', 2837719095, 'non.magna@posuereatvelit.edu', 5, 3, 2, 10);
INSERT INTO `SIGCO`.`Clientes` (`IdCliente`, `RazonSocial`, `Direccion`, `TelFijo`, `Email`, `NombresContacto`, `ApellidosContacto`, `CelularContacto`, `EmailContacto`, `IdTipo`, `IdActividad`, `IdClasificacion`, `IdCiudad`) VALUES (900000067, 'Gravida Nunc Corp.', 'P.O. Box 859, 8843 Eleifend Av.', 3829602, 'Nunc.mauris@metusInnec.ca', 'Ivory', 'Massey', 5982607722, 'posuere@NullamnislMaecenas.org', 3, 21, 2, 13);
INSERT INTO `SIGCO`.`Clientes` (`IdCliente`, `RazonSocial`, `Direccion`, `TelFijo`, `Email`, `NombresContacto`, `ApellidosContacto`, `CelularContacto`, `EmailContacto`, `IdTipo`, `IdActividad`, `IdClasificacion`, `IdCiudad`) VALUES (900000068, 'Non Company', '310-5820 Fames Rd.', 5907250, 'vel.sapien.imperdiet@adipiscingfringillaporttitor.edu', 'George', 'Banks', 4345329144, 'mi.pede.nonummy@ligula.co.uk', 2, 9, 2, 13);
INSERT INTO `SIGCO`.`Clientes` (`IdCliente`, `RazonSocial`, `Direccion`, `TelFijo`, `Email`, `NombresContacto`, `ApellidosContacto`, `CelularContacto`, `EmailContacto`, `IdTipo`, `IdActividad`, `IdClasificacion`, `IdCiudad`) VALUES (900000069, 'Nec Company', '403-7579 Eu St.', 2769169, 'elementum.sem.vitae@ligulaAenean.net', 'Octavia', 'Wilkerson', 5392496932, 'tellus.Aenean.egestas@Etiamligulatortor.net', 5, 10, 3, 6);
INSERT INTO `SIGCO`.`Clientes` (`IdCliente`, `RazonSocial`, `Direccion`, `TelFijo`, `Email`, `NombresContacto`, `ApellidosContacto`, `CelularContacto`, `EmailContacto`, `IdTipo`, `IdActividad`, `IdClasificacion`, `IdCiudad`) VALUES (900000070, 'Egestas Rhoncus Proin Inc.', '1756 Penatibus Rd.', 9001502, 'sociis.natoque@Nuncuterat.net', 'Judah', 'Fisher', 5404686095, 'ipsum.dolor@semperduilectus.edu', 2, 19, 3, 28);
INSERT INTO `SIGCO`.`Clientes` (`IdCliente`, `RazonSocial`, `Direccion`, `TelFijo`, `Email`, `NombresContacto`, `ApellidosContacto`, `CelularContacto`, `EmailContacto`, `IdTipo`, `IdActividad`, `IdClasificacion`, `IdCiudad`) VALUES (900000071, 'Ac Facilisis Incorporated', '724-7095 Ut, Rd.', 0702175, 'mi.tempor.lorem@Mauris.net', 'Petra', 'Delacruz', 2484196989, 'luctus.felis@fringillaeuismod.net', 2, 19, 2, 6);
INSERT INTO `SIGCO`.`Clientes` (`IdCliente`, `RazonSocial`, `Direccion`, `TelFijo`, `Email`, `NombresContacto`, `ApellidosContacto`, `CelularContacto`, `EmailContacto`, `IdTipo`, `IdActividad`, `IdClasificacion`, `IdCiudad`) VALUES (900000072, 'Dui Cum Incorporated', 'Ap #418-9913 Diam Street', 7426338, 'Integer.sem@quis.org', 'Erasmus', 'Levine', 2944776920, 'Mauris.non@Sed.net', 2, 10, 4, 26);
INSERT INTO `SIGCO`.`Clientes` (`IdCliente`, `RazonSocial`, `Direccion`, `TelFijo`, `Email`, `NombresContacto`, `ApellidosContacto`, `CelularContacto`, `EmailContacto`, `IdTipo`, `IdActividad`, `IdClasificacion`, `IdCiudad`) VALUES (900000073, 'Vitae Aliquet Nec Incorporated', 'Ap #187-6422 Amet Av.', 2783664, 'sed@convallisdolor.net', 'Halla', 'Bruce', 5136810021, 'est@risus.com', 4, 15, 4, 14);
INSERT INTO `SIGCO`.`Clientes` (`IdCliente`, `RazonSocial`, `Direccion`, `TelFijo`, `Email`, `NombresContacto`, `ApellidosContacto`, `CelularContacto`, `EmailContacto`, `IdTipo`, `IdActividad`, `IdClasificacion`, `IdCiudad`) VALUES (900000074, 'Sodales Elit Corp.', '466-1894 Lectus Av.', 3442248, 'sed.tortor@suscipitnonummy.org', 'Savannah', 'Roman', 6679747725, 'lorem.tristique@natoquepenatibuset.co.uk', 6, 14, 4, 18);
INSERT INTO `SIGCO`.`Clientes` (`IdCliente`, `RazonSocial`, `Direccion`, `TelFijo`, `Email`, `NombresContacto`, `ApellidosContacto`, `CelularContacto`, `EmailContacto`, `IdTipo`, `IdActividad`, `IdClasificacion`, `IdCiudad`) VALUES (900000075, 'Eget LLP', '868-9050 Proin Street', 7691033, 'natoque@vitae.ca', 'Indigo', 'Daniel', 5176820456, 'risus@fermentummetusAenean.edu', 5, 18, 1, 11);
INSERT INTO `SIGCO`.`Clientes` (`IdCliente`, `RazonSocial`, `Direccion`, `TelFijo`, `Email`, `NombresContacto`, `ApellidosContacto`, `CelularContacto`, `EmailContacto`, `IdTipo`, `IdActividad`, `IdClasificacion`, `IdCiudad`) VALUES (900000076, 'Vulputate Ullamcorper Magna Foundation', 'P.O. Box 293, 5254 Lorem, Road', 9343687, 'elit.Curabitur.sed@Quisquenonummy.net', 'Tatum', 'Holt', 7705603256, 'Vivamus@vestibulum.edu', 3, 14, 3, 20);
INSERT INTO `SIGCO`.`Clientes` (`IdCliente`, `RazonSocial`, `Direccion`, `TelFijo`, `Email`, `NombresContacto`, `ApellidosContacto`, `CelularContacto`, `EmailContacto`, `IdTipo`, `IdActividad`, `IdClasificacion`, `IdCiudad`) VALUES (900000077, 'Neque Corp.', 'P.O. Box 670, 273 Egestas. Street', 2822266, 'convallis.dolor.Quisque@Nullatempor.net', 'Maryam', 'Sherman', 4407887613, 'pellentesque.Sed.dictum@accumsaninterdum.ca', 4, 9, 4, 4);
INSERT INTO `SIGCO`.`Clientes` (`IdCliente`, `RazonSocial`, `Direccion`, `TelFijo`, `Email`, `NombresContacto`, `ApellidosContacto`, `CelularContacto`, `EmailContacto`, `IdTipo`, `IdActividad`, `IdClasificacion`, `IdCiudad`) VALUES (900000078, 'Vel Quam Corp.', 'P.O. Box 416, 1066 Dui Road', 7602274, 'In@ipsumnonarcu.co.uk', 'Vera', 'Hartman', 2190356115, 'mollis.vitae.posuere@ipsumprimisin.ca', 5, 1, 1, 3);
INSERT INTO `SIGCO`.`Clientes` (`IdCliente`, `RazonSocial`, `Direccion`, `TelFijo`, `Email`, `NombresContacto`, `ApellidosContacto`, `CelularContacto`, `EmailContacto`, `IdTipo`, `IdActividad`, `IdClasificacion`, `IdCiudad`) VALUES (900000079, 'Proin Industries', '5695 Litora Road', 8829114, 'Mauris.vestibulum.neque@montes.org', 'Sarah', 'Rocha', 1088608330, 'ligula.Aliquam.erat@rhoncusDonecest.com', 1, 21, 4, 9);
INSERT INTO `SIGCO`.`Clientes` (`IdCliente`, `RazonSocial`, `Direccion`, `TelFijo`, `Email`, `NombresContacto`, `ApellidosContacto`, `CelularContacto`, `EmailContacto`, `IdTipo`, `IdActividad`, `IdClasificacion`, `IdCiudad`) VALUES (900000080, 'Magna Incorporated', 'Ap #789-8748 Libero Rd.', 9514709, 'scelerisque@fringillaeuismod.net', 'Amity', 'Barker', 1767638270, 'orci.Phasellus@enim.edu', 5, 15, 3, 24);
INSERT INTO `SIGCO`.`Clientes` (`IdCliente`, `RazonSocial`, `Direccion`, `TelFijo`, `Email`, `NombresContacto`, `ApellidosContacto`, `CelularContacto`, `EmailContacto`, `IdTipo`, `IdActividad`, `IdClasificacion`, `IdCiudad`) VALUES (900000081, 'Ante Iaculis Inc.', '2756 Orci. St.', 8937286, 'Suspendisse@nonsapienmolestie.net', 'Lani', 'Pickett', 5748437336, 'non.quam.Pellentesque@estMauris.co.uk', 5, 16, 4, 21);
INSERT INTO `SIGCO`.`Clientes` (`IdCliente`, `RazonSocial`, `Direccion`, `TelFijo`, `Email`, `NombresContacto`, `ApellidosContacto`, `CelularContacto`, `EmailContacto`, `IdTipo`, `IdActividad`, `IdClasificacion`, `IdCiudad`) VALUES (900000082, 'Nonummy Ultricies Inc.', 'P.O. Box 940, 3119 Augue, St.', 8348080, 'ullamcorper@vulputatemauris.ca', 'Daphne', 'Hawkins', 4522664028, 'pretium.et.rutrum@nullaDonec.co.uk', 4, 19, 2, 7);
INSERT INTO `SIGCO`.`Clientes` (`IdCliente`, `RazonSocial`, `Direccion`, `TelFijo`, `Email`, `NombresContacto`, `ApellidosContacto`, `CelularContacto`, `EmailContacto`, `IdTipo`, `IdActividad`, `IdClasificacion`, `IdCiudad`) VALUES (900000083, 'Erat PC', '281-4136 Nunc, Av.', 0741110, 'augue.eu@rutrumjustoPraesent.net', 'Xavier', 'Keith', 0202501337, 'justo.eu@malesuadafringilla.co.uk', 2, 9, 4, 30);
INSERT INTO `SIGCO`.`Clientes` (`IdCliente`, `RazonSocial`, `Direccion`, `TelFijo`, `Email`, `NombresContacto`, `ApellidosContacto`, `CelularContacto`, `EmailContacto`, `IdTipo`, `IdActividad`, `IdClasificacion`, `IdCiudad`) VALUES (900000084, 'Vel Turpis Aliquam Corporation', '161-2528 Natoque St.', 6843205, 'neque.non@est.edu', 'Orla', 'Atkinson', 4791313204, 'mi.lorem.vehicula@sapienmolestieorci.ca', 1, 11, 4, 8);
INSERT INTO `SIGCO`.`Clientes` (`IdCliente`, `RazonSocial`, `Direccion`, `TelFijo`, `Email`, `NombresContacto`, `ApellidosContacto`, `CelularContacto`, `EmailContacto`, `IdTipo`, `IdActividad`, `IdClasificacion`, `IdCiudad`) VALUES (900000085, 'Vulputate Company', '7545 Egestas. St.', 5270664, 'Pellentesque@dui.net', 'Walter', 'Wheeler', 9754011743, 'et.nunc.Quisque@sagittis.edu', 3, 18, 2, 15);
INSERT INTO `SIGCO`.`Clientes` (`IdCliente`, `RazonSocial`, `Direccion`, `TelFijo`, `Email`, `NombresContacto`, `ApellidosContacto`, `CelularContacto`, `EmailContacto`, `IdTipo`, `IdActividad`, `IdClasificacion`, `IdCiudad`) VALUES (900000086, 'Imperdiet LLP', 'P.O. Box 402, 1844 Ornare St.', 8943505, 'pellentesque@Nullam.co.uk', 'Samuel', 'Douglas', 7464370134, 'Donec@orci.co.uk', 3, 18, 3, 12);
INSERT INTO `SIGCO`.`Clientes` (`IdCliente`, `RazonSocial`, `Direccion`, `TelFijo`, `Email`, `NombresContacto`, `ApellidosContacto`, `CelularContacto`, `EmailContacto`, `IdTipo`, `IdActividad`, `IdClasificacion`, `IdCiudad`) VALUES (900000087, 'Mi Eleifend Egestas Inc.', 'P.O. Box 947, 9500 Id Rd.', 4276381, 'vulputate.eu@ac.ca', 'Anastasia', 'Hensley', 2962723619, 'ullamcorper@DonecnibhQuisque.org', 6, 1, 4, 12);
INSERT INTO `SIGCO`.`Clientes` (`IdCliente`, `RazonSocial`, `Direccion`, `TelFijo`, `Email`, `NombresContacto`, `ApellidosContacto`, `CelularContacto`, `EmailContacto`, `IdTipo`, `IdActividad`, `IdClasificacion`, `IdCiudad`) VALUES (900000088, 'Sit Amet Inc.', 'P.O. Box 828, 7599 Lorem, Rd.', 7551444, 'lorem.eget@consequatauctor.com', 'Nola', 'Atkins', 0271313895, 'Donec.tincidunt.Donec@Maecenasmalesuadafringilla.net', 6, 3, 3, 23);
INSERT INTO `SIGCO`.`Clientes` (`IdCliente`, `RazonSocial`, `Direccion`, `TelFijo`, `Email`, `NombresContacto`, `ApellidosContacto`, `CelularContacto`, `EmailContacto`, `IdTipo`, `IdActividad`, `IdClasificacion`, `IdCiudad`) VALUES (900000089, 'Felis Eget Varius Associates', 'Ap #253-5367 Curabitur Ave', 0677545, 'elit@vellectus.ca', 'Clarke', 'Hutchinson', 9146970766, 'varius.Nam.porttitor@sed.edu', 1, 19, 4, 3);
INSERT INTO `SIGCO`.`Clientes` (`IdCliente`, `RazonSocial`, `Direccion`, `TelFijo`, `Email`, `NombresContacto`, `ApellidosContacto`, `CelularContacto`, `EmailContacto`, `IdTipo`, `IdActividad`, `IdClasificacion`, `IdCiudad`) VALUES (900000090, 'Orci Luctus Et PC', '590-5728 Sem Rd.', 3271189, 'facilisi.Sed@Aliquam.co.uk', 'Meghan', 'Henson', 0676354217, 'lectus.pede@tempusnon.com', 2, 20, 4, 13);
INSERT INTO `SIGCO`.`Clientes` (`IdCliente`, `RazonSocial`, `Direccion`, `TelFijo`, `Email`, `NombresContacto`, `ApellidosContacto`, `CelularContacto`, `EmailContacto`, `IdTipo`, `IdActividad`, `IdClasificacion`, `IdCiudad`) VALUES (900000091, 'In Tincidunt LLP', 'P.O. Box 642, 2171 Sit St.', 8026130, 'Cras.convallis.convallis@accumsan.com', 'Charles', 'Wiley', 7530994494, 'a.malesuada.id@convalliserateget.net', 4, 8, 2, 18);
INSERT INTO `SIGCO`.`Clientes` (`IdCliente`, `RazonSocial`, `Direccion`, `TelFijo`, `Email`, `NombresContacto`, `ApellidosContacto`, `CelularContacto`, `EmailContacto`, `IdTipo`, `IdActividad`, `IdClasificacion`, `IdCiudad`) VALUES (900000092, 'Ullamcorper Viverra Maecenas Incorporated', 'Ap #722-9153 In, Av.', 7629359, 'nec.orci.Donec@consequatauctor.co.uk', 'Daryl', 'Kemp', 4967188002, 'Nullam@Quisqueporttitoreros.net', 1, 14, 4, 17);
INSERT INTO `SIGCO`.`Clientes` (`IdCliente`, `RazonSocial`, `Direccion`, `TelFijo`, `Email`, `NombresContacto`, `ApellidosContacto`, `CelularContacto`, `EmailContacto`, `IdTipo`, `IdActividad`, `IdClasificacion`, `IdCiudad`) VALUES (900000093, 'Sit Institute', '534-8054 Gravida Av.', 0333191, 'dictum.augue.malesuada@tristique.org', 'Bianca', 'Matthews', 8579200371, 'neque.vitae@arcuimperdiet.org', 1, 6, 3, 11);
INSERT INTO `SIGCO`.`Clientes` (`IdCliente`, `RazonSocial`, `Direccion`, `TelFijo`, `Email`, `NombresContacto`, `ApellidosContacto`, `CelularContacto`, `EmailContacto`, `IdTipo`, `IdActividad`, `IdClasificacion`, `IdCiudad`) VALUES (900000094, 'Vel Faucibus Institute', 'Ap #831-4380 Ac Av.', 5135847, 'massa.lobortis@lorem.co.uk', 'Noah', 'Barlow', 3032561084, 'et.commodo.at@at.net', 1, 12, 1, 16);
INSERT INTO `SIGCO`.`Clientes` (`IdCliente`, `RazonSocial`, `Direccion`, `TelFijo`, `Email`, `NombresContacto`, `ApellidosContacto`, `CelularContacto`, `EmailContacto`, `IdTipo`, `IdActividad`, `IdClasificacion`, `IdCiudad`) VALUES (900000095, 'Euismod Et Corp.', '884-5333 Ut Rd.', 0982399, 'natoque.penatibus.et@aliquetvelvulputate.net', 'Aquila', 'Farmer', 4415453745, 'nulla.Integer.vulputate@egetlacus.co.uk', 1, 17, 1, 6);
INSERT INTO `SIGCO`.`Clientes` (`IdCliente`, `RazonSocial`, `Direccion`, `TelFijo`, `Email`, `NombresContacto`, `ApellidosContacto`, `CelularContacto`, `EmailContacto`, `IdTipo`, `IdActividad`, `IdClasificacion`, `IdCiudad`) VALUES (900000096, 'Massa Industries', '9955 Et St.', 0508240, 'lectus.sit.amet@hymenaeosMauris.org', 'Lynn', 'Mcneil', 3541614942, 'per@ametconsectetuer.edu', 3, 18, 1, 25);
INSERT INTO `SIGCO`.`Clientes` (`IdCliente`, `RazonSocial`, `Direccion`, `TelFijo`, `Email`, `NombresContacto`, `ApellidosContacto`, `CelularContacto`, `EmailContacto`, `IdTipo`, `IdActividad`, `IdClasificacion`, `IdCiudad`) VALUES (900000097, 'Ac Facilisis Facilisis Associates', 'P.O. Box 251, 5206 Egestas Rd.', 2081806, 'est.tempor@nunc.ca', 'Mari', 'Howell', 1787706463, 'dis.parturient.montes@eu.ca', 4, 13, 3, 19);
INSERT INTO `SIGCO`.`Clientes` (`IdCliente`, `RazonSocial`, `Direccion`, `TelFijo`, `Email`, `NombresContacto`, `ApellidosContacto`, `CelularContacto`, `EmailContacto`, `IdTipo`, `IdActividad`, `IdClasificacion`, `IdCiudad`) VALUES (900000098, 'Tellus Id Corp.', '2820 Duis Rd.', 7740186, 'venenatis@Nunccommodo.com', 'Olivia', 'Chase', 0418973865, 'metus.facilisis.lorem@Utsemper.ca', 5, 13, 4, 2);
INSERT INTO `SIGCO`.`Clientes` (`IdCliente`, `RazonSocial`, `Direccion`, `TelFijo`, `Email`, `NombresContacto`, `ApellidosContacto`, `CelularContacto`, `EmailContacto`, `IdTipo`, `IdActividad`, `IdClasificacion`, `IdCiudad`) VALUES (900000099, 'Arcu Vivamus Inc.', 'P.O. Box 729, 8740 Porttitor Av.', 3855420, 'In.tincidunt.congue@ipsumCurabiturconsequat.ca', 'Lilah', 'Richard', 6490726246, 'mi.enim.condimentum@luctusutpellentesque.net', 6, 17, 1, 25);

COMMIT;


-- -----------------------------------------------------
-- Data for table `SIGCO`.`Presentaciones`
-- -----------------------------------------------------
START TRANSACTION;
USE `SIGCO`;
INSERT INTO `SIGCO`.`Presentaciones` (`IdPresentacion`, `Nombre`) VALUES (IdPresentacion, 'Nombre');
INSERT INTO `SIGCO`.`Presentaciones` (`IdPresentacion`, `Nombre`) VALUES (1, 'GOTERO PLASTICO 60 C.C');
INSERT INTO `SIGCO`.`Presentaciones` (`IdPresentacion`, `Nombre`) VALUES (2, 'GOTERO PLASTICO 10 C.C');
INSERT INTO `SIGCO`.`Presentaciones` (`IdPresentacion`, `Nombre`) VALUES (3, 'AMBAR LITRO 500 C.C');
INSERT INTO `SIGCO`.`Presentaciones` (`IdPresentacion`, `Nombre`) VALUES (4, 'AMBAR 90 C.C');
INSERT INTO `SIGCO`.`Presentaciones` (`IdPresentacion`, `Nombre`) VALUES (5, 'AMBAR 30 ML');
INSERT INTO `SIGCO`.`Presentaciones` (`IdPresentacion`, `Nombre`) VALUES (6, 'PASTILLERO REDONDO');
INSERT INTO `SIGCO`.`Presentaciones` (`IdPresentacion`, `Nombre`) VALUES (7, 'GOTERO PLASTICO 30 C.C');
INSERT INTO `SIGCO`.`Presentaciones` (`IdPresentacion`, `Nombre`) VALUES (8, 'GOTERO PLASTICO 5 C.C');
INSERT INTO `SIGCO`.`Presentaciones` (`IdPresentacion`, `Nombre`) VALUES (9, 'AMBAR 250 C.C');
INSERT INTO `SIGCO`.`Presentaciones` (`IdPresentacion`, `Nombre`) VALUES (10, 'AMBAR 60 C.C');
INSERT INTO `SIGCO`.`Presentaciones` (`IdPresentacion`, `Nombre`) VALUES (11, 'AMBAR ONZA');
INSERT INTO `SIGCO`.`Presentaciones` (`IdPresentacion`, `Nombre`) VALUES (12, 'GOTERO PLASTICO 20 C.C');
INSERT INTO `SIGCO`.`Presentaciones` (`IdPresentacion`, `Nombre`) VALUES (13, 'GOTERO PLASTICO 10 C.C');
INSERT INTO `SIGCO`.`Presentaciones` (`IdPresentacion`, `Nombre`) VALUES (14, 'AMBAR 120 C.C');
INSERT INTO `SIGCO`.`Presentaciones` (`IdPresentacion`, `Nombre`) VALUES (15, 'AMBAR 45 C.C');
INSERT INTO `SIGCO`.`Presentaciones` (`IdPresentacion`, `Nombre`) VALUES (16, 'GOTERO');
INSERT INTO `SIGCO`.`Presentaciones` (`IdPresentacion`, `Nombre`) VALUES (17, 'GOTERO PLASTICO 15 C.C');
INSERT INTO `SIGCO`.`Presentaciones` (`IdPresentacion`, `Nombre`) VALUES (18, 'AMBAR LITRO');
INSERT INTO `SIGCO`.`Presentaciones` (`IdPresentacion`, `Nombre`) VALUES (19, 'AMBAR 100 C.C');
INSERT INTO `SIGCO`.`Presentaciones` (`IdPresentacion`, `Nombre`) VALUES (20, 'AMBAR 30 C.C');
INSERT INTO `SIGCO`.`Presentaciones` (`IdPresentacion`, `Nombre`) VALUES (21, 'PASTILLERO LARGO');

COMMIT;


-- -----------------------------------------------------
-- Data for table `SIGCO`.`CategoriasProductos`
-- -----------------------------------------------------
START TRANSACTION;
USE `SIGCO`;
INSERT INTO `SIGCO`.`CategoriasProductos` (`IdCategoria`, `Nombre`) VALUES (1, ' ACEITES');
INSERT INTO `SIGCO`.`CategoriasProductos` (`IdCategoria`, `Nombre`) VALUES (2, ' AGUAS DE COLONIA');
INSERT INTO `SIGCO`.`CategoriasProductos` (`IdCategoria`, `Nombre`) VALUES (3, ' AGUAS DE TOCADOR');
INSERT INTO `SIGCO`.`CategoriasProductos` (`IdCategoria`, `Nombre`) VALUES (4, ' BRILLANTINAS');
INSERT INTO `SIGCO`.`CategoriasProductos` (`IdCategoria`, `Nombre`) VALUES (5, ' CHAMPÚS');
INSERT INTO `SIGCO`.`CategoriasProductos` (`IdCategoria`, `Nombre`) VALUES (6, ' CREMAS');
INSERT INTO `SIGCO`.`CategoriasProductos` (`IdCategoria`, `Nombre`) VALUES (7, ' DEPILATORIOS');
INSERT INTO `SIGCO`.`CategoriasProductos` (`IdCategoria`, `Nombre`) VALUES (8, ' DESODORANTES Y ANTITRANSPIRANTES');
INSERT INTO `SIGCO`.`CategoriasProductos` (`IdCategoria`, `Nombre`) VALUES (9, ' EMULSIONES');
INSERT INTO `SIGCO`.`CategoriasProductos` (`IdCategoria`, `Nombre`) VALUES (10, ' ESPUMAS');
INSERT INTO `SIGCO`.`CategoriasProductos` (`IdCategoria`, `Nombre`) VALUES (11, ' ESPUMAS');
INSERT INTO `SIGCO`.`CategoriasProductos` (`IdCategoria`, `Nombre`) VALUES (12, ' GELES');
INSERT INTO `SIGCO`.`CategoriasProductos` (`IdCategoria`, `Nombre`) VALUES (13, ' GELES Y ACEITES PARA LA PIEL');
INSERT INTO `SIGCO`.`CategoriasProductos` (`IdCategoria`, `Nombre`) VALUES (14, ' JABÓN DE TOCADOR');
INSERT INTO `SIGCO`.`CategoriasProductos` (`IdCategoria`, `Nombre`) VALUES (15, ' JABÓN DESODORANTE');
INSERT INTO `SIGCO`.`CategoriasProductos` (`IdCategoria`, `Nombre`) VALUES (16, ' LACAS');
INSERT INTO `SIGCO`.`CategoriasProductos` (`IdCategoria`, `Nombre`) VALUES (17, ' LOCIONES');
INSERT INTO `SIGCO`.`CategoriasProductos` (`IdCategoria`, `Nombre`) VALUES (18, ' LOCIONES');
INSERT INTO `SIGCO`.`CategoriasProductos` (`IdCategoria`, `Nombre`) VALUES (19, ' MAQUILLAJE ');
INSERT INTO `SIGCO`.`CategoriasProductos` (`IdCategoria`, `Nombre`) VALUES (20, ' MÁSCARAS DE BELLEZA ');
INSERT INTO `SIGCO`.`CategoriasProductos` (`IdCategoria`, `Nombre`) VALUES (21, ' OTROS PRODUCTOS PARA EL PEINADO');
INSERT INTO `SIGCO`.`CategoriasProductos` (`IdCategoria`, `Nombre`) VALUES (22, ' PARA DESRIZAR Y FIJAR');
INSERT INTO `SIGCO`.`CategoriasProductos` (`IdCategoria`, `Nombre`) VALUES (23, ' PASTAS');
INSERT INTO `SIGCO`.`CategoriasProductos` (`IdCategoria`, `Nombre`) VALUES (24, ' PERFUMES');
INSERT INTO `SIGCO`.`CategoriasProductos` (`IdCategoria`, `Nombre`) VALUES (25, ' POLVOS');
INSERT INTO `SIGCO`.`CategoriasProductos` (`IdCategoria`, `Nombre`) VALUES (26, ' POLVOS');
INSERT INTO `SIGCO`.`CategoriasProductos` (`IdCategoria`, `Nombre`) VALUES (27, ' POLVOS DE MAQUILLAJE');
INSERT INTO `SIGCO`.`CategoriasProductos` (`IdCategoria`, `Nombre`) VALUES (28, ' POLVOS PARA UTILIZAR DESPUÉS DEL BAÑO Y PARA LA HIGIENE CORPORAL');
INSERT INTO `SIGCO`.`CategoriasProductos` (`IdCategoria`, `Nombre`) VALUES (29, ' PRODUCTOS ACONDICIONADORES ');
INSERT INTO `SIGCO`.`CategoriasProductos` (`IdCategoria`, `Nombre`) VALUES (30, ' PRODUCTOS ANTIARRUGAS');
INSERT INTO `SIGCO`.`CategoriasProductos` (`IdCategoria`, `Nombre`) VALUES (31, ' PRODUCTOS BLANQUEADORES DE LA PIEL');
INSERT INTO `SIGCO`.`CategoriasProductos` (`IdCategoria`, `Nombre`) VALUES (32, ' PRODUCTOS CAPILARES: ');
INSERT INTO `SIGCO`.`CategoriasProductos` (`IdCategoria`, `Nombre`) VALUES (33, ' PRODUCTOS DE LIMPIEZA ');
INSERT INTO `SIGCO`.`CategoriasProductos` (`IdCategoria`, `Nombre`) VALUES (34, ' PRODUCTOS PARA BAÑO Y DUCHA ');
INSERT INTO `SIGCO`.`CategoriasProductos` (`IdCategoria`, `Nombre`) VALUES (35, ' PRODUCTOS PARA BRONCEADO SIN SOL');
INSERT INTO `SIGCO`.`CategoriasProductos` (`IdCategoria`, `Nombre`) VALUES (36, ' PRODUCTOS PARA CUIDADO BUCAL Y DENTAL');
INSERT INTO `SIGCO`.`CategoriasProductos` (`IdCategoria`, `Nombre`) VALUES (37, ' PRODUCTOS PARA CUIDADO ÍNTIMO EXTERNO');
INSERT INTO `SIGCO`.`CategoriasProductos` (`IdCategoria`, `Nombre`) VALUES (38, ' PRODUCTOS PARA CUIDADO Y MAQUILLAJE DE LAS UÑAS');
INSERT INTO `SIGCO`.`CategoriasProductos` (`IdCategoria`, `Nombre`) VALUES (39, ' PRODUCTOS PARA EL AFEITADO ');
INSERT INTO `SIGCO`.`CategoriasProductos` (`IdCategoria`, `Nombre`) VALUES (40, ' PRODUCTOS PARA EL MAQUILLAJE Y DESMAQUILLAJE DE LA CARA Y LOS OJOS');
INSERT INTO `SIGCO`.`CategoriasProductos` (`IdCategoria`, `Nombre`) VALUES (41, ' PRODUCTOS PARA LOS LABIOS');
INSERT INTO `SIGCO`.`CategoriasProductos` (`IdCategoria`, `Nombre`) VALUES (42, ' PRODUCTOS PARA MOLDEAR');
INSERT INTO `SIGCO`.`CategoriasProductos` (`IdCategoria`, `Nombre`) VALUES (43, ' PRODUCTOS QUE AYUDAN A MANTENER EL PEINADO');
INSERT INTO `SIGCO`.`CategoriasProductos` (`IdCategoria`, `Nombre`) VALUES (44, ' PRODUCTOS SOLARES');
INSERT INTO `SIGCO`.`CategoriasProductos` (`IdCategoria`, `Nombre`) VALUES (45, ' TINTES Y DECOLORANTES');
INSERT INTO `SIGCO`.`CategoriasProductos` (`IdCategoria`, `Nombre`) VALUES (46, 'JABONES');
INSERT INTO `SIGCO`.`CategoriasProductos` (`IdCategoria`, `Nombre`) VALUES (47, 'LÍQUIDOS');
INSERT INTO `SIGCO`.`CategoriasProductos` (`IdCategoria`, `Nombre`) VALUES (48, 'LOCIONES');
INSERT INTO `SIGCO`.`CategoriasProductos` (`IdCategoria`, `Nombre`) VALUES (49, 'LOCIONES');
INSERT INTO `SIGCO`.`CategoriasProductos` (`IdCategoria`, `Nombre`) VALUES (50, 'SALES');

COMMIT;


-- -----------------------------------------------------
-- Data for table `SIGCO`.`Impuestos`
-- -----------------------------------------------------
START TRANSACTION;
USE `SIGCO`;
INSERT INTO `SIGCO`.`Impuestos` (`IdIva`, `Porcentaje`) VALUES (1, 0);
INSERT INTO `SIGCO`.`Impuestos` (`IdIva`, `Porcentaje`) VALUES (2, 5);
INSERT INTO `SIGCO`.`Impuestos` (`IdIva`, `Porcentaje`) VALUES (3, 16);

COMMIT;


-- -----------------------------------------------------
-- Data for table `SIGCO`.`Productos`
-- -----------------------------------------------------
START TRANSACTION;
USE `SIGCO`;
INSERT INTO `SIGCO`.`Productos` (`IdProducto`, `Nombre`, `Descripcion`, `UnidadMedida`, `IdIva`, `ValorBase`, `IdPresentacion`, `IdCategoria`, `Estado`, `rutaImagen`) VALUES (1, 'Simvastatin', 'In scelerisque scelerisque dui. Suspendisse ac metus vitae', 'cm3', 1, 31316, 8, 39, 1, 'SinCargarImagen');
INSERT INTO `SIGCO`.`Productos` (`IdProducto`, `Nombre`, `Descripcion`, `UnidadMedida`, `IdIva`, `ValorBase`, `IdPresentacion`, `IdCategoria`, `Estado`, `rutaImagen`) VALUES (2, 'Hydrochlorothiazide', 'tincidunt', 'mm3', 2, 115070, 14, 15, 1, 'SinCargarImagen');
INSERT INTO `SIGCO`.`Productos` (`IdProducto`, `Nombre`, `Descripcion`, `UnidadMedida`, `IdIva`, `ValorBase`, `IdPresentacion`, `IdCategoria`, `Estado`, `rutaImagen`) VALUES (3, 'Lidoderm', 'vestibulum lorem, sit amet ultricies sem magna nec quam. Curabitur vel lectus.', 'cm3', 3, 197805, 16, 34, 1, 'SinCargarImagen');
INSERT INTO `SIGCO`.`Productos` (`IdProducto`, `Nombre`, `Descripcion`, `UnidadMedida`, `IdIva`, `ValorBase`, `IdPresentacion`, `IdCategoria`, `Estado`, `rutaImagen`) VALUES (4, 'Triamterene/Hydrochlorothiazide', 'ipsum dolor sit amet, consectetuer adipiscing elit. Aliquam', 'cm3', 1, 175823, 21, 46, 1, 'SinCargarImagen');
INSERT INTO `SIGCO`.`Productos` (`IdProducto`, `Nombre`, `Descripcion`, `UnidadMedida`, `IdIva`, `ValorBase`, `IdPresentacion`, `IdCategoria`, `Estado`, `rutaImagen`) VALUES (5, 'Amoxicillin Trihydrate/Potassium Clavulanate', 'lacinia vitae, sodales at, velit. Pellentesque ultricies dignissim lacus. Aliquam rutrum lorem ac risus.', 'dm3', 1, 88273, 6, 25, 1, 'SinCargarImagen');
INSERT INTO `SIGCO`.`Productos` (`IdProducto`, `Nombre`, `Descripcion`, `UnidadMedida`, `IdIva`, `ValorBase`, `IdPresentacion`, `IdCategoria`, `Estado`, `rutaImagen`) VALUES (6, 'Zolpidem Tartrate', 'et, magna. Praesent interdum ligula eu enim. Etiam imperdiet dictum magna. Ut tincidunt orci quis lectus.', 'cm3', 3, 196841, 12, 1, 1, 'SinCargarImagen');
INSERT INTO `SIGCO`.`Productos` (`IdProducto`, `Nombre`, `Descripcion`, `UnidadMedida`, `IdIva`, `ValorBase`, `IdPresentacion`, `IdCategoria`, `Estado`, `rutaImagen`) VALUES (7, 'Metoprolol Succinate', 'Cras dolor dolor, tempus non, lacinia at, iaculis quis, pede. Praesent eu dui. Cum sociis natoque penatibus et magnis dis', 'cm3', 2, 24127, 2, 25, 1, 'SinCargarImagen');
INSERT INTO `SIGCO`.`Productos` (`IdProducto`, `Nombre`, `Descripcion`, `UnidadMedida`, `IdIva`, `ValorBase`, `IdPresentacion`, `IdCategoria`, `Estado`, `rutaImagen`) VALUES (8, 'Sertraline HCl', 'ipsum dolor sit amet,', 'cm3', 2, 70849, 18, 17, 1, 'SinCargarImagen');
INSERT INTO `SIGCO`.`Productos` (`IdProducto`, `Nombre`, `Descripcion`, `UnidadMedida`, `IdIva`, `ValorBase`, `IdPresentacion`, `IdCategoria`, `Estado`, `rutaImagen`) VALUES (9, 'Alprazolam', 'pede. Suspendisse dui. Fusce diam nunc, ullamcorper eu,', 'cm3', 3, 101573, 12, 5, 0, 'SinCargarImagen');
INSERT INTO `SIGCO`.`Productos` (`IdProducto`, `Nombre`, `Descripcion`, `UnidadMedida`, `IdIva`, `ValorBase`, `IdPresentacion`, `IdCategoria`, `Estado`, `rutaImagen`) VALUES (10, 'Nasonex', 'Nullam velit dui, semper et, lacinia vitae, sodales at, velit. Pellentesque ultricies dignissim lacus.', 'dm3', 2, 39843, 21, 41, 1, 'SinCargarImagen');
INSERT INTO `SIGCO`.`Productos` (`IdProducto`, `Nombre`, `Descripcion`, `UnidadMedida`, `IdIva`, `ValorBase`, `IdPresentacion`, `IdCategoria`, `Estado`, `rutaImagen`) VALUES (11, 'Lexapro', 'mauris eu elit. Nulla facilisi. Sed neque. Sed eget lacus.', 'dm3', 1, 49007, 4, 3, 1, 'SinCargarImagen');
INSERT INTO `SIGCO`.`Productos` (`IdProducto`, `Nombre`, `Descripcion`, `UnidadMedida`, `IdIva`, `ValorBase`, `IdPresentacion`, `IdCategoria`, `Estado`, `rutaImagen`) VALUES (12, 'Spiriva Handihaler', 'Aliquam rutrum lorem ac risus. Morbi metus. Vivamus euismod urna. Nullam lobortis quam a felis', 'dm3', 2, 59717, 3, 49, 1, 'SinCargarImagen');
INSERT INTO `SIGCO`.`Productos` (`IdProducto`, `Nombre`, `Descripcion`, `UnidadMedida`, `IdIva`, `ValorBase`, `IdPresentacion`, `IdCategoria`, `Estado`, `rutaImagen`) VALUES (13, 'Diovan', 'suscipit, est ac facilisis facilisis, magna tellus faucibus leo, in lobortis tellus justo sit', 'cm3', 3, 17864, 11, 47, 1, 'SinCargarImagen');
INSERT INTO `SIGCO`.`Productos` (`IdProducto`, `Nombre`, `Descripcion`, `UnidadMedida`, `IdIva`, `ValorBase`, `IdPresentacion`, `IdCategoria`, `Estado`, `rutaImagen`) VALUES (14, 'Sertraline HCl', 'porttitor tellus non magna. Nam ligula elit, pretium et, rutrum non, hendrerit id, ante. Nunc mauris sapien, cursus', 'mm3', 1, 199197, 7, 24, 1, 'SinCargarImagen');
INSERT INTO `SIGCO`.`Productos` (`IdProducto`, `Nombre`, `Descripcion`, `UnidadMedida`, `IdIva`, `ValorBase`, `IdPresentacion`, `IdCategoria`, `Estado`, `rutaImagen`) VALUES (15, 'Lisinopril', 'nunc, ullamcorper eu, euismod ac, fermentum vel, mauris.', 'cm3', 2, 131063, 16, 37, 1, 'SinCargarImagen');
INSERT INTO `SIGCO`.`Productos` (`IdProducto`, `Nombre`, `Descripcion`, `UnidadMedida`, `IdIva`, `ValorBase`, `IdPresentacion`, `IdCategoria`, `Estado`, `rutaImagen`) VALUES (16, 'Losartan Potassium', 'tempus eu, ligula. Aenean euismod mauris eu elit. Nulla facilisi. Sed neque. Sed eget lacus. Mauris non dui nec', 'dm3', 2, 153260, 18, 33, 1, 'SinCargarImagen');
INSERT INTO `SIGCO`.`Productos` (`IdProducto`, `Nombre`, `Descripcion`, `UnidadMedida`, `IdIva`, `ValorBase`, `IdPresentacion`, `IdCategoria`, `Estado`, `rutaImagen`) VALUES (17, 'Januvia', 'egestas rhoncus. Proin nisl sem, consequat nec, mollis vitae, posuere', 'mm3', 1, 48966, 13, 33, 1, 'SinCargarImagen');
INSERT INTO `SIGCO`.`Productos` (`IdProducto`, `Nombre`, `Descripcion`, `UnidadMedida`, `IdIva`, `ValorBase`, `IdPresentacion`, `IdCategoria`, `Estado`, `rutaImagen`) VALUES (18, 'Flovent HFA', 'Donec tincidunt. Donec vitae erat vel pede blandit congue.', 'cm3', 3, 144254, 5, 29, 1, 'SinCargarImagen');
INSERT INTO `SIGCO`.`Productos` (`IdProducto`, `Nombre`, `Descripcion`, `UnidadMedida`, `IdIva`, `ValorBase`, `IdPresentacion`, `IdCategoria`, `Estado`, `rutaImagen`) VALUES (19, 'Actos', 'mi. Aliquam gravida mauris ut mi. Duis risus odio, auctor vitae, aliquet nec, imperdiet', 'dm3', 3, 167542, 10, 19, 1, 'SinCargarImagen');
INSERT INTO `SIGCO`.`Productos` (`IdProducto`, `Nombre`, `Descripcion`, `UnidadMedida`, `IdIva`, `ValorBase`, `IdPresentacion`, `IdCategoria`, `Estado`, `rutaImagen`) VALUES (20, 'Pantoprazole Sodium', 'In faucibus. Morbi vehicula. Pellentesque tincidunt tempus risus. Donec egestas. Duis ac arcu. Nunc mauris. Morbi non sapien', 'dm3', 1, 174090, 15, 50, 1, 'SinCargarImagen');
INSERT INTO `SIGCO`.`Productos` (`IdProducto`, `Nombre`, `Descripcion`, `UnidadMedida`, `IdIva`, `ValorBase`, `IdPresentacion`, `IdCategoria`, `Estado`, `rutaImagen`) VALUES (21, 'Fluticasone Propionate', 'in felis. Nulla tempor augue ac ipsum. Phasellus vitae mauris sit amet lorem semper', 'mm3', 1, 121483, 1, 26, 1, 'SinCargarImagen');
INSERT INTO `SIGCO`.`Productos` (`IdProducto`, `Nombre`, `Descripcion`, `UnidadMedida`, `IdIva`, `ValorBase`, `IdPresentacion`, `IdCategoria`, `Estado`, `rutaImagen`) VALUES (22, 'Lisinopril', 'Pellentesque ut', 'cm3', 3, 115207, 13, 48, 1, 'SinCargarImagen');
INSERT INTO `SIGCO`.`Productos` (`IdProducto`, `Nombre`, `Descripcion`, `UnidadMedida`, `IdIva`, `ValorBase`, `IdPresentacion`, `IdCategoria`, `Estado`, `rutaImagen`) VALUES (23, 'Folic Acid', 'sed dictum eleifend, nunc risus varius orci, in consequat enim diam vel arcu. Curabitur ut odio vel est tempor', 'mm3', 2, 44201, 2, 15, 1, 'SinCargarImagen');
INSERT INTO `SIGCO`.`Productos` (`IdProducto`, `Nombre`, `Descripcion`, `UnidadMedida`, `IdIva`, `ValorBase`, `IdPresentacion`, `IdCategoria`, `Estado`, `rutaImagen`) VALUES (24, 'Furosemide', 'pede blandit congue. In scelerisque scelerisque dui. Suspendisse ac metus vitae velit egestas', 'dm3', 1, 59100, 15, 18, 1, 'SinCargarImagen');
INSERT INTO `SIGCO`.`Productos` (`IdProducto`, `Nombre`, `Descripcion`, `UnidadMedida`, `IdIva`, `ValorBase`, `IdPresentacion`, `IdCategoria`, `Estado`, `rutaImagen`) VALUES (25, 'Doxycycline Hyclate', 'sociosqu ad litora torquent per conubia nostra, per inceptos hymenaeos. Mauris ut quam vel sapien', 'dm3', 3, 168977, 21, 28, 1, 'SinCargarImagen');
INSERT INTO `SIGCO`.`Productos` (`IdProducto`, `Nombre`, `Descripcion`, `UnidadMedida`, `IdIva`, `ValorBase`, `IdPresentacion`, `IdCategoria`, `Estado`, `rutaImagen`) VALUES (26, 'Gianvi', 'ante, iaculis nec, eleifend non, dapibus rutrum, justo. Praesent luctus. Curabitur egestas nunc sed libero.', 'cm3', 3, 167438, 16, 16, 1, 'SinCargarImagen');
INSERT INTO `SIGCO`.`Productos` (`IdProducto`, `Nombre`, `Descripcion`, `UnidadMedida`, `IdIva`, `ValorBase`, `IdPresentacion`, `IdCategoria`, `Estado`, `rutaImagen`) VALUES (27, 'Nasonex', 'ornare, elit elit fermentum risus, at fringilla purus mauris a nunc. In at pede.', 'dm3', 1, 117318, 9, 1, 1, 'SinCargarImagen');
INSERT INTO `SIGCO`.`Productos` (`IdProducto`, `Nombre`, `Descripcion`, `UnidadMedida`, `IdIva`, `ValorBase`, `IdPresentacion`, `IdCategoria`, `Estado`, `rutaImagen`) VALUES (28, 'Lisinopril', 'pede blandit congue. In scelerisque scelerisque dui. Suspendisse ac metus vitae velit egestas lacinia. Sed', 'dm3', 1, 114372, 8, 1, 1, 'SinCargarImagen');
INSERT INTO `SIGCO`.`Productos` (`IdProducto`, `Nombre`, `Descripcion`, `UnidadMedida`, `IdIva`, `ValorBase`, `IdPresentacion`, `IdCategoria`, `Estado`, `rutaImagen`) VALUES (29, 'Citalopram HBR', 'Maecenas mi felis, adipiscing fringilla, porttitor vulputate, posuere vulputate, lacus. Cras interdum. Nunc sollicitudin commodo ipsum. Suspendisse', 'dm3', 2, 38633, 10, 43, 1, 'SinCargarImagen');
INSERT INTO `SIGCO`.`Productos` (`IdProducto`, `Nombre`, `Descripcion`, `UnidadMedida`, `IdIva`, `ValorBase`, `IdPresentacion`, `IdCategoria`, `Estado`, `rutaImagen`) VALUES (30, 'Alprazolam', 'lectus', 'mm3', 2, 117143, 8, 33, 1, 'SinCargarImagen');
INSERT INTO `SIGCO`.`Productos` (`IdProducto`, `Nombre`, `Descripcion`, `UnidadMedida`, `IdIva`, `ValorBase`, `IdPresentacion`, `IdCategoria`, `Estado`, `rutaImagen`) VALUES (31, 'Naproxen', 'Morbi metus. Vivamus euismod urna. Nullam lobortis quam a felis ullamcorper viverra. Maecenas iaculis', 'cm3', 2, 162386, 17, 5, 1, 'SinCargarImagen');
INSERT INTO `SIGCO`.`Productos` (`IdProducto`, `Nombre`, `Descripcion`, `UnidadMedida`, `IdIva`, `ValorBase`, `IdPresentacion`, `IdCategoria`, `Estado`, `rutaImagen`) VALUES (32, 'Endocet', 'est. Mauris eu', 'dm3', 3, 175893, 4, 7, 0, 'SinCargarImagen');
INSERT INTO `SIGCO`.`Productos` (`IdProducto`, `Nombre`, `Descripcion`, `UnidadMedida`, `IdIva`, `ValorBase`, `IdPresentacion`, `IdCategoria`, `Estado`, `rutaImagen`) VALUES (33, 'Fluticasone Propionate', 'eleifend non, dapibus rutrum, justo. Praesent luctus. Curabitur egestas nunc sed libero.', 'dm3', 1, 53529, 13, 5, 1, 'SinCargarImagen');
INSERT INTO `SIGCO`.`Productos` (`IdProducto`, `Nombre`, `Descripcion`, `UnidadMedida`, `IdIva`, `ValorBase`, `IdPresentacion`, `IdCategoria`, `Estado`, `rutaImagen`) VALUES (34, 'Vyvanse', 'semper pretium neque. Morbi quis urna. Nunc quis arcu vel quam dignissim pharetra. Nam ac', 'mm3', 2, 110460, 18, 34, 1, 'SinCargarImagen');
INSERT INTO `SIGCO`.`Productos` (`IdProducto`, `Nombre`, `Descripcion`, `UnidadMedida`, `IdIva`, `ValorBase`, `IdPresentacion`, `IdCategoria`, `Estado`, `rutaImagen`) VALUES (35, 'Zolpidem Tartrate', 'natoque', 'cm3', 1, 134782, 13, 43, 1, 'SinCargarImagen');
INSERT INTO `SIGCO`.`Productos` (`IdProducto`, `Nombre`, `Descripcion`, `UnidadMedida`, `IdIva`, `ValorBase`, `IdPresentacion`, `IdCategoria`, `Estado`, `rutaImagen`) VALUES (36, 'Proair HFA', 'ornare, elit elit fermentum risus, at fringilla purus mauris a', 'mm3', 1, 26016, 1, 11, 1, 'SinCargarImagen');
INSERT INTO `SIGCO`.`Productos` (`IdProducto`, `Nombre`, `Descripcion`, `UnidadMedida`, `IdIva`, `ValorBase`, `IdPresentacion`, `IdCategoria`, `Estado`, `rutaImagen`) VALUES (37, 'Clindamycin HCl', 'elit, pretium et, rutrum non, hendrerit id, ante. Nunc mauris sapien, cursus in, hendrerit consectetuer, cursus et, magna. Praesent', 'dm3', 2, 164679, 6, 26, 1, 'SinCargarImagen');
INSERT INTO `SIGCO`.`Productos` (`IdProducto`, `Nombre`, `Descripcion`, `UnidadMedida`, `IdIva`, `ValorBase`, `IdPresentacion`, `IdCategoria`, `Estado`, `rutaImagen`) VALUES (38, 'Ibuprofen (Rx)', 'ut, pharetra sed, hendrerit', 'mm3', 3, 141317, 1, 26, 1, 'SinCargarImagen');
INSERT INTO `SIGCO`.`Productos` (`IdProducto`, `Nombre`, `Descripcion`, `UnidadMedida`, `IdIva`, `ValorBase`, `IdPresentacion`, `IdCategoria`, `Estado`, `rutaImagen`) VALUES (39, 'Fluoxetine HCl', 'non, lacinia at, iaculis quis, pede. Praesent eu dui.', 'cm3', 3, 82348, 15, 14, 1, 'SinCargarImagen');
INSERT INTO `SIGCO`.`Productos` (`IdProducto`, `Nombre`, `Descripcion`, `UnidadMedida`, `IdIva`, `ValorBase`, `IdPresentacion`, `IdCategoria`, `Estado`, `rutaImagen`) VALUES (40, 'Amoxicillin', 'eleifend egestas. Sed pharetra, felis eget varius ultrices, mauris ipsum porta elit, a', 'cm3', 1, 178742, 17, 14, 1, 'SinCargarImagen');
INSERT INTO `SIGCO`.`Productos` (`IdProducto`, `Nombre`, `Descripcion`, `UnidadMedida`, `IdIva`, `ValorBase`, `IdPresentacion`, `IdCategoria`, `Estado`, `rutaImagen`) VALUES (41, 'Simvastatin', 'sem,', 'mm3', 1, 118281, 18, 46, 1, 'SinCargarImagen');
INSERT INTO `SIGCO`.`Productos` (`IdProducto`, `Nombre`, `Descripcion`, `UnidadMedida`, `IdIva`, `ValorBase`, `IdPresentacion`, `IdCategoria`, `Estado`, `rutaImagen`) VALUES (42, 'Proair HFA', 'diam lorem, auctor quis, tristique ac, eleifend vitae, erat. Vivamus nisi. Mauris nulla.', 'mm3', 3, 170701, 13, 27, 1, 'SinCargarImagen');
INSERT INTO `SIGCO`.`Productos` (`IdProducto`, `Nombre`, `Descripcion`, `UnidadMedida`, `IdIva`, `ValorBase`, `IdPresentacion`, `IdCategoria`, `Estado`, `rutaImagen`) VALUES (43, 'Metoprolol Succinate', 'cursus in, hendrerit consectetuer, cursus et,', 'mm3', 1, 82786, 5, 43, 1, 'SinCargarImagen');
INSERT INTO `SIGCO`.`Productos` (`IdProducto`, `Nombre`, `Descripcion`, `UnidadMedida`, `IdIva`, `ValorBase`, `IdPresentacion`, `IdCategoria`, `Estado`, `rutaImagen`) VALUES (44, 'Hydrocodone/APAP', 'turpis non enim. Mauris quis turpis vitae purus gravida sagittis. Duis gravida. Praesent', 'cm3', 2, 179284, 7, 31, 1, 'SinCargarImagen');
INSERT INTO `SIGCO`.`Productos` (`IdProducto`, `Nombre`, `Descripcion`, `UnidadMedida`, `IdIva`, `ValorBase`, `IdPresentacion`, `IdCategoria`, `Estado`, `rutaImagen`) VALUES (45, 'Amitriptyline HCl', 'lorem eu metus. In lorem. Donec elementum, lorem ut aliquam iaculis, lacus pede sagittis', 'dm3', 3, 119937, 2, 42, 1, 'SinCargarImagen');
INSERT INTO `SIGCO`.`Productos` (`IdProducto`, `Nombre`, `Descripcion`, `UnidadMedida`, `IdIva`, `ValorBase`, `IdPresentacion`, `IdCategoria`, `Estado`, `rutaImagen`) VALUES (46, 'Zolpidem Tartrate', 'Nam consequat dolor', 'cm3', 3, 87104, 16, 21, 1, 'SinCargarImagen');
INSERT INTO `SIGCO`.`Productos` (`IdProducto`, `Nombre`, `Descripcion`, `UnidadMedida`, `IdIva`, `ValorBase`, `IdPresentacion`, `IdCategoria`, `Estado`, `rutaImagen`) VALUES (47, 'Warfarin Sodium', 'rutrum non, hendrerit id, ante. Nunc mauris sapien, cursus in, hendrerit', 'dm3', 3, 158042, 9, 32, 1, 'SinCargarImagen');
INSERT INTO `SIGCO`.`Productos` (`IdProducto`, `Nombre`, `Descripcion`, `UnidadMedida`, `IdIva`, `ValorBase`, `IdPresentacion`, `IdCategoria`, `Estado`, `rutaImagen`) VALUES (48, 'Lidoderm', 'Proin eget odio. Aliquam vulputate ullamcorper magna.', 'mm3', 1, 65757, 17, 26, 1, 'SinCargarImagen');
INSERT INTO `SIGCO`.`Productos` (`IdProducto`, `Nombre`, `Descripcion`, `UnidadMedida`, `IdIva`, `ValorBase`, `IdPresentacion`, `IdCategoria`, `Estado`, `rutaImagen`) VALUES (49, 'Seroquel', 'Aliquam vulputate ullamcorper magna. Sed eu eros. Nam consequat dolor vitae dolor. Donec fringilla.', 'dm3', 1, 134907, 5, 47, 1, 'SinCargarImagen');
INSERT INTO `SIGCO`.`Productos` (`IdProducto`, `Nombre`, `Descripcion`, `UnidadMedida`, `IdIva`, `ValorBase`, `IdPresentacion`, `IdCategoria`, `Estado`, `rutaImagen`) VALUES (50, 'Metoprolol Succinate', 'lectus. Nullam suscipit,', 'cm3', 1, 113961, 15, 9, 1, 'SinCargarImagen');
INSERT INTO `SIGCO`.`Productos` (`IdProducto`, `Nombre`, `Descripcion`, `UnidadMedida`, `IdIva`, `ValorBase`, `IdPresentacion`, `IdCategoria`, `Estado`, `rutaImagen`) VALUES (51, 'Clonazepam', 'et tristique pellentesque, tellus sem mollis dui, in sodales elit', 'mm3', 2, 152547, 13, 6, 1, 'SinCargarImagen');
INSERT INTO `SIGCO`.`Productos` (`IdProducto`, `Nombre`, `Descripcion`, `UnidadMedida`, `IdIva`, `ValorBase`, `IdPresentacion`, `IdCategoria`, `Estado`, `rutaImagen`) VALUES (52, 'Loestrin 24 Fe', 'velit. Aliquam', 'mm3', 1, 93841, 17, 44, 1, 'SinCargarImagen');
INSERT INTO `SIGCO`.`Productos` (`IdProducto`, `Nombre`, `Descripcion`, `UnidadMedida`, `IdIva`, `ValorBase`, `IdPresentacion`, `IdCategoria`, `Estado`, `rutaImagen`) VALUES (53, 'Alprazolam', 'felis ullamcorper viverra. Maecenas iaculis aliquet diam. Sed diam lorem, auctor quis, tristique ac, eleifend vitae,', 'mm3', 1, 125426, 7, 21, 1, 'SinCargarImagen');
INSERT INTO `SIGCO`.`Productos` (`IdProducto`, `Nombre`, `Descripcion`, `UnidadMedida`, `IdIva`, `ValorBase`, `IdPresentacion`, `IdCategoria`, `Estado`, `rutaImagen`) VALUES (54, 'Cyclobenzaprin HCl', 'semper cursus. Integer mollis. Integer tincidunt aliquam arcu. Aliquam ultrices iaculis odio. Nam interdum', 'mm3', 2, 19140, 13, 39, 1, 'SinCargarImagen');
INSERT INTO `SIGCO`.`Productos` (`IdProducto`, `Nombre`, `Descripcion`, `UnidadMedida`, `IdIva`, `ValorBase`, `IdPresentacion`, `IdCategoria`, `Estado`, `rutaImagen`) VALUES (55, 'Lisinopril', 'erat nonummy ultricies ornare, elit elit fermentum risus, at fringilla purus mauris a nunc. In at pede. Cras vulputate', 'mm3', 1, 112654, 7, 24, 1, 'SinCargarImagen');
INSERT INTO `SIGCO`.`Productos` (`IdProducto`, `Nombre`, `Descripcion`, `UnidadMedida`, `IdIva`, `ValorBase`, `IdPresentacion`, `IdCategoria`, `Estado`, `rutaImagen`) VALUES (56, 'Synthroid', 'lectus quis massa. Mauris vestibulum, neque', 'cm3', 1, 175448, 3, 31, 1, 'SinCargarImagen');
INSERT INTO `SIGCO`.`Productos` (`IdProducto`, `Nombre`, `Descripcion`, `UnidadMedida`, `IdIva`, `ValorBase`, `IdPresentacion`, `IdCategoria`, `Estado`, `rutaImagen`) VALUES (57, 'Gabapentin', 'nunc interdum feugiat. Sed nec metus facilisis lorem tristique aliquet. Phasellus fermentum convallis ligula. Donec luctus', 'mm3', 3, 75912, 20, 37, 1, 'SinCargarImagen');
INSERT INTO `SIGCO`.`Productos` (`IdProducto`, `Nombre`, `Descripcion`, `UnidadMedida`, `IdIva`, `ValorBase`, `IdPresentacion`, `IdCategoria`, `Estado`, `rutaImagen`) VALUES (58, 'Digoxin', 'ligula eu enim. Etiam imperdiet dictum magna. Ut tincidunt orci quis', 'cm3', 2, 152480, 7, 8, 1, 'SinCargarImagen');
INSERT INTO `SIGCO`.`Productos` (`IdProducto`, `Nombre`, `Descripcion`, `UnidadMedida`, `IdIva`, `ValorBase`, `IdPresentacion`, `IdCategoria`, `Estado`, `rutaImagen`) VALUES (59, 'Fluticasone Propionate', 'ante. Nunc mauris sapien, cursus in, hendrerit consectetuer, cursus et, magna. Praesent interdum ligula', 'cm3', 3, 38830, 8, 27, 0, 'SinCargarImagen');
INSERT INTO `SIGCO`.`Productos` (`IdProducto`, `Nombre`, `Descripcion`, `UnidadMedida`, `IdIva`, `ValorBase`, `IdPresentacion`, `IdCategoria`, `Estado`, `rutaImagen`) VALUES (60, 'Furosemide', 'sed leo. Cras vehicula aliquet libero. Integer in magna. Phasellus dolor elit, pellentesque a, facilisis non, bibendum', 'dm3', 2, 21309, 13, 5, 1, 'SinCargarImagen');
INSERT INTO `SIGCO`.`Productos` (`IdProducto`, `Nombre`, `Descripcion`, `UnidadMedida`, `IdIva`, `ValorBase`, `IdPresentacion`, `IdCategoria`, `Estado`, `rutaImagen`) VALUES (61, 'APAP/Codeine', 'a, scelerisque sed, sapien. Nunc pulvinar arcu', 'mm3', 2, 177872, 15, 2, 1, 'SinCargarImagen');
INSERT INTO `SIGCO`.`Productos` (`IdProducto`, `Nombre`, `Descripcion`, `UnidadMedida`, `IdIva`, `ValorBase`, `IdPresentacion`, `IdCategoria`, `Estado`, `rutaImagen`) VALUES (62, 'Prednisone', 'mauris id sapien. Cras dolor dolor, tempus non, lacinia at, iaculis quis, pede. Praesent eu dui. Cum sociis natoque', 'mm3', 2, 177912, 18, 9, 1, 'SinCargarImagen');
INSERT INTO `SIGCO`.`Productos` (`IdProducto`, `Nombre`, `Descripcion`, `UnidadMedida`, `IdIva`, `ValorBase`, `IdPresentacion`, `IdCategoria`, `Estado`, `rutaImagen`) VALUES (63, 'Niaspan', 'sem semper erat, in consectetuer ipsum nunc id enim. Curabitur massa. Vestibulum accumsan', 'dm3', 3, 102295, 8, 33, 1, 'SinCargarImagen');
INSERT INTO `SIGCO`.`Productos` (`IdProducto`, `Nombre`, `Descripcion`, `UnidadMedida`, `IdIva`, `ValorBase`, `IdPresentacion`, `IdCategoria`, `Estado`, `rutaImagen`) VALUES (64, 'Nexium', 'non sapien molestie', 'dm3', 1, 50108, 2, 36, 1, 'SinCargarImagen');
INSERT INTO `SIGCO`.`Productos` (`IdProducto`, `Nombre`, `Descripcion`, `UnidadMedida`, `IdIva`, `ValorBase`, `IdPresentacion`, `IdCategoria`, `Estado`, `rutaImagen`) VALUES (65, 'Lantus', 'nulla. Integer vulputate, risus a ultricies adipiscing, enim mi tempor lorem, eget mollis lectus pede', 'mm3', 3, 199754, 6, 29, 1, 'SinCargarImagen');
INSERT INTO `SIGCO`.`Productos` (`IdProducto`, `Nombre`, `Descripcion`, `UnidadMedida`, `IdIva`, `ValorBase`, `IdPresentacion`, `IdCategoria`, `Estado`, `rutaImagen`) VALUES (66, 'Levothyroxine Sodium', 'et malesuada', 'mm3', 1, 12415, 19, 45, 1, 'SinCargarImagen');
INSERT INTO `SIGCO`.`Productos` (`IdProducto`, `Nombre`, `Descripcion`, `UnidadMedida`, `IdIva`, `ValorBase`, `IdPresentacion`, `IdCategoria`, `Estado`, `rutaImagen`) VALUES (67, 'Atenolol', 'Proin nisl sem, consequat nec,', 'dm3', 2, 197855, 18, 43, 1, 'SinCargarImagen');
INSERT INTO `SIGCO`.`Productos` (`IdProducto`, `Nombre`, `Descripcion`, `UnidadMedida`, `IdIva`, `ValorBase`, `IdPresentacion`, `IdCategoria`, `Estado`, `rutaImagen`) VALUES (68, 'Amitriptyline HCl', 'at, iaculis quis, pede. Praesent eu', 'dm3', 2, 59621, 11, 10, 1, 'SinCargarImagen');
INSERT INTO `SIGCO`.`Productos` (`IdProducto`, `Nombre`, `Descripcion`, `UnidadMedida`, `IdIva`, `ValorBase`, `IdPresentacion`, `IdCategoria`, `Estado`, `rutaImagen`) VALUES (69, 'Ibuprofen (Rx)', 'pharetra. Nam ac nulla. In tincidunt congue turpis. In condimentum. Donec at arcu.', 'cm3', 2, 173258, 18, 24, 1, 'SinCargarImagen');
INSERT INTO `SIGCO`.`Productos` (`IdProducto`, `Nombre`, `Descripcion`, `UnidadMedida`, `IdIva`, `ValorBase`, `IdPresentacion`, `IdCategoria`, `Estado`, `rutaImagen`) VALUES (70, 'Premarin', 'Nunc pulvinar arcu et pede. Nunc sed orci lobortis augue', 'cm3', 1, 32563, 17, 23, 1, 'SinCargarImagen');
INSERT INTO `SIGCO`.`Productos` (`IdProducto`, `Nombre`, `Descripcion`, `UnidadMedida`, `IdIva`, `ValorBase`, `IdPresentacion`, `IdCategoria`, `Estado`, `rutaImagen`) VALUES (71, 'Lisinopril', 'nec luctus felis purus ac tellus. Suspendisse sed dolor. Fusce mi lorem, vehicula et, rutrum eu, ultrices', 'dm3', 2, 21688, 3, 7, 1, 'SinCargarImagen');
INSERT INTO `SIGCO`.`Productos` (`IdProducto`, `Nombre`, `Descripcion`, `UnidadMedida`, `IdIva`, `ValorBase`, `IdPresentacion`, `IdCategoria`, `Estado`, `rutaImagen`) VALUES (72, 'Proair HFA', 'Nulla tincidunt, neque vitae semper egestas, urna justo faucibus', 'cm3', 1, 131459, 14, 21, 1, 'SinCargarImagen');
INSERT INTO `SIGCO`.`Productos` (`IdProducto`, `Nombre`, `Descripcion`, `UnidadMedida`, `IdIva`, `ValorBase`, `IdPresentacion`, `IdCategoria`, `Estado`, `rutaImagen`) VALUES (73, 'Oxycontin', 'ante ipsum primis in faucibus orci luctus et ultrices posuere', 'dm3', 1, 116427, 4, 11, 1, 'SinCargarImagen');
INSERT INTO `SIGCO`.`Productos` (`IdProducto`, `Nombre`, `Descripcion`, `UnidadMedida`, `IdIva`, `ValorBase`, `IdPresentacion`, `IdCategoria`, `Estado`, `rutaImagen`) VALUES (74, 'Glyburide', 'In condimentum. Donec at arcu. Vestibulum ante ipsum primis in faucibus orci luctus et ultrices posuere cubilia Curae;', 'mm3', 2, 59993, 17, 25, 1, 'SinCargarImagen');
INSERT INTO `SIGCO`.`Productos` (`IdProducto`, `Nombre`, `Descripcion`, `UnidadMedida`, `IdIva`, `ValorBase`, `IdPresentacion`, `IdCategoria`, `Estado`, `rutaImagen`) VALUES (75, 'Alprazolam', 'erat nonummy ultricies ornare, elit elit fermentum risus, at fringilla purus mauris a nunc.', 'mm3', 3, 104845, 6, 45, 1, 'SinCargarImagen');
INSERT INTO `SIGCO`.`Productos` (`IdProducto`, `Nombre`, `Descripcion`, `UnidadMedida`, `IdIva`, `ValorBase`, `IdPresentacion`, `IdCategoria`, `Estado`, `rutaImagen`) VALUES (76, 'Lovastatin', 'a, arcu. Sed et libero. Proin mi. Aliquam gravida mauris ut mi. Duis risus', 'cm3', 1, 14154, 19, 33, 1, 'SinCargarImagen');
INSERT INTO `SIGCO`.`Productos` (`IdProducto`, `Nombre`, `Descripcion`, `UnidadMedida`, `IdIva`, `ValorBase`, `IdPresentacion`, `IdCategoria`, `Estado`, `rutaImagen`) VALUES (77, 'Sertraline HCl', 'Maecenas iaculis aliquet diam. Sed diam lorem, auctor quis, tristique ac, eleifend vitae, erat. Vivamus nisi.', 'dm3', 3, 181987, 13, 50, 1, 'SinCargarImagen');
INSERT INTO `SIGCO`.`Productos` (`IdProducto`, `Nombre`, `Descripcion`, `UnidadMedida`, `IdIva`, `ValorBase`, `IdPresentacion`, `IdCategoria`, `Estado`, `rutaImagen`) VALUES (78, 'Vyvanse', 'nonummy ut, molestie in, tempus eu, ligula. Aenean euismod', 'cm3', 3, 189143, 11, 34, 1, 'SinCargarImagen');
INSERT INTO `SIGCO`.`Productos` (`IdProducto`, `Nombre`, `Descripcion`, `UnidadMedida`, `IdIva`, `ValorBase`, `IdPresentacion`, `IdCategoria`, `Estado`, `rutaImagen`) VALUES (79, 'Flovent HFA', 'natoque penatibus et magnis dis parturient', 'dm3', 1, 65929, 10, 42, 1, 'SinCargarImagen');
INSERT INTO `SIGCO`.`Productos` (`IdProducto`, `Nombre`, `Descripcion`, `UnidadMedida`, `IdIva`, `ValorBase`, `IdPresentacion`, `IdCategoria`, `Estado`, `rutaImagen`) VALUES (80, 'Amlodipine Besylate', 'tincidunt pede ac urna. Ut tincidunt vehicula risus. Nulla eget metus eu erat semper', 'dm3', 1, 98361, 20, 45, 1, 'SinCargarImagen');
INSERT INTO `SIGCO`.`Productos` (`IdProducto`, `Nombre`, `Descripcion`, `UnidadMedida`, `IdIva`, `ValorBase`, `IdPresentacion`, `IdCategoria`, `Estado`, `rutaImagen`) VALUES (81, 'Risperidone', 'et magnis dis parturient montes, nascetur ridiculus mus. Proin', 'dm3', 3, 52010, 7, 50, 1, 'SinCargarImagen');
INSERT INTO `SIGCO`.`Productos` (`IdProducto`, `Nombre`, `Descripcion`, `UnidadMedida`, `IdIva`, `ValorBase`, `IdPresentacion`, `IdCategoria`, `Estado`, `rutaImagen`) VALUES (82, 'Oxycontin', 'sodales elit erat vitae', 'cm3', 2, 196238, 18, 22, 1, 'SinCargarImagen');
INSERT INTO `SIGCO`.`Productos` (`IdProducto`, `Nombre`, `Descripcion`, `UnidadMedida`, `IdIva`, `ValorBase`, `IdPresentacion`, `IdCategoria`, `Estado`, `rutaImagen`) VALUES (83, 'Sertraline HCl', 'varius et, euismod et, commodo at, libero. Morbi accumsan laoreet ipsum. Curabitur consequat, lectus sit', 'dm3', 3, 35682, 17, 44, 1, 'SinCargarImagen');
INSERT INTO `SIGCO`.`Productos` (`IdProducto`, `Nombre`, `Descripcion`, `UnidadMedida`, `IdIva`, `ValorBase`, `IdPresentacion`, `IdCategoria`, `Estado`, `rutaImagen`) VALUES (84, 'Levoxyl', 'lacus. Quisque purus sapien, gravida non, sollicitudin a, malesuada id, erat.', 'cm3', 1, 104348, 11, 49, 1, 'SinCargarImagen');
INSERT INTO `SIGCO`.`Productos` (`IdProducto`, `Nombre`, `Descripcion`, `UnidadMedida`, `IdIva`, `ValorBase`, `IdPresentacion`, `IdCategoria`, `Estado`, `rutaImagen`) VALUES (85, 'Cheratussin AC', 'feugiat metus sit amet ante. Vivamus', 'cm3', 1, 83108, 13, 48, 1, 'SinCargarImagen');
INSERT INTO `SIGCO`.`Productos` (`IdProducto`, `Nombre`, `Descripcion`, `UnidadMedida`, `IdIva`, `ValorBase`, `IdPresentacion`, `IdCategoria`, `Estado`, `rutaImagen`) VALUES (86, 'Risperidone', 'vitae semper', 'mm3', 2, 115182, 19, 24, 1, 'SinCargarImagen');
INSERT INTO `SIGCO`.`Productos` (`IdProducto`, `Nombre`, `Descripcion`, `UnidadMedida`, `IdIva`, `ValorBase`, `IdPresentacion`, `IdCategoria`, `Estado`, `rutaImagen`) VALUES (87, 'Nuvaring', 'mus.', 'cm3', 3, 184725, 6, 47, 1, 'SinCargarImagen');
INSERT INTO `SIGCO`.`Productos` (`IdProducto`, `Nombre`, `Descripcion`, `UnidadMedida`, `IdIva`, `ValorBase`, `IdPresentacion`, `IdCategoria`, `Estado`, `rutaImagen`) VALUES (88, 'Seroquel', 'ultricies adipiscing, enim mi tempor lorem, eget mollis lectus pede et risus. Quisque libero lacus, varius', 'cm3', 3, 162350, 4, 49, 1, 'SinCargarImagen');
INSERT INTO `SIGCO`.`Productos` (`IdProducto`, `Nombre`, `Descripcion`, `UnidadMedida`, `IdIva`, `ValorBase`, `IdPresentacion`, `IdCategoria`, `Estado`, `rutaImagen`) VALUES (89, 'Levaquin', 'non, luctus', 'dm3', 1, 169740, 20, 50, 1, 'SinCargarImagen');
INSERT INTO `SIGCO`.`Productos` (`IdProducto`, `Nombre`, `Descripcion`, `UnidadMedida`, `IdIva`, `ValorBase`, `IdPresentacion`, `IdCategoria`, `Estado`, `rutaImagen`) VALUES (90, 'Metoprolol Tartrate ', 'augue. Sed molestie. Sed id risus quis diam luctus lobortis. Class aptent taciti sociosqu ad', 'mm3', 3, 189180, 12, 31, 1, 'SinCargarImagen');
INSERT INTO `SIGCO`.`Productos` (`IdProducto`, `Nombre`, `Descripcion`, `UnidadMedida`, `IdIva`, `ValorBase`, `IdPresentacion`, `IdCategoria`, `Estado`, `rutaImagen`) VALUES (91, 'Synthroid', 'mollis lectus pede et risus. Quisque libero lacus, varius et, euismod et, commodo at, libero. Morbi', 'cm3', 3, 10077, 18, 2, 1, 'SinCargarImagen');
INSERT INTO `SIGCO`.`Productos` (`IdProducto`, `Nombre`, `Descripcion`, `UnidadMedida`, `IdIva`, `ValorBase`, `IdPresentacion`, `IdCategoria`, `Estado`, `rutaImagen`) VALUES (92, 'Metoprolol Succinatee', 'Vestibulum ante', 'cm3', 1, 144425, 3, 44, 1, 'SinCargarImagen');
INSERT INTO `SIGCO`.`Productos` (`IdProducto`, `Nombre`, `Descripcion`, `UnidadMedida`, `IdIva`, `ValorBase`, `IdPresentacion`, `IdCategoria`, `Estado`, `rutaImagen`) VALUES (93, 'Plavix', 'aliquet odio. Etiam ligula tortor, dictum eu, placerat eget, venenatis a, magna. Lorem ipsum dolor sit amet, consectetuer adipiscing elit.', 'mm3', 2, 120803, 4, 9, 1, 'SinCargarImagen');
INSERT INTO `SIGCO`.`Productos` (`IdProducto`, `Nombre`, `Descripcion`, `UnidadMedida`, `IdIva`, `ValorBase`, `IdPresentacion`, `IdCategoria`, `Estado`, `rutaImagen`) VALUES (94, 'Alprazolam', 'at fringilla purus mauris a nunc. In', 'mm3', 1, 64122, 3, 1, 1, 'SinCargarImagen');
INSERT INTO `SIGCO`.`Productos` (`IdProducto`, `Nombre`, `Descripcion`, `UnidadMedida`, `IdIva`, `ValorBase`, `IdPresentacion`, `IdCategoria`, `Estado`, `rutaImagen`) VALUES (95, 'Zolpidem Tartrate', 'Proin eget odio. Aliquam vulputate', 'mm3', 1, 120457, 18, 1, 1, 'SinCargarImagen');
INSERT INTO `SIGCO`.`Productos` (`IdProducto`, `Nombre`, `Descripcion`, `UnidadMedida`, `IdIva`, `ValorBase`, `IdPresentacion`, `IdCategoria`, `Estado`, `rutaImagen`) VALUES (96, 'Ventolin HFA', 'rutrum non, hendrerit id, ante. Nunc mauris sapien, cursus in, hendrerit consectetuer, cursus et, magna. Praesent interdum', 'dm3', 3, 183008, 5, 4, 1, 'SinCargarImagen');
INSERT INTO `SIGCO`.`Productos` (`IdProducto`, `Nombre`, `Descripcion`, `UnidadMedida`, `IdIva`, `ValorBase`, `IdPresentacion`, `IdCategoria`, `Estado`, `rutaImagen`) VALUES (97, 'Vitamin D (Rx)', 'urna. Nunc quis arcu vel quam dignissim pharetra. Nam ac nulla. In tincidunt congue turpis. In condimentum. Donec', 'dm3', 3, 26172, 15, 12, 1, 'SinCargarImagen');
INSERT INTO `SIGCO`.`Productos` (`IdProducto`, `Nombre`, `Descripcion`, `UnidadMedida`, `IdIva`, `ValorBase`, `IdPresentacion`, `IdCategoria`, `Estado`, `rutaImagen`) VALUES (98, 'Cheratussin AC', 'Aenean eget magna. Suspendisse tristique neque venenatis lacus. Etiam bibendum fermentum metus. Aenean sed pede nec', 'dm3', 1, 83362, 6, 25, 1, 'SinCargarImagen');
INSERT INTO `SIGCO`.`Productos` (`IdProducto`, `Nombre`, `Descripcion`, `UnidadMedida`, `IdIva`, `ValorBase`, `IdPresentacion`, `IdCategoria`, `Estado`, `rutaImagen`) VALUES (99, 'Lexapro', 'ultricies ligula. Nullam enim. Sed nulla ante, iaculis nec, eleifend non, dapibus rutrum, justo. Praesent luctus.', 'dm3', 1, 118443, 14, 25, 1, 'SinCargarImagen');
INSERT INTO `SIGCO`.`Productos` (`IdProducto`, `Nombre`, `Descripcion`, `UnidadMedida`, `IdIva`, `ValorBase`, `IdPresentacion`, `IdCategoria`, `Estado`, `rutaImagen`) VALUES (100, 'Metoprolol Tartrate ', 'vel, faucibus id, libero. Donec consectetuer', 'dm3', 2, 53669, 18, 2, 1, 'SinCargarImagen');

COMMIT;


-- -----------------------------------------------------
-- Data for table `SIGCO`.`Temas`
-- -----------------------------------------------------
START TRANSACTION;
USE `SIGCO`;
INSERT INTO `SIGCO`.`Temas` (`IdTemas`, `Nombre`) VALUES (1, 'Lavasoft');
INSERT INTO `SIGCO`.`Temas` (`IdTemas`, `Nombre`) VALUES (2, 'Yahoo');
INSERT INTO `SIGCO`.`Temas` (`IdTemas`, `Nombre`) VALUES (3, 'Finale');
INSERT INTO `SIGCO`.`Temas` (`IdTemas`, `Nombre`) VALUES (4, 'Borland');
INSERT INTO `SIGCO`.`Temas` (`IdTemas`, `Nombre`) VALUES (5, 'Apple Systems');
INSERT INTO `SIGCO`.`Temas` (`IdTemas`, `Nombre`) VALUES (6, 'Microsoft');
INSERT INTO `SIGCO`.`Temas` (`IdTemas`, `Nombre`) VALUES (7, 'Adobe');
INSERT INTO `SIGCO`.`Temas` (`IdTemas`, `Nombre`) VALUES (8, 'Sibelius');
INSERT INTO `SIGCO`.`Temas` (`IdTemas`, `Nombre`) VALUES (9, 'Altavista');
INSERT INTO `SIGCO`.`Temas` (`IdTemas`, `Nombre`) VALUES (10, 'Lycos');
INSERT INTO `SIGCO`.`Temas` (`IdTemas`, `Nombre`) VALUES (11, 'Chami');
INSERT INTO `SIGCO`.`Temas` (`IdTemas`, `Nombre`) VALUES (12, 'Macromedia');
INSERT INTO `SIGCO`.`Temas` (`IdTemas`, `Nombre`) VALUES (13, 'Google');
INSERT INTO `SIGCO`.`Temas` (`IdTemas`, `Nombre`) VALUES (14, 'Cakewalk');

COMMIT;

