-- MySQL Script generated by MySQL Workbench
-- 08/16/15 03:30:47
-- Model: New Model    Version: 1.0
-- MySQL Workbench Forward Engineering

SET @OLD_UNIQUE_CHECKS=@@UNIQUE_CHECKS, UNIQUE_CHECKS=0;
SET @OLD_FOREIGN_KEY_CHECKS=@@FOREIGN_KEY_CHECKS, FOREIGN_KEY_CHECKS=0;
SET @OLD_SQL_MODE=@@SQL_MODE, SQL_MODE='TRADITIONAL,ALLOW_INVALID_DATES';

-- -----------------------------------------------------
-- Schema SIGCO
-- -----------------------------------------------------
DROP SCHEMA IF EXISTS `SIGCO` ;

-- -----------------------------------------------------
-- Schema SIGCO
-- -----------------------------------------------------
CREATE SCHEMA IF NOT EXISTS `SIGCO` DEFAULT CHARACTER SET utf8 COLLATE utf8_general_ci ;
USE `SIGCO` ;

-- -----------------------------------------------------
-- Table `SIGCO`.`Usuarios`
-- -----------------------------------------------------
DROP TABLE IF EXISTS `SIGCO`.`Usuarios` ;

CREATE TABLE IF NOT EXISTS `SIGCO`.`Usuarios` (
  `IdUsuario` INT NOT NULL,
  `Nombres` VARCHAR(50) NOT NULL,
  `Apellidos` VARCHAR(50) NOT NULL,
  `Empleo` VARCHAR(50) NOT NULL,
  `Email` VARCHAR(70) NOT NULL,
  `Contrasenia` VARCHAR(50) NOT NULL,
  `Estado` TINYINT(1) NOT NULL,
  `rutaImagen` VARCHAR(100) NOT NULL,
  PRIMARY KEY (`IdUsuario`))
ENGINE = InnoDB;


-- -----------------------------------------------------
-- Table `SIGCO`.`TiposEmpresas`
-- -----------------------------------------------------
DROP TABLE IF EXISTS `SIGCO`.`TiposEmpresas` ;

CREATE TABLE IF NOT EXISTS `SIGCO`.`TiposEmpresas` (
  `IdTipo` INT NOT NULL AUTO_INCREMENT,
  `Nombre` VARCHAR(12) NOT NULL,
  PRIMARY KEY (`IdTipo`))
ENGINE = InnoDB;


-- -----------------------------------------------------
-- Table `SIGCO`.`ActividadesEmpresas`
-- -----------------------------------------------------
DROP TABLE IF EXISTS `SIGCO`.`ActividadesEmpresas` ;

CREATE TABLE IF NOT EXISTS `SIGCO`.`ActividadesEmpresas` (
  `IdActividad` INT NOT NULL AUTO_INCREMENT,
  `Nombre` VARCHAR(45) NOT NULL,
  `PagaIva` TINYINT(1) NOT NULL,
  PRIMARY KEY (`IdActividad`))
ENGINE = InnoDB;


-- -----------------------------------------------------
-- Table `SIGCO`.`Clasificaciones`
-- -----------------------------------------------------
DROP TABLE IF EXISTS `SIGCO`.`Clasificaciones` ;

CREATE TABLE IF NOT EXISTS `SIGCO`.`Clasificaciones` (
  `IdClasificacion` INT NOT NULL AUTO_INCREMENT,
  `Nombre` VARCHAR(45) NOT NULL,
  PRIMARY KEY (`IdClasificacion`))
ENGINE = InnoDB;


-- -----------------------------------------------------
-- Table `SIGCO`.`Ciudades`
-- -----------------------------------------------------
DROP TABLE IF EXISTS `SIGCO`.`Ciudades` ;

CREATE TABLE IF NOT EXISTS `SIGCO`.`Ciudades` (
  `IdCiudad` INT NOT NULL AUTO_INCREMENT,
  `Nombre` VARCHAR(45) NOT NULL,
  PRIMARY KEY (`IdCiudad`))
ENGINE = InnoDB;


-- -----------------------------------------------------
-- Table `SIGCO`.`Clientes`
-- -----------------------------------------------------
DROP TABLE IF EXISTS `SIGCO`.`Clientes` ;

CREATE TABLE IF NOT EXISTS `SIGCO`.`Clientes` (
  `IdCliente` INT NOT NULL,
  `RazonSocial` VARCHAR(45) NOT NULL,
  `Direccion` VARCHAR(45) NOT NULL,
  `TelFijo` INT NOT NULL,
  `Email` VARCHAR(70) NOT NULL,
  `NombresContacto` VARCHAR(45) NOT NULL,
  `ApellidosContacto` VARCHAR(45) NOT NULL,
  `CelularContacto` INT NOT NULL,
  `EmailContacto` VARCHAR(70) NOT NULL,
  `IdTipo` INT NOT NULL,
  `IdActividad` INT NOT NULL,
  `IdClasificacion` INT NOT NULL,
  `IdCiudad` INT NOT NULL,
  PRIMARY KEY (`IdCliente`),
  INDEX `fk_Clientes_TiposEmpresas1_idx` (`IdTipo` ASC),
  INDEX `fk_Clientes_ActividadesEmpresas1_idx` (`IdActividad` ASC),
  INDEX `fk_Clientes_Clasificaciones1_idx` (`IdClasificacion` ASC),
  INDEX `fk_Clientes_Ciudades1_idx` (`IdCiudad` ASC),
  CONSTRAINT `fk_Clientes_TiposEmpresas1`
    FOREIGN KEY (`IdTipo`)
    REFERENCES `SIGCO`.`TiposEmpresas` (`IdTipo`)
    ON DELETE CASCADE
    ON UPDATE CASCADE,
  CONSTRAINT `fk_Clientes_ActividadesEmpresas1`
    FOREIGN KEY (`IdActividad`)
    REFERENCES `SIGCO`.`ActividadesEmpresas` (`IdActividad`)
    ON DELETE CASCADE
    ON UPDATE CASCADE,
  CONSTRAINT `fk_Clientes_Clasificaciones1`
    FOREIGN KEY (`IdClasificacion`)
    REFERENCES `SIGCO`.`Clasificaciones` (`IdClasificacion`)
    ON DELETE CASCADE
    ON UPDATE CASCADE,
  CONSTRAINT `fk_Clientes_Ciudades1`
    FOREIGN KEY (`IdCiudad`)
    REFERENCES `SIGCO`.`Ciudades` (`IdCiudad`)
    ON DELETE CASCADE
    ON UPDATE CASCADE)
ENGINE = InnoDB;


-- -----------------------------------------------------
-- Table `SIGCO`.`Presentaciones`
-- -----------------------------------------------------
DROP TABLE IF EXISTS `SIGCO`.`Presentaciones` ;

CREATE TABLE IF NOT EXISTS `SIGCO`.`Presentaciones` (
  `IdPresentacion` INT NOT NULL AUTO_INCREMENT,
  `Nombre` VARCHAR(45) NOT NULL,
  PRIMARY KEY (`IdPresentacion`))
ENGINE = InnoDB;


-- -----------------------------------------------------
-- Table `SIGCO`.`CategoriasProductos`
-- -----------------------------------------------------
DROP TABLE IF EXISTS `SIGCO`.`CategoriasProductos` ;

CREATE TABLE IF NOT EXISTS `SIGCO`.`CategoriasProductos` (
  `IdCategoria` INT NOT NULL AUTO_INCREMENT,
  `Nombre` VARCHAR(45) NOT NULL,
  PRIMARY KEY (`IdCategoria`))
ENGINE = InnoDB;


-- -----------------------------------------------------
-- Table `SIGCO`.`Impuestos`
-- -----------------------------------------------------
DROP TABLE IF EXISTS `SIGCO`.`Impuestos` ;

CREATE TABLE IF NOT EXISTS `SIGCO`.`Impuestos` (
  `IdIva` INT NOT NULL AUTO_INCREMENT,
  `Porcentaje` INT NOT NULL,
  PRIMARY KEY (`IdIva`),
  UNIQUE INDEX `Porcentaje_UNIQUE` (`Porcentaje` ASC))
ENGINE = InnoDB;


-- -----------------------------------------------------
-- Table `SIGCO`.`Productos`
-- -----------------------------------------------------
DROP TABLE IF EXISTS `SIGCO`.`Productos` ;

CREATE TABLE IF NOT EXISTS `SIGCO`.`Productos` (
  `IdProducto` INT NOT NULL AUTO_INCREMENT,
  `Nombre` VARCHAR(50) NOT NULL,
  `Descripcion` VARCHAR(100) NOT NULL,
  `UnidadMedida` VARCHAR(20) NOT NULL,
  `IdIva` INT NOT NULL,
  `ValorBase` INT NOT NULL,
  `IdPresentacion` INT NOT NULL,
  `IdCategoria` INT NOT NULL,
  `Estado` TINYINT(1) NOT NULL,
  `rutaImagen` VARCHAR(100) NOT NULL,
  PRIMARY KEY (`IdProducto`),
  INDEX `fk_Productos_Presentacion1_idx` (`IdPresentacion` ASC),
  INDEX `fk_Productos_CategoriaProducto1_idx` (`IdCategoria` ASC),
  INDEX `fk_Productos_Impuestos_idx` (`IdIva` ASC),
  CONSTRAINT `fk_Productos_Presentacion1`
    FOREIGN KEY (`IdPresentacion`)
    REFERENCES `SIGCO`.`Presentaciones` (`IdPresentacion`)
    ON DELETE CASCADE
    ON UPDATE CASCADE,
  CONSTRAINT `fk_Productos_CategoriaProducto1`
    FOREIGN KEY (`IdCategoria`)
    REFERENCES `SIGCO`.`CategoriasProductos` (`IdCategoria`)
    ON DELETE CASCADE
    ON UPDATE CASCADE,
  CONSTRAINT `fk_Productos_Impuestos`
    FOREIGN KEY (`IdIva`)
    REFERENCES `SIGCO`.`Impuestos` (`IdIva`)
    ON DELETE CASCADE
    ON UPDATE CASCADE)
ENGINE = InnoDB;


-- -----------------------------------------------------
-- Table `SIGCO`.`Gestiones`
-- -----------------------------------------------------
DROP TABLE IF EXISTS `SIGCO`.`Gestiones` ;

CREATE TABLE IF NOT EXISTS `SIGCO`.`Gestiones` (
  `IdUsuario` INT NOT NULL,
  `IdEmpresa` INT NOT NULL,
  `FechaProgramada` DATE NOT NULL,
  `Estado` ENUM('PENDIENTE', 'CANCELADA', 'COMPLETADA') NOT NULL,
  `Tipo` ENUM('ASESORIA', 'CAPACITACION') NOT NULL,
  `Asunto` VARCHAR(45) NOT NULL,
  `Asistentes` INT NOT NULL,
  `Observaciones` VARCHAR(200) NOT NULL,
  `Lugar` VARCHAR(50) NOT NULL,
  PRIMARY KEY (`IdUsuario`, `FechaProgramada`),
  INDEX `fk_Asesorias_Empresas1_idx` (`IdEmpresa` ASC),
  INDEX `fk_Asesorias_Usuarios1_idx` (`IdUsuario` ASC),
  CONSTRAINT `fk_Asesorias_Empresas1`
    FOREIGN KEY (`IdEmpresa`)
    REFERENCES `SIGCO`.`Clientes` (`IdCliente`)
    ON DELETE CASCADE
    ON UPDATE CASCADE,
  CONSTRAINT `fk_Asesorias_Usuarios1`
    FOREIGN KEY (`IdUsuario`)
    REFERENCES `SIGCO`.`Usuarios` (`IdUsuario`)
    ON DELETE CASCADE
    ON UPDATE CASCADE)
ENGINE = InnoDB;


-- -----------------------------------------------------
-- Table `SIGCO`.`Cotizaciones`
-- -----------------------------------------------------
DROP TABLE IF EXISTS `SIGCO`.`Cotizaciones` ;

CREATE TABLE IF NOT EXISTS `SIGCO`.`Cotizaciones` (
  `IdCotizacion` INT NOT NULL AUTO_INCREMENT,
  `Estado` ENUM('VIGENTE', 'CANCELADA', 'OC') NOT NULL,
  `FechaCreacion` TIMESTAMP NOT NULL,
  `ValorTotal` INT NOT NULL,
  `Observaciones` VARCHAR(200) NOT NULL,
  `DescuentoIvaXCliente` TINYINT(1) NOT NULL,
  `IdUsuario` INT NOT NULL,
  `IdCliente` INT NOT NULL,
  PRIMARY KEY (`IdCotizacion`),
  INDEX `fk_Cotizaciones_Usuarios1_idx` (`IdUsuario` ASC),
  INDEX `fk_Cotizaciones_Cliente1_idx` (`IdCliente` ASC),
  CONSTRAINT `fk_Cotizaciones_Usuarios1`
    FOREIGN KEY (`IdUsuario`)
    REFERENCES `SIGCO`.`Usuarios` (`IdUsuario`)
    ON DELETE CASCADE
    ON UPDATE CASCADE,
  CONSTRAINT `fk_Cotizaciones_Cliente1`
    FOREIGN KEY (`IdCliente`)
    REFERENCES `SIGCO`.`Clientes` (`IdCliente`)
    ON DELETE CASCADE
    ON UPDATE CASCADE)
ENGINE = InnoDB;


-- -----------------------------------------------------
-- Table `SIGCO`.`OrdenesDeCompra`
-- -----------------------------------------------------
DROP TABLE IF EXISTS `SIGCO`.`OrdenesDeCompra` ;

CREATE TABLE IF NOT EXISTS `SIGCO`.`OrdenesDeCompra` (
  `IdOrden` INT NOT NULL AUTO_INCREMENT,
  `Cotizaciones_IdCotizacion` INT NOT NULL,
  `Estado` TINYINT(1) NOT NULL,
  `Fecha` TIMESTAMP NOT NULL,
  `TotalCotizacion` INT NOT NULL,
  `DescuentoTotal` INT NOT NULL,
  `GranTotal` INT NOT NULL,
  `Observaciones` VARCHAR(200) NOT NULL,
  PRIMARY KEY (`IdOrden`),
  INDEX `fk_OrdenDeCompra_Cotizaciones1_idx` (`Cotizaciones_IdCotizacion` ASC),
  CONSTRAINT `fk_OrdenDeCompra_Cotizaciones1`
    FOREIGN KEY (`Cotizaciones_IdCotizacion`)
    REFERENCES `SIGCO`.`Cotizaciones` (`IdCotizacion`)
    ON DELETE CASCADE
    ON UPDATE CASCADE)
ENGINE = InnoDB;


-- -----------------------------------------------------
-- Table `SIGCO`.`Metas`
-- -----------------------------------------------------
DROP TABLE IF EXISTS `SIGCO`.`Metas` ;

CREATE TABLE IF NOT EXISTS `SIGCO`.`Metas` (
  `IdMeta` INT NOT NULL AUTO_INCREMENT,
  `Tipo` ENUM('VENTAS', 'VISITAS') NOT NULL,
  `CantidadValor` INT NOT NULL,
  `FechaInicio` DATE NOT NULL,
  `FechaFin` DATE NOT NULL,
  PRIMARY KEY (`IdMeta`))
ENGINE = InnoDB;


-- -----------------------------------------------------
-- Table `SIGCO`.`DetallesCotizacion`
-- -----------------------------------------------------
DROP TABLE IF EXISTS `SIGCO`.`DetallesCotizacion` ;

CREATE TABLE IF NOT EXISTS `SIGCO`.`DetallesCotizacion` (
  `IdCotizacion` INT NOT NULL,
  `IdProducto` INT NOT NULL,
  `Cantidad` INT NOT NULL,
  `Iva` INT NOT NULL,
  `Total` INT NOT NULL,
  PRIMARY KEY (`IdCotizacion`, `IdProducto`),
  INDEX `fk_CotizacionDetalles_Cotizaciones1_idx` (`IdCotizacion` ASC),
  INDEX `fk_CotizacionDetalles_Productos1_idx` (`IdProducto` ASC),
  CONSTRAINT `fk_CotizacionDetalles_Cotizaciones1`
    FOREIGN KEY (`IdCotizacion`)
    REFERENCES `SIGCO`.`Cotizaciones` (`IdCotizacion`)
    ON DELETE CASCADE
    ON UPDATE CASCADE,
  CONSTRAINT `fk_CotizacionDetalles_Productos1`
    FOREIGN KEY (`IdProducto`)
    REFERENCES `SIGCO`.`Productos` (`IdProducto`)
    ON DELETE CASCADE
    ON UPDATE CASCADE)
ENGINE = InnoDB;


-- -----------------------------------------------------
-- Table `SIGCO`.`MetasUsuarios`
-- -----------------------------------------------------
DROP TABLE IF EXISTS `SIGCO`.`MetasUsuarios` ;

CREATE TABLE IF NOT EXISTS `SIGCO`.`MetasUsuarios` (
  `Usuarios_IdUsuario` INT NOT NULL,
  `Metas_IdMeta` INT NOT NULL,
  PRIMARY KEY (`Usuarios_IdUsuario`, `Metas_IdMeta`),
  INDEX `fk_MetasUsuario_Usuarios1_idx` (`Usuarios_IdUsuario` ASC),
  INDEX `fk_MetasUsuario_Metas1_idx` (`Metas_IdMeta` ASC),
  CONSTRAINT `fk_MetasUsuario_Usuarios1`
    FOREIGN KEY (`Usuarios_IdUsuario`)
    REFERENCES `SIGCO`.`Usuarios` (`IdUsuario`)
    ON DELETE CASCADE
    ON UPDATE CASCADE,
  CONSTRAINT `fk_MetasUsuario_Metas1`
    FOREIGN KEY (`Metas_IdMeta`)
    REFERENCES `SIGCO`.`Metas` (`IdMeta`)
    ON DELETE CASCADE
    ON UPDATE CASCADE)
ENGINE = InnoDB;


-- -----------------------------------------------------
-- Table `SIGCO`.`Roles`
-- -----------------------------------------------------
DROP TABLE IF EXISTS `SIGCO`.`Roles` ;

CREATE TABLE IF NOT EXISTS `SIGCO`.`Roles` (
  `IdRolUsuario` INT NOT NULL AUTO_INCREMENT,
  `Nombre` VARCHAR(15) NOT NULL,
  PRIMARY KEY (`IdRolUsuario`))
ENGINE = InnoDB;


-- -----------------------------------------------------
-- Table `SIGCO`.`RolesUsuarios`
-- -----------------------------------------------------
DROP TABLE IF EXISTS `SIGCO`.`RolesUsuarios` ;

CREATE TABLE IF NOT EXISTS `SIGCO`.`RolesUsuarios` (
  `Usuarios_IdUsuario` INT NOT NULL,
  `Roles_IdRolUsuario` INT NOT NULL,
  PRIMARY KEY (`Usuarios_IdUsuario`, `Roles_IdRolUsuario`),
  INDEX `fk_RolUsuario_Usuarios1_idx` (`Usuarios_IdUsuario` ASC),
  INDEX `fk_RolUsuario_Roles1_idx` (`Roles_IdRolUsuario` ASC),
  CONSTRAINT `fk_RolUsuario_Usuarios1`
    FOREIGN KEY (`Usuarios_IdUsuario`)
    REFERENCES `SIGCO`.`Usuarios` (`IdUsuario`)
    ON DELETE CASCADE
    ON UPDATE CASCADE,
  CONSTRAINT `fk_RolUsuario_Roles1`
    FOREIGN KEY (`Roles_IdRolUsuario`)
    REFERENCES `SIGCO`.`Roles` (`IdRolUsuario`)
    ON DELETE CASCADE
    ON UPDATE CASCADE)
ENGINE = InnoDB;


-- -----------------------------------------------------
-- Table `SIGCO`.`Temas`
-- -----------------------------------------------------
DROP TABLE IF EXISTS `SIGCO`.`Temas` ;

CREATE TABLE IF NOT EXISTS `SIGCO`.`Temas` (
  `IdTemas` INT NOT NULL AUTO_INCREMENT,
  `Nombre` VARCHAR(45) NOT NULL,
  PRIMARY KEY (`IdTemas`))
ENGINE = InnoDB;


-- -----------------------------------------------------
-- Table `SIGCO`.`Permisos`
-- -----------------------------------------------------
DROP TABLE IF EXISTS `SIGCO`.`Permisos` ;

CREATE TABLE IF NOT EXISTS `SIGCO`.`Permisos` (
  `IdPermisos` INT NOT NULL AUTO_INCREMENT,
  `Url` VARCHAR(100) NOT NULL,
  `NombrePagina` VARCHAR(45) NOT NULL,
  PRIMARY KEY (`IdPermisos`))
ENGINE = InnoDB;


-- -----------------------------------------------------
-- Table `SIGCO`.`RolesPermisos`
-- -----------------------------------------------------
DROP TABLE IF EXISTS `SIGCO`.`RolesPermisos` ;

CREATE TABLE IF NOT EXISTS `SIGCO`.`RolesPermisos` (
  `Roles_IdRolUsuario` INT NOT NULL,
  `Permisos_IdPermisos` INT NOT NULL,
  PRIMARY KEY (`Roles_IdRolUsuario`, `Permisos_IdPermisos`),
  INDEX `fk_RolesPermisos_Roles1_idx` (`Roles_IdRolUsuario` ASC),
  INDEX `fk_RolesPermisos_Permisos1_idx` (`Permisos_IdPermisos` ASC),
  CONSTRAINT `fk_RolesPermisos_Roles1`
    FOREIGN KEY (`Roles_IdRolUsuario`)
    REFERENCES `SIGCO`.`Roles` (`IdRolUsuario`)
    ON DELETE CASCADE
    ON UPDATE CASCADE,
  CONSTRAINT `fk_RolesPermisos_Permisos1`
    FOREIGN KEY (`Permisos_IdPermisos`)
    REFERENCES `SIGCO`.`Permisos` (`IdPermisos`)
    ON DELETE CASCADE
    ON UPDATE CASCADE)
ENGINE = InnoDB;


SET SQL_MODE=@OLD_SQL_MODE;
SET FOREIGN_KEY_CHECKS=@OLD_FOREIGN_KEY_CHECKS;
SET UNIQUE_CHECKS=@OLD_UNIQUE_CHECKS;

-- -----------------------------------------------------
-- Data for table `SIGCO`.`Usuarios`
-- -----------------------------------------------------
START TRANSACTION;
USE `SIGCO`;
INSERT INTO `SIGCO`.`Usuarios` (`IdUsuario`, `Nombres`, `Apellidos`, `Empleo`, `Email`, `Contrasenia`, `Estado`, `rutaImagen`) VALUES (1032404, 'Mary', 'Consuelo', 'Asesor', 'mary@sigco.com', 'mary123', 1, 'na');

COMMIT;


-- -----------------------------------------------------
-- Data for table `SIGCO`.`TiposEmpresas`
-- -----------------------------------------------------
START TRANSACTION;
USE `SIGCO`;
INSERT INTO `SIGCO`.`TiposEmpresas` (`IdTipo`, `Nombre`) VALUES (1, 'Unipersonal');
INSERT INTO `SIGCO`.`TiposEmpresas` (`IdTipo`, `Nombre`) VALUES (2, 'Sociedad Colectiva');
INSERT INTO `SIGCO`.`TiposEmpresas` (`IdTipo`, `Nombre`) VALUES (3, 'Cooperativa');
INSERT INTO `SIGCO`.`TiposEmpresas` (`IdTipo`, `Nombre`) VALUES (4, 'Comanditaria');
INSERT INTO `SIGCO`.`TiposEmpresas` (`IdTipo`, `Nombre`) VALUES (5, 'Sociedad de Responsabilidad Limitada');
INSERT INTO `SIGCO`.`TiposEmpresas` (`IdTipo`, `Nombre`) VALUES (6, 'Sociedad Anónima');

COMMIT;


-- -----------------------------------------------------
-- Data for table `SIGCO`.`ActividadesEmpresas`
-- -----------------------------------------------------
START TRANSACTION;
USE `SIGCO`;
INSERT INTO `SIGCO`.`ActividadesEmpresas` (`IdActividad`, `Nombre`, `PagaIva`) VALUES (1, 'Agricultura', 1);
INSERT INTO `SIGCO`.`ActividadesEmpresas` (`IdActividad`, `Nombre`, `PagaIva`) VALUES (2, 'Explotación de minas y canteras', 1);
INSERT INTO `SIGCO`.`ActividadesEmpresas` (`IdActividad`, `Nombre`, `PagaIva`) VALUES (3, 'Industrias manufactureras', 1);
INSERT INTO `SIGCO`.`ActividadesEmpresas` (`IdActividad`, `Nombre`, `PagaIva`) VALUES (4, 'Suministro de electricidad', 1);
INSERT INTO `SIGCO`.`ActividadesEmpresas` (`IdActividad`, `Nombre`, `PagaIva`) VALUES (5, 'Distribución de agua', 1);
INSERT INTO `SIGCO`.`ActividadesEmpresas` (`IdActividad`, `Nombre`, `PagaIva`) VALUES (6, 'Construcción', 1);
INSERT INTO `SIGCO`.`ActividadesEmpresas` (`IdActividad`, `Nombre`, `PagaIva`) VALUES (7, 'Comercio al por mayor y al por menor', 1);
INSERT INTO `SIGCO`.`ActividadesEmpresas` (`IdActividad`, `Nombre`, `PagaIva`) VALUES (8, 'Transporte y almacenamiento', 0);
INSERT INTO `SIGCO`.`ActividadesEmpresas` (`IdActividad`, `Nombre`, `PagaIva`) VALUES (9, 'Alojamiento y servicios de comida', 1);
INSERT INTO `SIGCO`.`ActividadesEmpresas` (`IdActividad`, `Nombre`, `PagaIva`) VALUES (10, 'Información y comunicaciones', 1);
INSERT INTO `SIGCO`.`ActividadesEmpresas` (`IdActividad`, `Nombre`, `PagaIva`) VALUES (11, 'Actividades financieras y de seguros', 1);
INSERT INTO `SIGCO`.`ActividadesEmpresas` (`IdActividad`, `Nombre`, `PagaIva`) VALUES (12, 'Actividades inmobiliarias', 1);
INSERT INTO `SIGCO`.`ActividadesEmpresas` (`IdActividad`, `Nombre`, `PagaIva`) VALUES (13, 'Actividades profesionales', 1);
INSERT INTO `SIGCO`.`ActividadesEmpresas` (`IdActividad`, `Nombre`, `PagaIva`) VALUES (14, 'Actividades de servicios administrativos y de apoyo', 0);
INSERT INTO `SIGCO`.`ActividadesEmpresas` (`IdActividad`, `Nombre`, `PagaIva`) VALUES (15, 'Administración pública y defensa', 0);
INSERT INTO `SIGCO`.`ActividadesEmpresas` (`IdActividad`, `Nombre`, `PagaIva`) VALUES (16, 'Educación', 0);
INSERT INTO `SIGCO`.`ActividadesEmpresas` (`IdActividad`, `Nombre`, `PagaIva`) VALUES (17, 'Actividades de atención de la salud humana y de asistencia social', 1);
INSERT INTO `SIGCO`.`ActividadesEmpresas` (`IdActividad`, `Nombre`, `PagaIva`) VALUES (18, 'Actividades artísticas', 1);
INSERT INTO `SIGCO`.`ActividadesEmpresas` (`IdActividad`, `Nombre`, `PagaIva`) VALUES (19, 'Otras actividades de servicios', 1);
INSERT INTO `SIGCO`.`ActividadesEmpresas` (`IdActividad`, `Nombre`, `PagaIva`) VALUES (20, 'Actividades de los hogares en calidad de empleadores', 1);
INSERT INTO `SIGCO`.`ActividadesEmpresas` (`IdActividad`, `Nombre`, `PagaIva`) VALUES (21, 'Actividades de organizaciones y entidades extraterritoriales', 1);
INSERT INTO `SIGCO`.`ActividadesEmpresas` (`IdActividad`, `Nombre`, `PagaIva`) VALUES (22, 'Seccion exclusiva para la DIAN', 1);

COMMIT;


-- -----------------------------------------------------
-- Data for table `SIGCO`.`Clasificaciones`
-- -----------------------------------------------------
START TRANSACTION;
USE `SIGCO`;
INSERT INTO `SIGCO`.`Clasificaciones` (`IdClasificacion`, `Nombre`) VALUES (1, 'Nuevo');
INSERT INTO `SIGCO`.`Clasificaciones` (`IdClasificacion`, `Nombre`) VALUES (2, 'Frecuente');
INSERT INTO `SIGCO`.`Clasificaciones` (`IdClasificacion`, `Nombre`) VALUES (3, 'V.I.P.');
INSERT INTO `SIGCO`.`Clasificaciones` (`IdClasificacion`, `Nombre`) VALUES (4, 'Corporativo');

COMMIT;


-- -----------------------------------------------------
-- Data for table `SIGCO`.`Ciudades`
-- -----------------------------------------------------
START TRANSACTION;
USE `SIGCO`;
INSERT INTO `SIGCO`.`Ciudades` (`IdCiudad`, `Nombre`) VALUES (1, 'Bogotá');
INSERT INTO `SIGCO`.`Ciudades` (`IdCiudad`, `Nombre`) VALUES (2, 'Medellín');
INSERT INTO `SIGCO`.`Ciudades` (`IdCiudad`, `Nombre`) VALUES (3, 'Cali');
INSERT INTO `SIGCO`.`Ciudades` (`IdCiudad`, `Nombre`) VALUES (4, 'Barranquilla');
INSERT INTO `SIGCO`.`Ciudades` (`IdCiudad`, `Nombre`) VALUES (5, 'Cartagena');
INSERT INTO `SIGCO`.`Ciudades` (`IdCiudad`, `Nombre`) VALUES (6, 'Cúcuta');
INSERT INTO `SIGCO`.`Ciudades` (`IdCiudad`, `Nombre`) VALUES (7, 'Soledad');
INSERT INTO `SIGCO`.`Ciudades` (`IdCiudad`, `Nombre`) VALUES (8, 'Ibagué');
INSERT INTO `SIGCO`.`Ciudades` (`IdCiudad`, `Nombre`) VALUES (9, 'Bucaramanga');
INSERT INTO `SIGCO`.`Ciudades` (`IdCiudad`, `Nombre`) VALUES (10, 'Soacha');
INSERT INTO `SIGCO`.`Ciudades` (`IdCiudad`, `Nombre`) VALUES (11, 'Villvicencio');
INSERT INTO `SIGCO`.`Ciudades` (`IdCiudad`, `Nombre`) VALUES (12, 'Santa Marta');
INSERT INTO `SIGCO`.`Ciudades` (`IdCiudad`, `Nombre`) VALUES (13, 'Pereira');
INSERT INTO `SIGCO`.`Ciudades` (`IdCiudad`, `Nombre`) VALUES (14, 'Bello');
INSERT INTO `SIGCO`.`Ciudades` (`IdCiudad`, `Nombre`) VALUES (15, 'Valledupar');
INSERT INTO `SIGCO`.`Ciudades` (`IdCiudad`, `Nombre`) VALUES (16, 'Montería');
INSERT INTO `SIGCO`.`Ciudades` (`IdCiudad`, `Nombre`) VALUES (17, 'Pasto');
INSERT INTO `SIGCO`.`Ciudades` (`IdCiudad`, `Nombre`) VALUES (18, 'Buenaventura');
INSERT INTO `SIGCO`.`Ciudades` (`IdCiudad`, `Nombre`) VALUES (19, 'Manizales');
INSERT INTO `SIGCO`.`Ciudades` (`IdCiudad`, `Nombre`) VALUES (20, 'Neiva');
INSERT INTO `SIGCO`.`Ciudades` (`IdCiudad`, `Nombre`) VALUES (21, 'Palmira');
INSERT INTO `SIGCO`.`Ciudades` (`IdCiudad`, `Nombre`) VALUES (22, 'Armenia');

COMMIT;


-- -----------------------------------------------------
-- Data for table `SIGCO`.`Clientes`
-- -----------------------------------------------------
START TRANSACTION;
USE `SIGCO`;
INSERT INTO `SIGCO`.`Clientes` (`IdCliente`, `RazonSocial`, `Direccion`, `TelFijo`, `Email`, `NombresContacto`, `ApellidosContacto`, `CelularContacto`, `EmailContacto`, `IdTipo`, `IdActividad`, `IdClasificacion`, `IdCiudad`) VALUES (90000000, 'Nunc Mauris Sapien PC', 'P.O. Box 367, 9876 Nisl. Road', 0065042, 'scelerisque@etnetus.ca', 'Brett', 'Harper', 50062270883, 'sociis.natoque.penatibus@augueSedmolestie.ca', 2, 18, 4, 7);
INSERT INTO `SIGCO`.`Clientes` (`IdCliente`, `RazonSocial`, `Direccion`, `TelFijo`, `Email`, `NombresContacto`, `ApellidosContacto`, `CelularContacto`, `EmailContacto`, `IdTipo`, `IdActividad`, `IdClasificacion`, `IdCiudad`) VALUES (90000001, 'Egestas LLP', 'P.O. Box 923, 2582 Est St.', 4436206, 'Duis.a.mi@sagittis.org', 'Jason', 'Hardin', 30258161843, 'aliquet@estMauriseu.net', 6, 17, 4, 9);
INSERT INTO `SIGCO`.`Clientes` (`IdCliente`, `RazonSocial`, `Direccion`, `TelFijo`, `Email`, `NombresContacto`, `ApellidosContacto`, `CelularContacto`, `EmailContacto`, `IdTipo`, `IdActividad`, `IdClasificacion`, `IdCiudad`) VALUES (90000002, 'Nibh Industries', '9837 Varius. St.', 4222137, 'et.arcu@miDuis.edu', 'Haviva', 'Donaldson', 57528016798, 'odio.sagittis.semper@fermentumconvallis.edu', 3, 22, 2, 17);
INSERT INTO `SIGCO`.`Clientes` (`IdCliente`, `RazonSocial`, `Direccion`, `TelFijo`, `Email`, `NombresContacto`, `ApellidosContacto`, `CelularContacto`, `EmailContacto`, `IdTipo`, `IdActividad`, `IdClasificacion`, `IdCiudad`) VALUES (90000003, 'Tincidunt Industries', 'Ap #710-3721 Ullamcorper Road', 1288911, 'Cum.sociis.natoque@tempusscelerisquelorem.edu', 'Martina', 'Melendez', 52850881684, 'eu.placerat.eget@purus.edu', 1, 14, 2, 7);
INSERT INTO `SIGCO`.`Clientes` (`IdCliente`, `RazonSocial`, `Direccion`, `TelFijo`, `Email`, `NombresContacto`, `ApellidosContacto`, `CelularContacto`, `EmailContacto`, `IdTipo`, `IdActividad`, `IdClasificacion`, `IdCiudad`) VALUES (90000004, 'Erat Etiam Vestibulum LLC', 'Ap #577-115 Ipsum Street', 5060347, 'Curabitur.ut@ac.org', 'Damian', 'Bridges', 11793478093, 'Nullam.lobortis@nuncac.co.uk', 5, 8, 3, 7);
INSERT INTO `SIGCO`.`Clientes` (`IdCliente`, `RazonSocial`, `Direccion`, `TelFijo`, `Email`, `NombresContacto`, `ApellidosContacto`, `CelularContacto`, `EmailContacto`, `IdTipo`, `IdActividad`, `IdClasificacion`, `IdCiudad`) VALUES (90000005, 'Ultrices Posuere Cubilia Limited', '5329 Libero St.', 4056111, 'Fusce.aliquam@pedeultrices.com', 'Eden', 'Hahn', 08684023423, 'orci@lacusUtnec.net', 6, 22, 2, 11);
INSERT INTO `SIGCO`.`Clientes` (`IdCliente`, `RazonSocial`, `Direccion`, `TelFijo`, `Email`, `NombresContacto`, `ApellidosContacto`, `CelularContacto`, `EmailContacto`, `IdTipo`, `IdActividad`, `IdClasificacion`, `IdCiudad`) VALUES (90000006, 'Dapibus Rutrum Justo Associates', 'Ap #500-5874 Non, St.', 4686611, 'amet.risus@cursusNuncmauris.co.uk', 'Idona', 'Jordan', 18768568500, 'adipiscing.fringilla.porttitor@dui.co.uk', 4, 18, 2, 5);
INSERT INTO `SIGCO`.`Clientes` (`IdCliente`, `RazonSocial`, `Direccion`, `TelFijo`, `Email`, `NombresContacto`, `ApellidosContacto`, `CelularContacto`, `EmailContacto`, `IdTipo`, `IdActividad`, `IdClasificacion`, `IdCiudad`) VALUES (90000007, 'Sociis LLP', 'Ap #613-3551 Pulvinar Rd.', 4634714, 'Nunc.mauris.sapien@laoreet.net', 'Chancellor', 'Kirk', 49719713457, 'arcu@molestiedapibus.org', 6, 9, 1, 19);
INSERT INTO `SIGCO`.`Clientes` (`IdCliente`, `RazonSocial`, `Direccion`, `TelFijo`, `Email`, `NombresContacto`, `ApellidosContacto`, `CelularContacto`, `EmailContacto`, `IdTipo`, `IdActividad`, `IdClasificacion`, `IdCiudad`) VALUES (90000008, 'Aliquam Adipiscing Lacus Consulting', '6349 Ullamcorper Ave', 5168615, 'ipsum.Phasellus.vitae@augueSedmolestie.org', 'Brenna', 'Colon', 31229381435, 'Quisque@musProin.com', 1, 4, 2, 2);
INSERT INTO `SIGCO`.`Clientes` (`IdCliente`, `RazonSocial`, `Direccion`, `TelFijo`, `Email`, `NombresContacto`, `ApellidosContacto`, `CelularContacto`, `EmailContacto`, `IdTipo`, `IdActividad`, `IdClasificacion`, `IdCiudad`) VALUES (90000009, 'Mauris Blandit Corporation', '166-5518 Vel Ave', 2998756, 'gravida.non@orciconsectetuer.com', 'Michelle', 'Knight', 63718624859, 'Aenean.gravida.nunc@lectusNullam.ca', 5, 16, 1, 19);
INSERT INTO `SIGCO`.`Clientes` (`IdCliente`, `RazonSocial`, `Direccion`, `TelFijo`, `Email`, `NombresContacto`, `ApellidosContacto`, `CelularContacto`, `EmailContacto`, `IdTipo`, `IdActividad`, `IdClasificacion`, `IdCiudad`) VALUES (90000010, 'Magna Ut Ltd', '238-1178 Et Ave', 9554524, 'Maecenas@vitaerisus.ca', 'Xyla', 'Vaughan', 57191801456, 'Cras.interdum.Nunc@velarcuCurabitur.ca', 4, 4, 1, 4);
INSERT INTO `SIGCO`.`Clientes` (`IdCliente`, `RazonSocial`, `Direccion`, `TelFijo`, `Email`, `NombresContacto`, `ApellidosContacto`, `CelularContacto`, `EmailContacto`, `IdTipo`, `IdActividad`, `IdClasificacion`, `IdCiudad`) VALUES (90000011, 'Elit Pellentesque Company', '1805 Consectetuer, Road', 9633259, 'lacus@eget.net', 'Keelie', 'Bray', 87289003882, 'mi.felis@idanteNunc.edu', 6, 6, 2, 13);
INSERT INTO `SIGCO`.`Clientes` (`IdCliente`, `RazonSocial`, `Direccion`, `TelFijo`, `Email`, `NombresContacto`, `ApellidosContacto`, `CelularContacto`, `EmailContacto`, `IdTipo`, `IdActividad`, `IdClasificacion`, `IdCiudad`) VALUES (90000012, 'Eu Institute', '9225 Diam. Ave', 9990799, 'Suspendisse.aliquet@vestibulumloremsit.ca', 'Igor', 'Cox', 58802521623, 'semper@velit.com', 2, 11, 4, 22);
INSERT INTO `SIGCO`.`Clientes` (`IdCliente`, `RazonSocial`, `Direccion`, `TelFijo`, `Email`, `NombresContacto`, `ApellidosContacto`, `CelularContacto`, `EmailContacto`, `IdTipo`, `IdActividad`, `IdClasificacion`, `IdCiudad`) VALUES (90000013, 'Quis Arcu Vel Company', 'Ap #577-802 Interdum. Ave', 2893228, 'erat.vitae@Donecluctus.net', 'Samuel', 'Bentley', 61309312881, 'molestie@dolor.ca', 2, 14, 2, 19);
INSERT INTO `SIGCO`.`Clientes` (`IdCliente`, `RazonSocial`, `Direccion`, `TelFijo`, `Email`, `NombresContacto`, `ApellidosContacto`, `CelularContacto`, `EmailContacto`, `IdTipo`, `IdActividad`, `IdClasificacion`, `IdCiudad`) VALUES (90000014, 'Justo Associates', 'P.O. Box 523, 5879 Vestibulum Road', 5632163, 'at.iaculis@ultricesposuere.com', 'Illiana', 'Lane', 97211259716, 'nisl.Maecenas.malesuada@placerataugue.org', 1, 3, 2, 8);
INSERT INTO `SIGCO`.`Clientes` (`IdCliente`, `RazonSocial`, `Direccion`, `TelFijo`, `Email`, `NombresContacto`, `ApellidosContacto`, `CelularContacto`, `EmailContacto`, `IdTipo`, `IdActividad`, `IdClasificacion`, `IdCiudad`) VALUES (90000015, 'Fermentum Metus Incorporated', 'P.O. Box 373, 1385 Ac Road', 0186563, 'pellentesque@commodo.co.uk', 'Ginger', 'Franks', 63782370495, 'aliquet@pedePraesenteu.com', 4, 17, 1, 17);
INSERT INTO `SIGCO`.`Clientes` (`IdCliente`, `RazonSocial`, `Direccion`, `TelFijo`, `Email`, `NombresContacto`, `ApellidosContacto`, `CelularContacto`, `EmailContacto`, `IdTipo`, `IdActividad`, `IdClasificacion`, `IdCiudad`) VALUES (90000016, 'Laoreet Lectus Quis Incorporated', 'P.O. Box 566, 7366 Dolor, Road', 7384222, 'Proin@Proin.ca', 'Joshua', 'Kane', 00219900359, 'vehicula.Pellentesque@vulputateullamcorpermagna.co.uk', 4, 6, 3, 18);
INSERT INTO `SIGCO`.`Clientes` (`IdCliente`, `RazonSocial`, `Direccion`, `TelFijo`, `Email`, `NombresContacto`, `ApellidosContacto`, `CelularContacto`, `EmailContacto`, `IdTipo`, `IdActividad`, `IdClasificacion`, `IdCiudad`) VALUES (90000017, 'Leo Incorporated', 'P.O. Box 534, 6173 Eu Road', 1120444, 'erat@tortor.org', 'Chiquita', 'Atkins', 47991693445, 'luctus@etmagnisdis.org', 5, 16, 1, 12);
INSERT INTO `SIGCO`.`Clientes` (`IdCliente`, `RazonSocial`, `Direccion`, `TelFijo`, `Email`, `NombresContacto`, `ApellidosContacto`, `CelularContacto`, `EmailContacto`, `IdTipo`, `IdActividad`, `IdClasificacion`, `IdCiudad`) VALUES (90000018, 'Tempus Mauris Consulting', 'P.O. Box 689, 9189 Fringilla Rd.', 0673887, 'urna@nectempus.net', 'Wade', 'Woodard', 67664904617, 'elementum.sem.vitae@nibhdolor.com', 6, 5, 2, 7);
INSERT INTO `SIGCO`.`Clientes` (`IdCliente`, `RazonSocial`, `Direccion`, `TelFijo`, `Email`, `NombresContacto`, `ApellidosContacto`, `CelularContacto`, `EmailContacto`, `IdTipo`, `IdActividad`, `IdClasificacion`, `IdCiudad`) VALUES (90000019, 'Ligula Consectetuer Rhoncus Institute', 'Ap #177-6465 Aliquam Av.', 7681224, 'facilisi.Sed@tellusPhaselluselit.ca', 'Brady', 'Morrow', 43107911486, 'ante@Quisqueac.net', 2, 15, 1, 11);
INSERT INTO `SIGCO`.`Clientes` (`IdCliente`, `RazonSocial`, `Direccion`, `TelFijo`, `Email`, `NombresContacto`, `ApellidosContacto`, `CelularContacto`, `EmailContacto`, `IdTipo`, `IdActividad`, `IdClasificacion`, `IdCiudad`) VALUES (90000020, 'Eget Massa Suspendisse Incorporated', 'Ap #830-1837 Netus Street', 6585500, 'tincidunt@nonsollicitudina.co.uk', 'Olga', 'Alford', 89049889097, 'gravida@ultrices.net', 1, 10, 4, 3);
INSERT INTO `SIGCO`.`Clientes` (`IdCliente`, `RazonSocial`, `Direccion`, `TelFijo`, `Email`, `NombresContacto`, `ApellidosContacto`, `CelularContacto`, `EmailContacto`, `IdTipo`, `IdActividad`, `IdClasificacion`, `IdCiudad`) VALUES (90000021, 'Imperdiet Dictum LLC', '613-7147 Diam. Ave', 0554504, 'Suspendisse.dui.Fusce@lectuspedeultrices.org', 'Desirae', 'Cooper', 94830641931, 'Donec.sollicitudin.adipiscing@purus.com', 4, 4, 4, 10);
INSERT INTO `SIGCO`.`Clientes` (`IdCliente`, `RazonSocial`, `Direccion`, `TelFijo`, `Email`, `NombresContacto`, `ApellidosContacto`, `CelularContacto`, `EmailContacto`, `IdTipo`, `IdActividad`, `IdClasificacion`, `IdCiudad`) VALUES (90000022, 'Nibh Ltd', 'Ap #493-2437 Ligula. Street', 6446874, 'nec@Sedidrisus.com', 'Giacomo', 'Nelson', 47175159798, 'mattis@anteiaculis.co.uk', 3, 11, 2, 4);
INSERT INTO `SIGCO`.`Clientes` (`IdCliente`, `RazonSocial`, `Direccion`, `TelFijo`, `Email`, `NombresContacto`, `ApellidosContacto`, `CelularContacto`, `EmailContacto`, `IdTipo`, `IdActividad`, `IdClasificacion`, `IdCiudad`) VALUES (90000023, 'Egestas Nunc Institute', 'P.O. Box 659, 9359 Nonummy Av.', 6174817, 'metus.In.nec@duiquis.ca', 'Nora', 'Garrett', 42862371327, 'arcu.Sed.et@egetlacusMauris.edu', 6, 14, 1, 1);
INSERT INTO `SIGCO`.`Clientes` (`IdCliente`, `RazonSocial`, `Direccion`, `TelFijo`, `Email`, `NombresContacto`, `ApellidosContacto`, `CelularContacto`, `EmailContacto`, `IdTipo`, `IdActividad`, `IdClasificacion`, `IdCiudad`) VALUES (90000024, 'Non Limited', '580-8812 Placerat Street', 5636099, 'erat@ipsumac.co.uk', 'Rajah', 'Roberts', 99141652640, 'diam.Duis.mi@libero.co.uk', 2, 8, 1, 4);
INSERT INTO `SIGCO`.`Clientes` (`IdCliente`, `RazonSocial`, `Direccion`, `TelFijo`, `Email`, `NombresContacto`, `ApellidosContacto`, `CelularContacto`, `EmailContacto`, `IdTipo`, `IdActividad`, `IdClasificacion`, `IdCiudad`) VALUES (90000025, 'Sapien Consulting', 'Ap #306-4807 Integer Rd.', 2931029, 'massa.Integer.vitae@laoreet.net', 'Hammett', 'Dotson', 53246154002, 'iaculis@felisadipiscing.ca', 1, 20, 1, 5);
INSERT INTO `SIGCO`.`Clientes` (`IdCliente`, `RazonSocial`, `Direccion`, `TelFijo`, `Email`, `NombresContacto`, `ApellidosContacto`, `CelularContacto`, `EmailContacto`, `IdTipo`, `IdActividad`, `IdClasificacion`, `IdCiudad`) VALUES (90000026, 'Nulla Corp.', '238-2988 Et Av.', 1360920, 'tempus.mauris.erat@dignissimmagnaa.edu', 'Carolyn', 'Merrill', 21448079587, 'aliquam@felispurus.com', 5, 18, 2, 17);
INSERT INTO `SIGCO`.`Clientes` (`IdCliente`, `RazonSocial`, `Direccion`, `TelFijo`, `Email`, `NombresContacto`, `ApellidosContacto`, `CelularContacto`, `EmailContacto`, `IdTipo`, `IdActividad`, `IdClasificacion`, `IdCiudad`) VALUES (90000027, 'Pharetra Quisque Ac Institute', 'Ap #637-7885 Lorem Ave', 4795123, 'tincidunt.adipiscing@suscipitnonummy.org', 'Neil', 'Wolfe', 61954416219, 'blandit.congue@utcursusluctus.ca', 2, 14, 2, 2);
INSERT INTO `SIGCO`.`Clientes` (`IdCliente`, `RazonSocial`, `Direccion`, `TelFijo`, `Email`, `NombresContacto`, `ApellidosContacto`, `CelularContacto`, `EmailContacto`, `IdTipo`, `IdActividad`, `IdClasificacion`, `IdCiudad`) VALUES (90000028, 'Rutrum Non Hendrerit Consulting', '1730 Malesuada Rd.', 6262529, 'nulla@purusNullam.org', 'Cally', 'Vazquez', 06404656497, 'Aenean.eget.magna@nislMaecenasmalesuada.com', 5, 6, 3, 10);
INSERT INTO `SIGCO`.`Clientes` (`IdCliente`, `RazonSocial`, `Direccion`, `TelFijo`, `Email`, `NombresContacto`, `ApellidosContacto`, `CelularContacto`, `EmailContacto`, `IdTipo`, `IdActividad`, `IdClasificacion`, `IdCiudad`) VALUES (90000029, 'Tristique Neque LLC', 'P.O. Box 715, 3674 Dis Av.', 0494998, 'pede.Suspendisse@nonummyFuscefermentum.ca', 'Martha', 'Horne', 85430817724, 'libero@eratin.org', 6, 22, 2, 18);
INSERT INTO `SIGCO`.`Clientes` (`IdCliente`, `RazonSocial`, `Direccion`, `TelFijo`, `Email`, `NombresContacto`, `ApellidosContacto`, `CelularContacto`, `EmailContacto`, `IdTipo`, `IdActividad`, `IdClasificacion`, `IdCiudad`) VALUES (90000030, 'Molestie Tellus Aenean Limited', '938-4685 Metus Street', 1900595, 'a.enim.Suspendisse@eros.net', 'Charde', 'Byrd', 96266982970, 'Nam.tempor@Pellentesquetincidunt.net', 5, 17, 4, 4);
INSERT INTO `SIGCO`.`Clientes` (`IdCliente`, `RazonSocial`, `Direccion`, `TelFijo`, `Email`, `NombresContacto`, `ApellidosContacto`, `CelularContacto`, `EmailContacto`, `IdTipo`, `IdActividad`, `IdClasificacion`, `IdCiudad`) VALUES (90000031, 'Eu Dolor PC', '4262 Cursus Avenue', 1795546, 'interdum.feugiat.Sed@malesuadaaugueut.co.uk', 'Rhiannon', 'Butler', 14349193034, 'sociis.natoque@Utsagittislobortis.org', 1, 13, 4, 16);
INSERT INTO `SIGCO`.`Clientes` (`IdCliente`, `RazonSocial`, `Direccion`, `TelFijo`, `Email`, `NombresContacto`, `ApellidosContacto`, `CelularContacto`, `EmailContacto`, `IdTipo`, `IdActividad`, `IdClasificacion`, `IdCiudad`) VALUES (90000032, 'Donec Tempor Limited', '6263 Arcu Av.', 1765722, 'sit@sociis.org', 'Zeph', 'Vance', 90874162394, 'in.magna.Phasellus@Aliquamvulputateullamcorper.org', 3, 15, 3, 12);
INSERT INTO `SIGCO`.`Clientes` (`IdCliente`, `RazonSocial`, `Direccion`, `TelFijo`, `Email`, `NombresContacto`, `ApellidosContacto`, `CelularContacto`, `EmailContacto`, `IdTipo`, `IdActividad`, `IdClasificacion`, `IdCiudad`) VALUES (90000033, 'Enim PC', 'P.O. Box 755, 5409 Est. Rd.', 0452301, 'et@Lorem.ca', 'Nolan', 'Mays', 97662946478, 'Nam.interdum@non.ca', 6, 9, 2, 5);
INSERT INTO `SIGCO`.`Clientes` (`IdCliente`, `RazonSocial`, `Direccion`, `TelFijo`, `Email`, `NombresContacto`, `ApellidosContacto`, `CelularContacto`, `EmailContacto`, `IdTipo`, `IdActividad`, `IdClasificacion`, `IdCiudad`) VALUES (90000034, 'Convallis Dolor Quisque Institute', 'P.O. Box 766, 9054 Ipsum. Av.', 2649387, 'eu.odio@enimsitamet.ca', 'Kirsten', 'Acosta', 99107459211, 'elit.pharetra.ut@Nam.edu', 5, 22, 4, 16);
INSERT INTO `SIGCO`.`Clientes` (`IdCliente`, `RazonSocial`, `Direccion`, `TelFijo`, `Email`, `NombresContacto`, `ApellidosContacto`, `CelularContacto`, `EmailContacto`, `IdTipo`, `IdActividad`, `IdClasificacion`, `IdCiudad`) VALUES (90000035, 'Cursus Et Associates', 'Ap #887-976 Lorem, St.', 6130632, 'sagittis.Duis.gravida@at.co.uk', 'Maxine', 'Good', 10163491097, 'condimentum.Donec@pede.edu', 3, 16, 1, 5);
INSERT INTO `SIGCO`.`Clientes` (`IdCliente`, `RazonSocial`, `Direccion`, `TelFijo`, `Email`, `NombresContacto`, `ApellidosContacto`, `CelularContacto`, `EmailContacto`, `IdTipo`, `IdActividad`, `IdClasificacion`, `IdCiudad`) VALUES (90000036, 'Ac Mi Eleifend Limited', 'P.O. Box 675, 4111 Ligula Ave', 8615738, 'Quisque.ornare@dictumsapien.edu', 'Christian', 'Snyder', 31804529684, 'Quisque@vulputateeu.ca', 2, 2, 1, 13);
INSERT INTO `SIGCO`.`Clientes` (`IdCliente`, `RazonSocial`, `Direccion`, `TelFijo`, `Email`, `NombresContacto`, `ApellidosContacto`, `CelularContacto`, `EmailContacto`, `IdTipo`, `IdActividad`, `IdClasificacion`, `IdCiudad`) VALUES (90000037, 'Proin Velit Sed Corporation', '862-8774 Dolor Rd.', 3098121, 'quis@ligula.com', 'Nadine', 'Francis', 67533487508, 'Nunc.pulvinar.arcu@sitamet.co.uk', 5, 8, 3, 18);
INSERT INTO `SIGCO`.`Clientes` (`IdCliente`, `RazonSocial`, `Direccion`, `TelFijo`, `Email`, `NombresContacto`, `ApellidosContacto`, `CelularContacto`, `EmailContacto`, `IdTipo`, `IdActividad`, `IdClasificacion`, `IdCiudad`) VALUES (90000038, 'Eu Eros Nam Consulting', '458-516 Eget Av.', 7019887, 'Proin@nislMaecenasmalesuada.co.uk', 'Danielle', 'Hurst', 08338071086, 'non.nisi@perconubia.com', 2, 12, 4, 17);
INSERT INTO `SIGCO`.`Clientes` (`IdCliente`, `RazonSocial`, `Direccion`, `TelFijo`, `Email`, `NombresContacto`, `ApellidosContacto`, `CelularContacto`, `EmailContacto`, `IdTipo`, `IdActividad`, `IdClasificacion`, `IdCiudad`) VALUES (90000039, 'Ut Associates', '566-7709 Nulla Rd.', 3972215, 'ut.nulla.Cras@enimmi.com', 'Macaulay', 'Levy', 01448761210, 'aliquam.adipiscing@sitamet.ca', 6, 14, 1, 14);
INSERT INTO `SIGCO`.`Clientes` (`IdCliente`, `RazonSocial`, `Direccion`, `TelFijo`, `Email`, `NombresContacto`, `ApellidosContacto`, `CelularContacto`, `EmailContacto`, `IdTipo`, `IdActividad`, `IdClasificacion`, `IdCiudad`) VALUES (90000040, 'Diam Incorporated', 'Ap #255-2522 Duis Avenue', 5606782, 'Mauris.vestibulum.neque@parturientmontes.ca', 'Keane', 'Odonnell', 36750612289, 'Quisque@fames.com', 6, 7, 4, 5);
INSERT INTO `SIGCO`.`Clientes` (`IdCliente`, `RazonSocial`, `Direccion`, `TelFijo`, `Email`, `NombresContacto`, `ApellidosContacto`, `CelularContacto`, `EmailContacto`, `IdTipo`, `IdActividad`, `IdClasificacion`, `IdCiudad`) VALUES (90000041, 'Velit Justo Industries', 'P.O. Box 546, 9891 Ipsum St.', 6974052, 'sociis.natoque@estacfacilisis.ca', 'Keaton', 'Valencia', 15733434272, 'Sed.pharetra@duisemper.org', 1, 21, 1, 18);
INSERT INTO `SIGCO`.`Clientes` (`IdCliente`, `RazonSocial`, `Direccion`, `TelFijo`, `Email`, `NombresContacto`, `ApellidosContacto`, `CelularContacto`, `EmailContacto`, `IdTipo`, `IdActividad`, `IdClasificacion`, `IdCiudad`) VALUES (90000042, 'Ullamcorper Viverra PC', 'Ap #383-541 Diam Ave', 1968937, 'mauris@venenatisvel.co.uk', 'Karleigh', 'Delgado', 40936328342, 'sed.tortor.Integer@Cras.net', 1, 2, 3, 15);
INSERT INTO `SIGCO`.`Clientes` (`IdCliente`, `RazonSocial`, `Direccion`, `TelFijo`, `Email`, `NombresContacto`, `ApellidosContacto`, `CelularContacto`, `EmailContacto`, `IdTipo`, `IdActividad`, `IdClasificacion`, `IdCiudad`) VALUES (90000043, 'Donec Fringilla Donec Industries', 'P.O. Box 136, 8254 Pretium St.', 3652510, 'leo.Morbi@Namac.com', 'Shaine', 'Mcmillan', 30319857756, 'odio.Nam.interdum@in.net', 5, 7, 2, 2);
INSERT INTO `SIGCO`.`Clientes` (`IdCliente`, `RazonSocial`, `Direccion`, `TelFijo`, `Email`, `NombresContacto`, `ApellidosContacto`, `CelularContacto`, `EmailContacto`, `IdTipo`, `IdActividad`, `IdClasificacion`, `IdCiudad`) VALUES (90000044, 'Ante Bibendum Corporation', 'P.O. Box 618, 6601 Luctus Avenue', 5329086, 'dictum.sapien.Aenean@semelitpharetra.co.uk', 'Xyla', 'Nichols', 66197929752, 'rutrum.justo.Praesent@sociisnatoquepenatibus.com', 6, 1, 2, 16);
INSERT INTO `SIGCO`.`Clientes` (`IdCliente`, `RazonSocial`, `Direccion`, `TelFijo`, `Email`, `NombresContacto`, `ApellidosContacto`, `CelularContacto`, `EmailContacto`, `IdTipo`, `IdActividad`, `IdClasificacion`, `IdCiudad`) VALUES (90000045, 'Luctus Institute', '848-7096 Condimentum. St.', 6010698, 'adipiscing.enim@tellusimperdiet.com', 'Illana', 'Dickson', 59990586552, 'elit.pede@scelerisquenequeNullam.ca', 5, 16, 4, 2);
INSERT INTO `SIGCO`.`Clientes` (`IdCliente`, `RazonSocial`, `Direccion`, `TelFijo`, `Email`, `NombresContacto`, `ApellidosContacto`, `CelularContacto`, `EmailContacto`, `IdTipo`, `IdActividad`, `IdClasificacion`, `IdCiudad`) VALUES (90000046, 'Ultrices Vivamus Rhoncus Company', 'Ap #290-1956 Ligula St.', 7782641, 'sem@sagittisfelisDonec.ca', 'Lara', 'Vincent', 99430056546, 'elit@nullaIntincidunt.ca', 5, 5, 3, 8);
INSERT INTO `SIGCO`.`Clientes` (`IdCliente`, `RazonSocial`, `Direccion`, `TelFijo`, `Email`, `NombresContacto`, `ApellidosContacto`, `CelularContacto`, `EmailContacto`, `IdTipo`, `IdActividad`, `IdClasificacion`, `IdCiudad`) VALUES (90000047, 'Luctus Curabitur Egestas Associates', '9071 Malesuada Ave', 6205046, 'blandit@miloremvehicula.net', 'Sara', 'Ingram', 07810473875, 'fringilla.euismod.enim@musProin.org', 5, 17, 1, 8);
INSERT INTO `SIGCO`.`Clientes` (`IdCliente`, `RazonSocial`, `Direccion`, `TelFijo`, `Email`, `NombresContacto`, `ApellidosContacto`, `CelularContacto`, `EmailContacto`, `IdTipo`, `IdActividad`, `IdClasificacion`, `IdCiudad`) VALUES (90000048, 'Suspendisse Inc.', '5982 Facilisis Rd.', 6243799, 'Fusce.mi@acrisusMorbi.com', 'Slade', 'Navarro', 84866275716, 'montes.nascetur@Fuscealiquetmagna.net', 5, 7, 2, 13);
INSERT INTO `SIGCO`.`Clientes` (`IdCliente`, `RazonSocial`, `Direccion`, `TelFijo`, `Email`, `NombresContacto`, `ApellidosContacto`, `CelularContacto`, `EmailContacto`, `IdTipo`, `IdActividad`, `IdClasificacion`, `IdCiudad`) VALUES (90000049, 'Vivamus Rhoncus Corp.', '876-6704 Imperdiet, Avenue', 9893783, 'Cum@a.com', 'Shana', 'Bridges', 39399882287, 'a.felis@asollicitudinorci.org', 3, 8, 4, 16);
INSERT INTO `SIGCO`.`Clientes` (`IdCliente`, `RazonSocial`, `Direccion`, `TelFijo`, `Email`, `NombresContacto`, `ApellidosContacto`, `CelularContacto`, `EmailContacto`, `IdTipo`, `IdActividad`, `IdClasificacion`, `IdCiudad`) VALUES (90000050, 'Et Magna Praesent Associates', '612-2959 Phasellus Avenue', 0213343, 'hendrerit@molestieorcitincidunt.edu', 'Ian', 'Coleman', 65907382288, 'Quisque.fringilla.euismod@necmaurisblandit.net', 4, 22, 1, 15);
INSERT INTO `SIGCO`.`Clientes` (`IdCliente`, `RazonSocial`, `Direccion`, `TelFijo`, `Email`, `NombresContacto`, `ApellidosContacto`, `CelularContacto`, `EmailContacto`, `IdTipo`, `IdActividad`, `IdClasificacion`, `IdCiudad`) VALUES (90000051, 'Eu LLP', 'P.O. Box 401, 3429 Leo Street', 2701677, 'metus@tortornibh.edu', 'Xandra', 'Cotton', 27863325047, 'ante.bibendum.ullamcorper@sed.com', 6, 19, 4, 7);
INSERT INTO `SIGCO`.`Clientes` (`IdCliente`, `RazonSocial`, `Direccion`, `TelFijo`, `Email`, `NombresContacto`, `ApellidosContacto`, `CelularContacto`, `EmailContacto`, `IdTipo`, `IdActividad`, `IdClasificacion`, `IdCiudad`) VALUES (90000052, 'Mauris Ipsum Porta Corp.', '855 Risus, Rd.', 0905670, 'litora.torquent.per@ut.edu', 'Roanna', 'Frost', 05224275606, 'convallis.erat@ipsum.co.uk', 3, 1, 1, 5);
INSERT INTO `SIGCO`.`Clientes` (`IdCliente`, `RazonSocial`, `Direccion`, `TelFijo`, `Email`, `NombresContacto`, `ApellidosContacto`, `CelularContacto`, `EmailContacto`, `IdTipo`, `IdActividad`, `IdClasificacion`, `IdCiudad`) VALUES (90000053, 'Risus LLC', '2119 Scelerisque Avenue', 9145684, 'ut@tristique.com', 'Faith', 'Caldwell', 13648183321, 'ornare.elit@aliquet.net', 1, 14, 1, 19);
INSERT INTO `SIGCO`.`Clientes` (`IdCliente`, `RazonSocial`, `Direccion`, `TelFijo`, `Email`, `NombresContacto`, `ApellidosContacto`, `CelularContacto`, `EmailContacto`, `IdTipo`, `IdActividad`, `IdClasificacion`, `IdCiudad`) VALUES (90000054, 'Habitant Morbi Tristique Inc.', 'Ap #742-697 Mi Av.', 3393335, 'sodales.Mauris.blandit@malesuada.co.uk', 'Venus', 'Mason', 18059646722, 'libero.et.tristique@laciniaatiaculis.edu', 4, 6, 4, 22);
INSERT INTO `SIGCO`.`Clientes` (`IdCliente`, `RazonSocial`, `Direccion`, `TelFijo`, `Email`, `NombresContacto`, `ApellidosContacto`, `CelularContacto`, `EmailContacto`, `IdTipo`, `IdActividad`, `IdClasificacion`, `IdCiudad`) VALUES (90000055, 'Ipsum LLP', 'Ap #373-955 Tempor St.', 6689964, 'facilisis.magna@Quisqueliberolacus.edu', 'Jesse', 'Torres', 55416414325, 'erat.Etiam@quislectus.edu', 2, 22, 1, 6);
INSERT INTO `SIGCO`.`Clientes` (`IdCliente`, `RazonSocial`, `Direccion`, `TelFijo`, `Email`, `NombresContacto`, `ApellidosContacto`, `CelularContacto`, `EmailContacto`, `IdTipo`, `IdActividad`, `IdClasificacion`, `IdCiudad`) VALUES (90000056, 'Quam Dignissim Limited', 'Ap #450-2445 Sed, Av.', 0266148, 'Suspendisse@est.ca', 'Cyrus', 'Santos', 91950584669, 'a.mi@dapibusligula.net', 5, 11, 2, 15);
INSERT INTO `SIGCO`.`Clientes` (`IdCliente`, `RazonSocial`, `Direccion`, `TelFijo`, `Email`, `NombresContacto`, `ApellidosContacto`, `CelularContacto`, `EmailContacto`, `IdTipo`, `IdActividad`, `IdClasificacion`, `IdCiudad`) VALUES (90000057, 'Orci Luctus Et Corp.', 'P.O. Box 809, 3953 Dictum St.', 5169093, 'Pellentesque@sitamet.org', 'Deborah', 'Kinney', 77771523385, 'vehicula.et@elementumdui.co.uk', 2, 13, 4, 2);
INSERT INTO `SIGCO`.`Clientes` (`IdCliente`, `RazonSocial`, `Direccion`, `TelFijo`, `Email`, `NombresContacto`, `ApellidosContacto`, `CelularContacto`, `EmailContacto`, `IdTipo`, `IdActividad`, `IdClasificacion`, `IdCiudad`) VALUES (90000058, 'Arcu Vel Inc.', '8612 Adipiscing Street', 5590505, 'Nunc.ut.erat@aceleifendvitae.co.uk', 'Vivian', 'Mcgee', 69954260113, 'Aliquam@aliquet.edu', 2, 9, 3, 2);
INSERT INTO `SIGCO`.`Clientes` (`IdCliente`, `RazonSocial`, `Direccion`, `TelFijo`, `Email`, `NombresContacto`, `ApellidosContacto`, `CelularContacto`, `EmailContacto`, `IdTipo`, `IdActividad`, `IdClasificacion`, `IdCiudad`) VALUES (90000059, 'Donec Luctus Corp.', '185-7780 Augue Road', 0662008, 'sed.libero.Proin@dolornonummy.ca', 'Andrew', 'Osborne', 96556010775, 'non@Aliquamvulputateullamcorper.com', 4, 4, 1, 9);
INSERT INTO `SIGCO`.`Clientes` (`IdCliente`, `RazonSocial`, `Direccion`, `TelFijo`, `Email`, `NombresContacto`, `ApellidosContacto`, `CelularContacto`, `EmailContacto`, `IdTipo`, `IdActividad`, `IdClasificacion`, `IdCiudad`) VALUES (90000060, 'Consequat Lectus Sit Foundation', 'P.O. Box 346, 2551 Vulputate Ave', 2521734, 'lorem.auctor@at.com', 'Leah', 'Gaines', 72487775936, 'pede.Cras.vulputate@Suspendisse.edu', 2, 21, 2, 2);
INSERT INTO `SIGCO`.`Clientes` (`IdCliente`, `RazonSocial`, `Direccion`, `TelFijo`, `Email`, `NombresContacto`, `ApellidosContacto`, `CelularContacto`, `EmailContacto`, `IdTipo`, `IdActividad`, `IdClasificacion`, `IdCiudad`) VALUES (90000061, 'Ut Foundation', '9802 Magna. Rd.', 5885151, 'Sed.pharetra@dolorsitamet.ca', 'Keelie', 'Mckay', 50034690108, 'Cras.vehicula@ligulaAeneangravida.com', 2, 19, 2, 19);
INSERT INTO `SIGCO`.`Clientes` (`IdCliente`, `RazonSocial`, `Direccion`, `TelFijo`, `Email`, `NombresContacto`, `ApellidosContacto`, `CelularContacto`, `EmailContacto`, `IdTipo`, `IdActividad`, `IdClasificacion`, `IdCiudad`) VALUES (90000062, 'Cras Company', '189-3344 Nunc Rd.', 7785981, 'mollis.Integer@bibendumDonecfelis.co.uk', 'Quynn', 'Owens', 50944433029, 'orci@nequenon.edu', 2, 17, 1, 18);
INSERT INTO `SIGCO`.`Clientes` (`IdCliente`, `RazonSocial`, `Direccion`, `TelFijo`, `Email`, `NombresContacto`, `ApellidosContacto`, `CelularContacto`, `EmailContacto`, `IdTipo`, `IdActividad`, `IdClasificacion`, `IdCiudad`) VALUES (90000063, 'Vel Arcu Company', 'Ap #397-1137 Mauris Avenue', 9715521, 'ante.Nunc@elitfermentum.org', 'Gannon', 'Frost', 34265376372, 'Morbi.sit@magna.co.uk', 5, 5, 2, 10);
INSERT INTO `SIGCO`.`Clientes` (`IdCliente`, `RazonSocial`, `Direccion`, `TelFijo`, `Email`, `NombresContacto`, `ApellidosContacto`, `CelularContacto`, `EmailContacto`, `IdTipo`, `IdActividad`, `IdClasificacion`, `IdCiudad`) VALUES (90000064, 'Sociis Natoque Penatibus Corporation', 'P.O. Box 685, 8767 Class Rd.', 8493437, 'Aenean.eget.magna@luctuslobortisClass.edu', 'Asher', 'Battle', 87257356752, 'accumsan.sed.facilisis@erat.org', 1, 18, 3, 16);
INSERT INTO `SIGCO`.`Clientes` (`IdCliente`, `RazonSocial`, `Direccion`, `TelFijo`, `Email`, `NombresContacto`, `ApellidosContacto`, `CelularContacto`, `EmailContacto`, `IdTipo`, `IdActividad`, `IdClasificacion`, `IdCiudad`) VALUES (90000065, 'Tempus Scelerisque Lorem LLP', 'Ap #865-2369 Vitae, Av.', 4726236, 'arcu@risusDuis.co.uk', 'Ginger', 'Hale', 16401462971, 'diam.eu@interdum.co.uk', 6, 17, 2, 1);
INSERT INTO `SIGCO`.`Clientes` (`IdCliente`, `RazonSocial`, `Direccion`, `TelFijo`, `Email`, `NombresContacto`, `ApellidosContacto`, `CelularContacto`, `EmailContacto`, `IdTipo`, `IdActividad`, `IdClasificacion`, `IdCiudad`) VALUES (90000066, 'Vivamus Institute', '881-6659 Egestas Road', 4406936, 'in@liberoMorbi.ca', 'Sonya', 'Avila', 53918058606, 'risus.Nunc.ac@DonecestNunc.co.uk', 3, 3, 2, 5);
INSERT INTO `SIGCO`.`Clientes` (`IdCliente`, `RazonSocial`, `Direccion`, `TelFijo`, `Email`, `NombresContacto`, `ApellidosContacto`, `CelularContacto`, `EmailContacto`, `IdTipo`, `IdActividad`, `IdClasificacion`, `IdCiudad`) VALUES (90000067, 'Turpis Vitae Purus Company', '7140 Vitae Av.', 5020172, 'Praesent.eu.nulla@estmollis.co.uk', 'Shad', 'Pugh', 15462499905, 'Aliquam.ultrices.iaculis@odioAliquamvulputate.net', 6, 15, 1, 13);
INSERT INTO `SIGCO`.`Clientes` (`IdCliente`, `RazonSocial`, `Direccion`, `TelFijo`, `Email`, `NombresContacto`, `ApellidosContacto`, `CelularContacto`, `EmailContacto`, `IdTipo`, `IdActividad`, `IdClasificacion`, `IdCiudad`) VALUES (90000068, 'Luctus Lobortis Class Corporation', '451-7929 Natoque Ave', 0161290, 'erat.eget@Utnecurna.com', 'Nadine', 'Noel', 26254431297, 'sed@sit.org', 1, 14, 4, 2);
INSERT INTO `SIGCO`.`Clientes` (`IdCliente`, `RazonSocial`, `Direccion`, `TelFijo`, `Email`, `NombresContacto`, `ApellidosContacto`, `CelularContacto`, `EmailContacto`, `IdTipo`, `IdActividad`, `IdClasificacion`, `IdCiudad`) VALUES (90000069, 'Lobortis PC', 'P.O. Box 110, 1380 Sed Road', 1460506, 'cursus.non@eudoloregestas.ca', 'Omar', 'Conway', 30252807395, 'consequat.nec.mollis@primisinfaucibus.net', 1, 8, 3, 11);
INSERT INTO `SIGCO`.`Clientes` (`IdCliente`, `RazonSocial`, `Direccion`, `TelFijo`, `Email`, `NombresContacto`, `ApellidosContacto`, `CelularContacto`, `EmailContacto`, `IdTipo`, `IdActividad`, `IdClasificacion`, `IdCiudad`) VALUES (90000070, 'Aliquam Eu Accumsan Corp.', '928-593 Aliquet Rd.', 8349213, 'Quisque@Craslorem.edu', 'Kelsie', 'Mcknight', 29722966313, 'egestas.Duis.ac@Praesent.co.uk', 4, 17, 3, 22);
INSERT INTO `SIGCO`.`Clientes` (`IdCliente`, `RazonSocial`, `Direccion`, `TelFijo`, `Email`, `NombresContacto`, `ApellidosContacto`, `CelularContacto`, `EmailContacto`, `IdTipo`, `IdActividad`, `IdClasificacion`, `IdCiudad`) VALUES (90000071, 'Nibh Vulputate Consulting', 'P.O. Box 238, 8847 Conubia Rd.', 2921172, 'Nullam.lobortis@Phasellusfermentumconvallis.org', 'Jesse', 'Snyder', 00742824968, 'molestie.orci@elitpellentesquea.net', 3, 13, 3, 9);
INSERT INTO `SIGCO`.`Clientes` (`IdCliente`, `RazonSocial`, `Direccion`, `TelFijo`, `Email`, `NombresContacto`, `ApellidosContacto`, `CelularContacto`, `EmailContacto`, `IdTipo`, `IdActividad`, `IdClasificacion`, `IdCiudad`) VALUES (90000072, 'Vel PC', 'P.O. Box 494, 4284 Et Rd.', 7995303, 'cursus.a.enim@natoquepenatibus.org', 'Graiden', 'Pratt', 20659915654, 'erat.eget@massa.ca', 3, 10, 4, 19);
INSERT INTO `SIGCO`.`Clientes` (`IdCliente`, `RazonSocial`, `Direccion`, `TelFijo`, `Email`, `NombresContacto`, `ApellidosContacto`, `CelularContacto`, `EmailContacto`, `IdTipo`, `IdActividad`, `IdClasificacion`, `IdCiudad`) VALUES (90000073, 'Nibh Lacinia Orci Corp.', 'P.O. Box 486, 221 In, Rd.', 5644056, 'lacus.varius@et.edu', 'Petra', 'Keith', 43924991321, 'Nam.nulla@nec.edu', 3, 2, 3, 3);
INSERT INTO `SIGCO`.`Clientes` (`IdCliente`, `RazonSocial`, `Direccion`, `TelFijo`, `Email`, `NombresContacto`, `ApellidosContacto`, `CelularContacto`, `EmailContacto`, `IdTipo`, `IdActividad`, `IdClasificacion`, `IdCiudad`) VALUES (90000074, 'Mauris Associates', 'Ap #120-7503 Est Road', 0755363, 'Vivamus.sit.amet@ultrices.net', 'Burke', 'Diaz', 28727659005, 'rhoncus.Nullam.velit@ornare.co.uk', 6, 16, 1, 10);
INSERT INTO `SIGCO`.`Clientes` (`IdCliente`, `RazonSocial`, `Direccion`, `TelFijo`, `Email`, `NombresContacto`, `ApellidosContacto`, `CelularContacto`, `EmailContacto`, `IdTipo`, `IdActividad`, `IdClasificacion`, `IdCiudad`) VALUES (90000075, 'Blandit Enim Consulting', '647-4856 Aenean Road', 3517289, 'amet.risus.Donec@rhoncusProinnisl.net', 'Teagan', 'Donovan', 48630478297, 'Nam.tempor.diam@interdumCurabitur.edu', 4, 21, 4, 8);
INSERT INTO `SIGCO`.`Clientes` (`IdCliente`, `RazonSocial`, `Direccion`, `TelFijo`, `Email`, `NombresContacto`, `ApellidosContacto`, `CelularContacto`, `EmailContacto`, `IdTipo`, `IdActividad`, `IdClasificacion`, `IdCiudad`) VALUES (90000076, 'Et Magna Foundation', 'P.O. Box 146, 1046 Lacinia. Rd.', 9775823, 'Maecenas@ac.org', 'Kellie', 'Holder', 75268910042, 'Vivamus.non.lorem@vitaevelit.co.uk', 3, 22, 4, 7);
INSERT INTO `SIGCO`.`Clientes` (`IdCliente`, `RazonSocial`, `Direccion`, `TelFijo`, `Email`, `NombresContacto`, `ApellidosContacto`, `CelularContacto`, `EmailContacto`, `IdTipo`, `IdActividad`, `IdClasificacion`, `IdCiudad`) VALUES (90000077, 'Porttitor Corp.', 'P.O. Box 146, 2018 Arcu St.', 9427930, 'sed.facilisis.vitae@ridiculusmus.edu', 'Kadeem', 'Perez', 14800237129, 'nisl@nequeNullamnisl.net', 3, 8, 1, 14);
INSERT INTO `SIGCO`.`Clientes` (`IdCliente`, `RazonSocial`, `Direccion`, `TelFijo`, `Email`, `NombresContacto`, `ApellidosContacto`, `CelularContacto`, `EmailContacto`, `IdTipo`, `IdActividad`, `IdClasificacion`, `IdCiudad`) VALUES (90000078, 'Donec Feugiat Consulting', 'P.O. Box 103, 1127 Bibendum Rd.', 4491415, 'vitae@tellusPhasellus.edu', 'Keegan', 'Battle', 24936224929, 'Suspendisse.tristique.neque@neque.org', 5, 4, 4, 15);
INSERT INTO `SIGCO`.`Clientes` (`IdCliente`, `RazonSocial`, `Direccion`, `TelFijo`, `Email`, `NombresContacto`, `ApellidosContacto`, `CelularContacto`, `EmailContacto`, `IdTipo`, `IdActividad`, `IdClasificacion`, `IdCiudad`) VALUES (90000079, 'Felis Eget Associates', 'Ap #814-8646 Dui Ave', 2775370, 'ac@egestasAliquamnec.net', 'Illana', 'Downs', 07137475223, 'sed.hendrerit@justo.com', 5, 1, 1, 20);
INSERT INTO `SIGCO`.`Clientes` (`IdCliente`, `RazonSocial`, `Direccion`, `TelFijo`, `Email`, `NombresContacto`, `ApellidosContacto`, `CelularContacto`, `EmailContacto`, `IdTipo`, `IdActividad`, `IdClasificacion`, `IdCiudad`) VALUES (90000080, 'Purus PC', 'Ap #508-4469 Volutpat St.', 1658728, 'lorem.ipsum.sodales@Curabiturconsequatlectus.edu', 'Chava', 'Collins', 50264429666, 'ullamcorper.Duis.cursus@nisiMaurisnulla.ca', 4, 2, 4, 21);
INSERT INTO `SIGCO`.`Clientes` (`IdCliente`, `RazonSocial`, `Direccion`, `TelFijo`, `Email`, `NombresContacto`, `ApellidosContacto`, `CelularContacto`, `EmailContacto`, `IdTipo`, `IdActividad`, `IdClasificacion`, `IdCiudad`) VALUES (90000081, 'Nulla Cras Eu Associates', 'Ap #753-7075 Mi, Road', 2655090, 'pede.malesuada.vel@neque.com', 'Lacey', 'Payne', 35305117826, 'ultrices.iaculis.odio@pharetra.ca', 1, 14, 3, 6);
INSERT INTO `SIGCO`.`Clientes` (`IdCliente`, `RazonSocial`, `Direccion`, `TelFijo`, `Email`, `NombresContacto`, `ApellidosContacto`, `CelularContacto`, `EmailContacto`, `IdTipo`, `IdActividad`, `IdClasificacion`, `IdCiudad`) VALUES (90000082, 'Vitae Institute', '1302 Turpis Ave', 3971033, 'elit.Etiam@liberoProinmi.ca', 'Rigel', 'Price', 19823408871, 'pretium@ipsumsodales.com', 2, 9, 1, 15);
INSERT INTO `SIGCO`.`Clientes` (`IdCliente`, `RazonSocial`, `Direccion`, `TelFijo`, `Email`, `NombresContacto`, `ApellidosContacto`, `CelularContacto`, `EmailContacto`, `IdTipo`, `IdActividad`, `IdClasificacion`, `IdCiudad`) VALUES (90000083, 'Libero Integer Inc.', 'Ap #126-4031 Purus Av.', 6081604, 'non.lobortis@egetvolutpat.org', 'Jakeem', 'Avery', 84235767312, 'non.sapien.molestie@iaculisneceleifend.edu', 5, 3, 4, 5);
INSERT INTO `SIGCO`.`Clientes` (`IdCliente`, `RazonSocial`, `Direccion`, `TelFijo`, `Email`, `NombresContacto`, `ApellidosContacto`, `CelularContacto`, `EmailContacto`, `IdTipo`, `IdActividad`, `IdClasificacion`, `IdCiudad`) VALUES (90000084, 'Odio Auctor Vitae Limited', 'Ap #794-2363 Rutrum Rd.', 2000071, 'Nulla@arcuAliquam.org', 'Lesley', 'Branch', 60773894710, 'tempus.non.lacinia@pellentesqueeget.org', 4, 3, 1, 9);
INSERT INTO `SIGCO`.`Clientes` (`IdCliente`, `RazonSocial`, `Direccion`, `TelFijo`, `Email`, `NombresContacto`, `ApellidosContacto`, `CelularContacto`, `EmailContacto`, `IdTipo`, `IdActividad`, `IdClasificacion`, `IdCiudad`) VALUES (90000085, 'Pharetra Sed Hendrerit Ltd', '6543 Ultrices. Avenue', 8820817, 'sapien@tortorNunccommodo.edu', 'Chandler', 'Frazier', 71328664883, 'varius.et@Ut.co.uk', 4, 18, 2, 19);
INSERT INTO `SIGCO`.`Clientes` (`IdCliente`, `RazonSocial`, `Direccion`, `TelFijo`, `Email`, `NombresContacto`, `ApellidosContacto`, `CelularContacto`, `EmailContacto`, `IdTipo`, `IdActividad`, `IdClasificacion`, `IdCiudad`) VALUES (90000086, 'At Corp.', 'P.O. Box 641, 7891 Sed Rd.', 1630087, 'sodales.at@duinec.ca', 'Kareem', 'Potter', 23826439676, 'tortor.at@nonvestibulum.co.uk', 6, 12, 4, 4);
INSERT INTO `SIGCO`.`Clientes` (`IdCliente`, `RazonSocial`, `Direccion`, `TelFijo`, `Email`, `NombresContacto`, `ApellidosContacto`, `CelularContacto`, `EmailContacto`, `IdTipo`, `IdActividad`, `IdClasificacion`, `IdCiudad`) VALUES (90000087, 'Dignissim Magna Limited', '639-6848 Nunc Av.', 5650640, 'Vivamus.molestie@gravida.ca', 'Cooper', 'Cardenas', 75441991293, 'arcu.vel.quam@at.co.uk', 2, 14, 1, 14);
INSERT INTO `SIGCO`.`Clientes` (`IdCliente`, `RazonSocial`, `Direccion`, `TelFijo`, `Email`, `NombresContacto`, `ApellidosContacto`, `CelularContacto`, `EmailContacto`, `IdTipo`, `IdActividad`, `IdClasificacion`, `IdCiudad`) VALUES (90000088, 'Rutrum Eu Ultrices Consulting', '8539 Vestibulum, Rd.', 1376243, 'in@eusemPellentesque.ca', 'Colorado', 'Garcia', 96653574741, 'metus@velturpis.edu', 2, 3, 3, 9);
INSERT INTO `SIGCO`.`Clientes` (`IdCliente`, `RazonSocial`, `Direccion`, `TelFijo`, `Email`, `NombresContacto`, `ApellidosContacto`, `CelularContacto`, `EmailContacto`, `IdTipo`, `IdActividad`, `IdClasificacion`, `IdCiudad`) VALUES (90000089, 'Justo Eu Arcu Consulting', 'P.O. Box 308, 6864 Tincidunt Street', 6345976, 'convallis@orciDonec.edu', 'Myles', 'Shannon', 70132425380, 'Aliquam.gravida@fringilla.com', 4, 14, 4, 5);
INSERT INTO `SIGCO`.`Clientes` (`IdCliente`, `RazonSocial`, `Direccion`, `TelFijo`, `Email`, `NombresContacto`, `ApellidosContacto`, `CelularContacto`, `EmailContacto`, `IdTipo`, `IdActividad`, `IdClasificacion`, `IdCiudad`) VALUES (90000090, 'Amet Metus Aliquam Inc.', '4520 Est, Rd.', 8982883, 'condimentum.eget.volutpat@fames.com', 'Kennedy', 'Hickman', 89812124021, 'elit.elit.fermentum@egetipsum.ca', 1, 11, 2, 9);
INSERT INTO `SIGCO`.`Clientes` (`IdCliente`, `RazonSocial`, `Direccion`, `TelFijo`, `Email`, `NombresContacto`, `ApellidosContacto`, `CelularContacto`, `EmailContacto`, `IdTipo`, `IdActividad`, `IdClasificacion`, `IdCiudad`) VALUES (90000091, 'Ridiculus Mus Limited', '5929 Sed Ave', 6798633, 'aliquet@at.ca', 'Derek', 'Marsh', 38946271679, 'euismod@Phasellusfermentum.edu', 3, 8, 2, 10);
INSERT INTO `SIGCO`.`Clientes` (`IdCliente`, `RazonSocial`, `Direccion`, `TelFijo`, `Email`, `NombresContacto`, `ApellidosContacto`, `CelularContacto`, `EmailContacto`, `IdTipo`, `IdActividad`, `IdClasificacion`, `IdCiudad`) VALUES (90000092, 'Auctor Limited', '7978 Sed St.', 4057469, 'eu@nuncsedpede.org', 'Yoshio', 'Jefferson', 04613027577, 'odio.semper.cursus@lobortis.org', 3, 4, 4, 19);
INSERT INTO `SIGCO`.`Clientes` (`IdCliente`, `RazonSocial`, `Direccion`, `TelFijo`, `Email`, `NombresContacto`, `ApellidosContacto`, `CelularContacto`, `EmailContacto`, `IdTipo`, `IdActividad`, `IdClasificacion`, `IdCiudad`) VALUES (90000093, 'Libero At Ltd', 'Ap #334-8024 Vestibulum Rd.', 7203144, 'sodales.purus.in@sitametnulla.ca', 'Kenyon', 'Potter', 52997398723, 'luctus@purusMaecenaslibero.com', 2, 17, 1, 18);
INSERT INTO `SIGCO`.`Clientes` (`IdCliente`, `RazonSocial`, `Direccion`, `TelFijo`, `Email`, `NombresContacto`, `ApellidosContacto`, `CelularContacto`, `EmailContacto`, `IdTipo`, `IdActividad`, `IdClasificacion`, `IdCiudad`) VALUES (90000094, 'Odio Aliquam Vulputate PC', 'P.O. Box 354, 4836 Amet, Avenue', 2412325, 'arcu.vel@velit.net', 'Nita', 'Downs', 70161994395, 'ligula.Aliquam.erat@malesuada.org', 2, 19, 3, 7);
INSERT INTO `SIGCO`.`Clientes` (`IdCliente`, `RazonSocial`, `Direccion`, `TelFijo`, `Email`, `NombresContacto`, `ApellidosContacto`, `CelularContacto`, `EmailContacto`, `IdTipo`, `IdActividad`, `IdClasificacion`, `IdCiudad`) VALUES (90000095, 'Elit Corp.', '235-5519 Ut Rd.', 7890729, 'Curabitur.sed.tortor@nec.ca', 'Cole', 'Ball', 72022580390, 'ultrices.posuere.cubilia@eueleifendnec.ca', 3, 3, 2, 15);
INSERT INTO `SIGCO`.`Clientes` (`IdCliente`, `RazonSocial`, `Direccion`, `TelFijo`, `Email`, `NombresContacto`, `ApellidosContacto`, `CelularContacto`, `EmailContacto`, `IdTipo`, `IdActividad`, `IdClasificacion`, `IdCiudad`) VALUES (90000096, 'Id Foundation', '192-8666 Vestibulum Ave', 7130750, 'Phasellus.fermentum.convallis@elita.ca', 'Zane', 'Fuentes', 82975332798, 'dui.Suspendisse@Ut.com', 1, 4, 1, 18);
INSERT INTO `SIGCO`.`Clientes` (`IdCliente`, `RazonSocial`, `Direccion`, `TelFijo`, `Email`, `NombresContacto`, `ApellidosContacto`, `CelularContacto`, `EmailContacto`, `IdTipo`, `IdActividad`, `IdClasificacion`, `IdCiudad`) VALUES (90000097, 'Lacus Foundation', 'Ap #701-8858 Diam Avenue', 1766158, 'Sed.molestie@urna.net', 'Hayley', 'Chan', 37609946496, 'magnis.dis@nec.edu', 1, 5, 1, 22);
INSERT INTO `SIGCO`.`Clientes` (`IdCliente`, `RazonSocial`, `Direccion`, `TelFijo`, `Email`, `NombresContacto`, `ApellidosContacto`, `CelularContacto`, `EmailContacto`, `IdTipo`, `IdActividad`, `IdClasificacion`, `IdCiudad`) VALUES (90000098, 'Ultrices Vivamus Foundation', '3307 Hendrerit. Rd.', 3613132, 'condimentum.Donec.at@elit.com', 'Orlando', 'Flores', 37371745855, 'purus.mauris@odioauctor.ca', 1, 7, 1, 5);
INSERT INTO `SIGCO`.`Clientes` (`IdCliente`, `RazonSocial`, `Direccion`, `TelFijo`, `Email`, `NombresContacto`, `ApellidosContacto`, `CelularContacto`, `EmailContacto`, `IdTipo`, `IdActividad`, `IdClasificacion`, `IdCiudad`) VALUES (90000099, 'Turpis Corp.', 'Ap #126-1126 Justo. Street', 0995910, 'velit@vulputate.co.uk', 'Reagan', 'Cash', 05342180033, 'a.nunc@semmolestiesodales.com', 6, 1, 1, 14);

COMMIT;


-- -----------------------------------------------------
-- Data for table `SIGCO`.`Presentaciones`
-- -----------------------------------------------------
START TRANSACTION;
USE `SIGCO`;
INSERT INTO `SIGCO`.`Presentaciones` (`IdPresentacion`, `Nombre`) VALUES (1, 'GOTERO PLASTICO 60 C.C');
INSERT INTO `SIGCO`.`Presentaciones` (`IdPresentacion`, `Nombre`) VALUES (2, 'GOTERO PLASTICO 10 C.C');
INSERT INTO `SIGCO`.`Presentaciones` (`IdPresentacion`, `Nombre`) VALUES (3, 'AMBAR LITRO 500 C.C');
INSERT INTO `SIGCO`.`Presentaciones` (`IdPresentacion`, `Nombre`) VALUES (4, 'AMBAR 90 C.C');
INSERT INTO `SIGCO`.`Presentaciones` (`IdPresentacion`, `Nombre`) VALUES (5, 'AMBAR 30 ML');
INSERT INTO `SIGCO`.`Presentaciones` (`IdPresentacion`, `Nombre`) VALUES (6, 'PASTILLERO REDONDO');
INSERT INTO `SIGCO`.`Presentaciones` (`IdPresentacion`, `Nombre`) VALUES (7, 'GOTERO PLASTICO 30 C.C');
INSERT INTO `SIGCO`.`Presentaciones` (`IdPresentacion`, `Nombre`) VALUES (8, 'GOTERO PLASTICO 5 C.C');
INSERT INTO `SIGCO`.`Presentaciones` (`IdPresentacion`, `Nombre`) VALUES (9, 'AMBAR 250 C.C');
INSERT INTO `SIGCO`.`Presentaciones` (`IdPresentacion`, `Nombre`) VALUES (10, 'AMBAR 60 C.C');
INSERT INTO `SIGCO`.`Presentaciones` (`IdPresentacion`, `Nombre`) VALUES (11, 'AMBAR ONZA');
INSERT INTO `SIGCO`.`Presentaciones` (`IdPresentacion`, `Nombre`) VALUES (12, 'GOTERO PLASTICO 20 C.C');
INSERT INTO `SIGCO`.`Presentaciones` (`IdPresentacion`, `Nombre`) VALUES (13, 'GOTERO PLASTICO 10 C.C');
INSERT INTO `SIGCO`.`Presentaciones` (`IdPresentacion`, `Nombre`) VALUES (14, 'AMBAR 120 C.C');
INSERT INTO `SIGCO`.`Presentaciones` (`IdPresentacion`, `Nombre`) VALUES (15, 'AMBAR 45 C.C');
INSERT INTO `SIGCO`.`Presentaciones` (`IdPresentacion`, `Nombre`) VALUES (16, 'GOTERO');
INSERT INTO `SIGCO`.`Presentaciones` (`IdPresentacion`, `Nombre`) VALUES (17, 'GOTERO PLASTICO 15 C.C');
INSERT INTO `SIGCO`.`Presentaciones` (`IdPresentacion`, `Nombre`) VALUES (18, 'AMBAR LITRO');
INSERT INTO `SIGCO`.`Presentaciones` (`IdPresentacion`, `Nombre`) VALUES (19, 'AMBAR 100 C.C');
INSERT INTO `SIGCO`.`Presentaciones` (`IdPresentacion`, `Nombre`) VALUES (20, 'AMBAR 30 C.C');
INSERT INTO `SIGCO`.`Presentaciones` (`IdPresentacion`, `Nombre`) VALUES (21, 'PASTILLERO LARGO');

COMMIT;


-- -----------------------------------------------------
-- Data for table `SIGCO`.`CategoriasProductos`
-- -----------------------------------------------------
START TRANSACTION;
USE `SIGCO`;
INSERT INTO `SIGCO`.`CategoriasProductos` (`IdCategoria`, `Nombre`) VALUES (1, ' ACEITES');
INSERT INTO `SIGCO`.`CategoriasProductos` (`IdCategoria`, `Nombre`) VALUES (2, ' AGUAS DE COLONIA');
INSERT INTO `SIGCO`.`CategoriasProductos` (`IdCategoria`, `Nombre`) VALUES (3, ' AGUAS DE TOCADOR');
INSERT INTO `SIGCO`.`CategoriasProductos` (`IdCategoria`, `Nombre`) VALUES (4, ' BRILLANTINAS');
INSERT INTO `SIGCO`.`CategoriasProductos` (`IdCategoria`, `Nombre`) VALUES (5, ' CHAMPÚS');
INSERT INTO `SIGCO`.`CategoriasProductos` (`IdCategoria`, `Nombre`) VALUES (6, ' CREMAS');
INSERT INTO `SIGCO`.`CategoriasProductos` (`IdCategoria`, `Nombre`) VALUES (7, ' DEPILATORIOS');
INSERT INTO `SIGCO`.`CategoriasProductos` (`IdCategoria`, `Nombre`) VALUES (8, ' DESODORANTES Y ANTITRANSPIRANTES');
INSERT INTO `SIGCO`.`CategoriasProductos` (`IdCategoria`, `Nombre`) VALUES (9, ' EMULSIONES');
INSERT INTO `SIGCO`.`CategoriasProductos` (`IdCategoria`, `Nombre`) VALUES (10, ' ESPUMAS');
INSERT INTO `SIGCO`.`CategoriasProductos` (`IdCategoria`, `Nombre`) VALUES (11, ' ESPUMAS');
INSERT INTO `SIGCO`.`CategoriasProductos` (`IdCategoria`, `Nombre`) VALUES (12, ' GELES');
INSERT INTO `SIGCO`.`CategoriasProductos` (`IdCategoria`, `Nombre`) VALUES (13, ' GELES Y ACEITES PARA LA PIEL');
INSERT INTO `SIGCO`.`CategoriasProductos` (`IdCategoria`, `Nombre`) VALUES (14, ' JABÓN DE TOCADOR');
INSERT INTO `SIGCO`.`CategoriasProductos` (`IdCategoria`, `Nombre`) VALUES (15, ' JABÓN DESODORANTE');
INSERT INTO `SIGCO`.`CategoriasProductos` (`IdCategoria`, `Nombre`) VALUES (16, ' LACAS');
INSERT INTO `SIGCO`.`CategoriasProductos` (`IdCategoria`, `Nombre`) VALUES (17, ' LOCIONES');
INSERT INTO `SIGCO`.`CategoriasProductos` (`IdCategoria`, `Nombre`) VALUES (18, ' LOCIONES');
INSERT INTO `SIGCO`.`CategoriasProductos` (`IdCategoria`, `Nombre`) VALUES (19, ' MAQUILLAJE ');
INSERT INTO `SIGCO`.`CategoriasProductos` (`IdCategoria`, `Nombre`) VALUES (20, ' MÁSCARAS DE BELLEZA ');
INSERT INTO `SIGCO`.`CategoriasProductos` (`IdCategoria`, `Nombre`) VALUES (21, ' OTROS PRODUCTOS PARA EL PEINADO');
INSERT INTO `SIGCO`.`CategoriasProductos` (`IdCategoria`, `Nombre`) VALUES (22, ' PARA DESRIZAR Y FIJAR');
INSERT INTO `SIGCO`.`CategoriasProductos` (`IdCategoria`, `Nombre`) VALUES (23, ' PASTAS');
INSERT INTO `SIGCO`.`CategoriasProductos` (`IdCategoria`, `Nombre`) VALUES (24, ' PERFUMES');
INSERT INTO `SIGCO`.`CategoriasProductos` (`IdCategoria`, `Nombre`) VALUES (25, ' POLVOS');
INSERT INTO `SIGCO`.`CategoriasProductos` (`IdCategoria`, `Nombre`) VALUES (26, ' POLVOS');
INSERT INTO `SIGCO`.`CategoriasProductos` (`IdCategoria`, `Nombre`) VALUES (27, ' POLVOS DE MAQUILLAJE');
INSERT INTO `SIGCO`.`CategoriasProductos` (`IdCategoria`, `Nombre`) VALUES (28, ' POLVOS PARA UTILIZAR DESPUÉS DEL BAÑO Y PARA LA HIGIENE CORPORAL');
INSERT INTO `SIGCO`.`CategoriasProductos` (`IdCategoria`, `Nombre`) VALUES (29, ' PRODUCTOS ACONDICIONADORES ');
INSERT INTO `SIGCO`.`CategoriasProductos` (`IdCategoria`, `Nombre`) VALUES (30, ' PRODUCTOS ANTIARRUGAS');
INSERT INTO `SIGCO`.`CategoriasProductos` (`IdCategoria`, `Nombre`) VALUES (31, ' PRODUCTOS BLANQUEADORES DE LA PIEL');
INSERT INTO `SIGCO`.`CategoriasProductos` (`IdCategoria`, `Nombre`) VALUES (32, ' PRODUCTOS CAPILARES: ');
INSERT INTO `SIGCO`.`CategoriasProductos` (`IdCategoria`, `Nombre`) VALUES (33, ' PRODUCTOS DE LIMPIEZA ');
INSERT INTO `SIGCO`.`CategoriasProductos` (`IdCategoria`, `Nombre`) VALUES (34, ' PRODUCTOS PARA BAÑO Y DUCHA ');
INSERT INTO `SIGCO`.`CategoriasProductos` (`IdCategoria`, `Nombre`) VALUES (35, ' PRODUCTOS PARA BRONCEADO SIN SOL');
INSERT INTO `SIGCO`.`CategoriasProductos` (`IdCategoria`, `Nombre`) VALUES (36, ' PRODUCTOS PARA CUIDADO BUCAL Y DENTAL');
INSERT INTO `SIGCO`.`CategoriasProductos` (`IdCategoria`, `Nombre`) VALUES (37, ' PRODUCTOS PARA CUIDADO ÍNTIMO EXTERNO');
INSERT INTO `SIGCO`.`CategoriasProductos` (`IdCategoria`, `Nombre`) VALUES (38, ' PRODUCTOS PARA CUIDADO Y MAQUILLAJE DE LAS UÑAS');
INSERT INTO `SIGCO`.`CategoriasProductos` (`IdCategoria`, `Nombre`) VALUES (39, ' PRODUCTOS PARA EL AFEITADO ');
INSERT INTO `SIGCO`.`CategoriasProductos` (`IdCategoria`, `Nombre`) VALUES (40, ' PRODUCTOS PARA EL MAQUILLAJE Y DESMAQUILLAJE DE LA CARA Y LOS OJOS');
INSERT INTO `SIGCO`.`CategoriasProductos` (`IdCategoria`, `Nombre`) VALUES (41, ' PRODUCTOS PARA LOS LABIOS');
INSERT INTO `SIGCO`.`CategoriasProductos` (`IdCategoria`, `Nombre`) VALUES (42, ' PRODUCTOS PARA MOLDEAR');
INSERT INTO `SIGCO`.`CategoriasProductos` (`IdCategoria`, `Nombre`) VALUES (43, ' PRODUCTOS QUE AYUDAN A MANTENER EL PEINADO');
INSERT INTO `SIGCO`.`CategoriasProductos` (`IdCategoria`, `Nombre`) VALUES (44, ' PRODUCTOS SOLARES');
INSERT INTO `SIGCO`.`CategoriasProductos` (`IdCategoria`, `Nombre`) VALUES (45, ' TINTES Y DECOLORANTES');
INSERT INTO `SIGCO`.`CategoriasProductos` (`IdCategoria`, `Nombre`) VALUES (46, 'JABONES');
INSERT INTO `SIGCO`.`CategoriasProductos` (`IdCategoria`, `Nombre`) VALUES (47, 'LÍQUIDOS');
INSERT INTO `SIGCO`.`CategoriasProductos` (`IdCategoria`, `Nombre`) VALUES (48, 'LOCIONES');
INSERT INTO `SIGCO`.`CategoriasProductos` (`IdCategoria`, `Nombre`) VALUES (49, 'LOCIONES');
INSERT INTO `SIGCO`.`CategoriasProductos` (`IdCategoria`, `Nombre`) VALUES (50, 'SALES');

COMMIT;


-- -----------------------------------------------------
-- Data for table `SIGCO`.`Impuestos`
-- -----------------------------------------------------
START TRANSACTION;
USE `SIGCO`;
INSERT INTO `SIGCO`.`Impuestos` (`IdIva`, `Porcentaje`) VALUES (1, 0);
INSERT INTO `SIGCO`.`Impuestos` (`IdIva`, `Porcentaje`) VALUES (2, 5);
INSERT INTO `SIGCO`.`Impuestos` (`IdIva`, `Porcentaje`) VALUES (3, 16);

COMMIT;


-- -----------------------------------------------------
-- Data for table `SIGCO`.`Productos`
-- -----------------------------------------------------
START TRANSACTION;
USE `SIGCO`;
INSERT INTO `SIGCO`.`Productos` (`IdProducto`, `Nombre`, `Descripcion`, `UnidadMedida`, `IdIva`, `ValorBase`, `IdPresentacion`, `IdCategoria`, `Estado`, `rutaImagen`) VALUES (1, 'Simvastatin', 'In scelerisque scelerisque dui. Suspendisse ac metus vitae', 'cm3', 1, 31316, 8, 39, 1, 'SinCargarImagen');
INSERT INTO `SIGCO`.`Productos` (`IdProducto`, `Nombre`, `Descripcion`, `UnidadMedida`, `IdIva`, `ValorBase`, `IdPresentacion`, `IdCategoria`, `Estado`, `rutaImagen`) VALUES (2, 'Hydrochlorothiazide', 'tincidunt', 'mm3', 2, 115070, 14, 15, 1, 'SinCargarImagen');
INSERT INTO `SIGCO`.`Productos` (`IdProducto`, `Nombre`, `Descripcion`, `UnidadMedida`, `IdIva`, `ValorBase`, `IdPresentacion`, `IdCategoria`, `Estado`, `rutaImagen`) VALUES (3, 'Lidoderm', 'vestibulum lorem, sit amet ultricies sem magna nec quam. Curabitur vel lectus.', 'cm3', 3, 197805, 16, 34, 1, 'SinCargarImagen');
INSERT INTO `SIGCO`.`Productos` (`IdProducto`, `Nombre`, `Descripcion`, `UnidadMedida`, `IdIva`, `ValorBase`, `IdPresentacion`, `IdCategoria`, `Estado`, `rutaImagen`) VALUES (4, 'Triamterene/Hydrochlorothiazide', 'ipsum dolor sit amet, consectetuer adipiscing elit. Aliquam', 'cm3', 1, 175823, 21, 46, 1, 'SinCargarImagen');
INSERT INTO `SIGCO`.`Productos` (`IdProducto`, `Nombre`, `Descripcion`, `UnidadMedida`, `IdIva`, `ValorBase`, `IdPresentacion`, `IdCategoria`, `Estado`, `rutaImagen`) VALUES (5, 'Amoxicillin Trihydrate/Potassium Clavulanate', 'lacinia vitae, sodales at, velit. Pellentesque ultricies dignissim lacus. Aliquam rutrum lorem ac risus.', 'dm3', 1, 88273, 6, 25, 1, 'SinCargarImagen');
INSERT INTO `SIGCO`.`Productos` (`IdProducto`, `Nombre`, `Descripcion`, `UnidadMedida`, `IdIva`, `ValorBase`, `IdPresentacion`, `IdCategoria`, `Estado`, `rutaImagen`) VALUES (6, 'Zolpidem Tartrate', 'et, magna. Praesent interdum ligula eu enim. Etiam imperdiet dictum magna. Ut tincidunt orci quis lectus.', 'cm3', 3, 196841, 12, 1, 1, 'SinCargarImagen');
INSERT INTO `SIGCO`.`Productos` (`IdProducto`, `Nombre`, `Descripcion`, `UnidadMedida`, `IdIva`, `ValorBase`, `IdPresentacion`, `IdCategoria`, `Estado`, `rutaImagen`) VALUES (7, 'Metoprolol Succinate', 'Cras dolor dolor, tempus non, lacinia at, iaculis quis, pede. Praesent eu dui. Cum sociis natoque penatibus et magnis dis', 'cm3', 2, 24127, 2, 25, 1, 'SinCargarImagen');
INSERT INTO `SIGCO`.`Productos` (`IdProducto`, `Nombre`, `Descripcion`, `UnidadMedida`, `IdIva`, `ValorBase`, `IdPresentacion`, `IdCategoria`, `Estado`, `rutaImagen`) VALUES (8, 'Sertraline HCl', 'ipsum dolor sit amet,', 'cm3', 2, 70849, 18, 17, 1, 'SinCargarImagen');
INSERT INTO `SIGCO`.`Productos` (`IdProducto`, `Nombre`, `Descripcion`, `UnidadMedida`, `IdIva`, `ValorBase`, `IdPresentacion`, `IdCategoria`, `Estado`, `rutaImagen`) VALUES (9, 'Alprazolam', 'pede. Suspendisse dui. Fusce diam nunc, ullamcorper eu,', 'cm3', 3, 101573, 12, 5, 0, 'SinCargarImagen');
INSERT INTO `SIGCO`.`Productos` (`IdProducto`, `Nombre`, `Descripcion`, `UnidadMedida`, `IdIva`, `ValorBase`, `IdPresentacion`, `IdCategoria`, `Estado`, `rutaImagen`) VALUES (10, 'Nasonex', 'Nullam velit dui, semper et, lacinia vitae, sodales at, velit. Pellentesque ultricies dignissim lacus.', 'dm3', 2, 39843, 21, 41, 1, 'SinCargarImagen');
INSERT INTO `SIGCO`.`Productos` (`IdProducto`, `Nombre`, `Descripcion`, `UnidadMedida`, `IdIva`, `ValorBase`, `IdPresentacion`, `IdCategoria`, `Estado`, `rutaImagen`) VALUES (11, 'Lexapro', 'mauris eu elit. Nulla facilisi. Sed neque. Sed eget lacus.', 'dm3', 1, 49007, 4, 3, 1, 'SinCargarImagen');
INSERT INTO `SIGCO`.`Productos` (`IdProducto`, `Nombre`, `Descripcion`, `UnidadMedida`, `IdIva`, `ValorBase`, `IdPresentacion`, `IdCategoria`, `Estado`, `rutaImagen`) VALUES (12, 'Spiriva Handihaler', 'Aliquam rutrum lorem ac risus. Morbi metus. Vivamus euismod urna. Nullam lobortis quam a felis', 'dm3', 2, 59717, 3, 49, 1, 'SinCargarImagen');
INSERT INTO `SIGCO`.`Productos` (`IdProducto`, `Nombre`, `Descripcion`, `UnidadMedida`, `IdIva`, `ValorBase`, `IdPresentacion`, `IdCategoria`, `Estado`, `rutaImagen`) VALUES (13, 'Diovan', 'suscipit, est ac facilisis facilisis, magna tellus faucibus leo, in lobortis tellus justo sit', 'cm3', 3, 17864, 11, 47, 1, 'SinCargarImagen');
INSERT INTO `SIGCO`.`Productos` (`IdProducto`, `Nombre`, `Descripcion`, `UnidadMedida`, `IdIva`, `ValorBase`, `IdPresentacion`, `IdCategoria`, `Estado`, `rutaImagen`) VALUES (14, 'Sertraline HCl', 'porttitor tellus non magna. Nam ligula elit, pretium et, rutrum non, hendrerit id, ante. Nunc mauris sapien, cursus', 'mm3', 1, 199197, 7, 24, 1, 'SinCargarImagen');
INSERT INTO `SIGCO`.`Productos` (`IdProducto`, `Nombre`, `Descripcion`, `UnidadMedida`, `IdIva`, `ValorBase`, `IdPresentacion`, `IdCategoria`, `Estado`, `rutaImagen`) VALUES (15, 'Lisinopril', 'nunc, ullamcorper eu, euismod ac, fermentum vel, mauris.', 'cm3', 2, 131063, 16, 37, 1, 'SinCargarImagen');
INSERT INTO `SIGCO`.`Productos` (`IdProducto`, `Nombre`, `Descripcion`, `UnidadMedida`, `IdIva`, `ValorBase`, `IdPresentacion`, `IdCategoria`, `Estado`, `rutaImagen`) VALUES (16, 'Losartan Potassium', 'tempus eu, ligula. Aenean euismod mauris eu elit. Nulla facilisi. Sed neque. Sed eget lacus. Mauris non dui nec', 'dm3', 2, 153260, 18, 33, 1, 'SinCargarImagen');
INSERT INTO `SIGCO`.`Productos` (`IdProducto`, `Nombre`, `Descripcion`, `UnidadMedida`, `IdIva`, `ValorBase`, `IdPresentacion`, `IdCategoria`, `Estado`, `rutaImagen`) VALUES (17, 'Januvia', 'egestas rhoncus. Proin nisl sem, consequat nec, mollis vitae, posuere', 'mm3', 1, 48966, 13, 33, 1, 'SinCargarImagen');
INSERT INTO `SIGCO`.`Productos` (`IdProducto`, `Nombre`, `Descripcion`, `UnidadMedida`, `IdIva`, `ValorBase`, `IdPresentacion`, `IdCategoria`, `Estado`, `rutaImagen`) VALUES (18, 'Flovent HFA', 'Donec tincidunt. Donec vitae erat vel pede blandit congue.', 'cm3', 3, 144254, 5, 29, 1, 'SinCargarImagen');
INSERT INTO `SIGCO`.`Productos` (`IdProducto`, `Nombre`, `Descripcion`, `UnidadMedida`, `IdIva`, `ValorBase`, `IdPresentacion`, `IdCategoria`, `Estado`, `rutaImagen`) VALUES (19, 'Actos', 'mi. Aliquam gravida mauris ut mi. Duis risus odio, auctor vitae, aliquet nec, imperdiet', 'dm3', 3, 167542, 10, 19, 1, 'SinCargarImagen');
INSERT INTO `SIGCO`.`Productos` (`IdProducto`, `Nombre`, `Descripcion`, `UnidadMedida`, `IdIva`, `ValorBase`, `IdPresentacion`, `IdCategoria`, `Estado`, `rutaImagen`) VALUES (20, 'Pantoprazole Sodium', 'In faucibus. Morbi vehicula. Pellentesque tincidunt tempus risus. Donec egestas. Duis ac arcu. Nunc mauris. Morbi non sapien', 'dm3', 1, 174090, 15, 50, 1, 'SinCargarImagen');
INSERT INTO `SIGCO`.`Productos` (`IdProducto`, `Nombre`, `Descripcion`, `UnidadMedida`, `IdIva`, `ValorBase`, `IdPresentacion`, `IdCategoria`, `Estado`, `rutaImagen`) VALUES (21, 'Fluticasone Propionate', 'in felis. Nulla tempor augue ac ipsum. Phasellus vitae mauris sit amet lorem semper', 'mm3', 1, 121483, 1, 26, 1, 'SinCargarImagen');
INSERT INTO `SIGCO`.`Productos` (`IdProducto`, `Nombre`, `Descripcion`, `UnidadMedida`, `IdIva`, `ValorBase`, `IdPresentacion`, `IdCategoria`, `Estado`, `rutaImagen`) VALUES (22, 'Lisinopril', 'Pellentesque ut', 'cm3', 3, 115207, 13, 48, 1, 'SinCargarImagen');
INSERT INTO `SIGCO`.`Productos` (`IdProducto`, `Nombre`, `Descripcion`, `UnidadMedida`, `IdIva`, `ValorBase`, `IdPresentacion`, `IdCategoria`, `Estado`, `rutaImagen`) VALUES (23, 'Folic Acid', 'sed dictum eleifend, nunc risus varius orci, in consequat enim diam vel arcu. Curabitur ut odio vel est tempor', 'mm3', 2, 44201, 2, 15, 1, 'SinCargarImagen');
INSERT INTO `SIGCO`.`Productos` (`IdProducto`, `Nombre`, `Descripcion`, `UnidadMedida`, `IdIva`, `ValorBase`, `IdPresentacion`, `IdCategoria`, `Estado`, `rutaImagen`) VALUES (24, 'Furosemide', 'pede blandit congue. In scelerisque scelerisque dui. Suspendisse ac metus vitae velit egestas', 'dm3', 1, 59100, 15, 18, 1, 'SinCargarImagen');
INSERT INTO `SIGCO`.`Productos` (`IdProducto`, `Nombre`, `Descripcion`, `UnidadMedida`, `IdIva`, `ValorBase`, `IdPresentacion`, `IdCategoria`, `Estado`, `rutaImagen`) VALUES (25, 'Doxycycline Hyclate', 'sociosqu ad litora torquent per conubia nostra, per inceptos hymenaeos. Mauris ut quam vel sapien', 'dm3', 3, 168977, 21, 28, 1, 'SinCargarImagen');
INSERT INTO `SIGCO`.`Productos` (`IdProducto`, `Nombre`, `Descripcion`, `UnidadMedida`, `IdIva`, `ValorBase`, `IdPresentacion`, `IdCategoria`, `Estado`, `rutaImagen`) VALUES (26, 'Gianvi', 'ante, iaculis nec, eleifend non, dapibus rutrum, justo. Praesent luctus. Curabitur egestas nunc sed libero.', 'cm3', 3, 167438, 16, 16, 1, 'SinCargarImagen');
INSERT INTO `SIGCO`.`Productos` (`IdProducto`, `Nombre`, `Descripcion`, `UnidadMedida`, `IdIva`, `ValorBase`, `IdPresentacion`, `IdCategoria`, `Estado`, `rutaImagen`) VALUES (27, 'Nasonex', 'ornare, elit elit fermentum risus, at fringilla purus mauris a nunc. In at pede.', 'dm3', 1, 117318, 9, 1, 1, 'SinCargarImagen');
INSERT INTO `SIGCO`.`Productos` (`IdProducto`, `Nombre`, `Descripcion`, `UnidadMedida`, `IdIva`, `ValorBase`, `IdPresentacion`, `IdCategoria`, `Estado`, `rutaImagen`) VALUES (28, 'Lisinopril', 'pede blandit congue. In scelerisque scelerisque dui. Suspendisse ac metus vitae velit egestas lacinia. Sed', 'dm3', 1, 114372, 8, 1, 1, 'SinCargarImagen');
INSERT INTO `SIGCO`.`Productos` (`IdProducto`, `Nombre`, `Descripcion`, `UnidadMedida`, `IdIva`, `ValorBase`, `IdPresentacion`, `IdCategoria`, `Estado`, `rutaImagen`) VALUES (29, 'Citalopram HBR', 'Maecenas mi felis, adipiscing fringilla, porttitor vulputate, posuere vulputate, lacus. Cras interdum. Nunc sollicitudin commodo ipsum. Suspendisse', 'dm3', 2, 38633, 10, 43, 1, 'SinCargarImagen');
INSERT INTO `SIGCO`.`Productos` (`IdProducto`, `Nombre`, `Descripcion`, `UnidadMedida`, `IdIva`, `ValorBase`, `IdPresentacion`, `IdCategoria`, `Estado`, `rutaImagen`) VALUES (30, 'Alprazolam', 'lectus', 'mm3', 2, 117143, 8, 33, 1, 'SinCargarImagen');
INSERT INTO `SIGCO`.`Productos` (`IdProducto`, `Nombre`, `Descripcion`, `UnidadMedida`, `IdIva`, `ValorBase`, `IdPresentacion`, `IdCategoria`, `Estado`, `rutaImagen`) VALUES (31, 'Naproxen', 'Morbi metus. Vivamus euismod urna. Nullam lobortis quam a felis ullamcorper viverra. Maecenas iaculis', 'cm3', 2, 162386, 17, 5, 1, 'SinCargarImagen');
INSERT INTO `SIGCO`.`Productos` (`IdProducto`, `Nombre`, `Descripcion`, `UnidadMedida`, `IdIva`, `ValorBase`, `IdPresentacion`, `IdCategoria`, `Estado`, `rutaImagen`) VALUES (32, 'Endocet', 'est. Mauris eu', 'dm3', 3, 175893, 4, 7, 0, 'SinCargarImagen');
INSERT INTO `SIGCO`.`Productos` (`IdProducto`, `Nombre`, `Descripcion`, `UnidadMedida`, `IdIva`, `ValorBase`, `IdPresentacion`, `IdCategoria`, `Estado`, `rutaImagen`) VALUES (33, 'Fluticasone Propionate', 'eleifend non, dapibus rutrum, justo. Praesent luctus. Curabitur egestas nunc sed libero.', 'dm3', 1, 53529, 13, 5, 1, 'SinCargarImagen');
INSERT INTO `SIGCO`.`Productos` (`IdProducto`, `Nombre`, `Descripcion`, `UnidadMedida`, `IdIva`, `ValorBase`, `IdPresentacion`, `IdCategoria`, `Estado`, `rutaImagen`) VALUES (34, 'Vyvanse', 'semper pretium neque. Morbi quis urna. Nunc quis arcu vel quam dignissim pharetra. Nam ac', 'mm3', 2, 110460, 18, 34, 1, 'SinCargarImagen');
INSERT INTO `SIGCO`.`Productos` (`IdProducto`, `Nombre`, `Descripcion`, `UnidadMedida`, `IdIva`, `ValorBase`, `IdPresentacion`, `IdCategoria`, `Estado`, `rutaImagen`) VALUES (35, 'Zolpidem Tartrate', 'natoque', 'cm3', 1, 134782, 13, 43, 1, 'SinCargarImagen');
INSERT INTO `SIGCO`.`Productos` (`IdProducto`, `Nombre`, `Descripcion`, `UnidadMedida`, `IdIva`, `ValorBase`, `IdPresentacion`, `IdCategoria`, `Estado`, `rutaImagen`) VALUES (36, 'Proair HFA', 'ornare, elit elit fermentum risus, at fringilla purus mauris a', 'mm3', 1, 26016, 1, 11, 1, 'SinCargarImagen');
INSERT INTO `SIGCO`.`Productos` (`IdProducto`, `Nombre`, `Descripcion`, `UnidadMedida`, `IdIva`, `ValorBase`, `IdPresentacion`, `IdCategoria`, `Estado`, `rutaImagen`) VALUES (37, 'Clindamycin HCl', 'elit, pretium et, rutrum non, hendrerit id, ante. Nunc mauris sapien, cursus in, hendrerit consectetuer, cursus et, magna. Praesent', 'dm3', 2, 164679, 6, 26, 1, 'SinCargarImagen');
INSERT INTO `SIGCO`.`Productos` (`IdProducto`, `Nombre`, `Descripcion`, `UnidadMedida`, `IdIva`, `ValorBase`, `IdPresentacion`, `IdCategoria`, `Estado`, `rutaImagen`) VALUES (38, 'Ibuprofen (Rx)', 'ut, pharetra sed, hendrerit', 'mm3', 3, 141317, 1, 26, 1, 'SinCargarImagen');
INSERT INTO `SIGCO`.`Productos` (`IdProducto`, `Nombre`, `Descripcion`, `UnidadMedida`, `IdIva`, `ValorBase`, `IdPresentacion`, `IdCategoria`, `Estado`, `rutaImagen`) VALUES (39, 'Fluoxetine HCl', 'non, lacinia at, iaculis quis, pede. Praesent eu dui.', 'cm3', 3, 82348, 15, 14, 1, 'SinCargarImagen');
INSERT INTO `SIGCO`.`Productos` (`IdProducto`, `Nombre`, `Descripcion`, `UnidadMedida`, `IdIva`, `ValorBase`, `IdPresentacion`, `IdCategoria`, `Estado`, `rutaImagen`) VALUES (40, 'Amoxicillin', 'eleifend egestas. Sed pharetra, felis eget varius ultrices, mauris ipsum porta elit, a', 'cm3', 1, 178742, 17, 14, 1, 'SinCargarImagen');
INSERT INTO `SIGCO`.`Productos` (`IdProducto`, `Nombre`, `Descripcion`, `UnidadMedida`, `IdIva`, `ValorBase`, `IdPresentacion`, `IdCategoria`, `Estado`, `rutaImagen`) VALUES (41, 'Simvastatin', 'sem,', 'mm3', 1, 118281, 18, 46, 1, 'SinCargarImagen');
INSERT INTO `SIGCO`.`Productos` (`IdProducto`, `Nombre`, `Descripcion`, `UnidadMedida`, `IdIva`, `ValorBase`, `IdPresentacion`, `IdCategoria`, `Estado`, `rutaImagen`) VALUES (42, 'Proair HFA', 'diam lorem, auctor quis, tristique ac, eleifend vitae, erat. Vivamus nisi. Mauris nulla.', 'mm3', 3, 170701, 13, 27, 1, 'SinCargarImagen');
INSERT INTO `SIGCO`.`Productos` (`IdProducto`, `Nombre`, `Descripcion`, `UnidadMedida`, `IdIva`, `ValorBase`, `IdPresentacion`, `IdCategoria`, `Estado`, `rutaImagen`) VALUES (43, 'Metoprolol Succinate', 'cursus in, hendrerit consectetuer, cursus et,', 'mm3', 1, 82786, 5, 43, 1, 'SinCargarImagen');
INSERT INTO `SIGCO`.`Productos` (`IdProducto`, `Nombre`, `Descripcion`, `UnidadMedida`, `IdIva`, `ValorBase`, `IdPresentacion`, `IdCategoria`, `Estado`, `rutaImagen`) VALUES (44, 'Hydrocodone/APAP', 'turpis non enim. Mauris quis turpis vitae purus gravida sagittis. Duis gravida. Praesent', 'cm3', 2, 179284, 7, 31, 1, 'SinCargarImagen');
INSERT INTO `SIGCO`.`Productos` (`IdProducto`, `Nombre`, `Descripcion`, `UnidadMedida`, `IdIva`, `ValorBase`, `IdPresentacion`, `IdCategoria`, `Estado`, `rutaImagen`) VALUES (45, 'Amitriptyline HCl', 'lorem eu metus. In lorem. Donec elementum, lorem ut aliquam iaculis, lacus pede sagittis', 'dm3', 3, 119937, 2, 42, 1, 'SinCargarImagen');
INSERT INTO `SIGCO`.`Productos` (`IdProducto`, `Nombre`, `Descripcion`, `UnidadMedida`, `IdIva`, `ValorBase`, `IdPresentacion`, `IdCategoria`, `Estado`, `rutaImagen`) VALUES (46, 'Zolpidem Tartrate', 'Nam consequat dolor', 'cm3', 3, 87104, 16, 21, 1, 'SinCargarImagen');
INSERT INTO `SIGCO`.`Productos` (`IdProducto`, `Nombre`, `Descripcion`, `UnidadMedida`, `IdIva`, `ValorBase`, `IdPresentacion`, `IdCategoria`, `Estado`, `rutaImagen`) VALUES (47, 'Warfarin Sodium', 'rutrum non, hendrerit id, ante. Nunc mauris sapien, cursus in, hendrerit', 'dm3', 3, 158042, 9, 32, 1, 'SinCargarImagen');
INSERT INTO `SIGCO`.`Productos` (`IdProducto`, `Nombre`, `Descripcion`, `UnidadMedida`, `IdIva`, `ValorBase`, `IdPresentacion`, `IdCategoria`, `Estado`, `rutaImagen`) VALUES (48, 'Lidoderm', 'Proin eget odio. Aliquam vulputate ullamcorper magna.', 'mm3', 1, 65757, 17, 26, 1, 'SinCargarImagen');
INSERT INTO `SIGCO`.`Productos` (`IdProducto`, `Nombre`, `Descripcion`, `UnidadMedida`, `IdIva`, `ValorBase`, `IdPresentacion`, `IdCategoria`, `Estado`, `rutaImagen`) VALUES (49, 'Seroquel', 'Aliquam vulputate ullamcorper magna. Sed eu eros. Nam consequat dolor vitae dolor. Donec fringilla.', 'dm3', 1, 134907, 5, 47, 1, 'SinCargarImagen');
INSERT INTO `SIGCO`.`Productos` (`IdProducto`, `Nombre`, `Descripcion`, `UnidadMedida`, `IdIva`, `ValorBase`, `IdPresentacion`, `IdCategoria`, `Estado`, `rutaImagen`) VALUES (50, 'Metoprolol Succinate', 'lectus. Nullam suscipit,', 'cm3', 1, 113961, 15, 9, 1, 'SinCargarImagen');
INSERT INTO `SIGCO`.`Productos` (`IdProducto`, `Nombre`, `Descripcion`, `UnidadMedida`, `IdIva`, `ValorBase`, `IdPresentacion`, `IdCategoria`, `Estado`, `rutaImagen`) VALUES (51, 'Clonazepam', 'et tristique pellentesque, tellus sem mollis dui, in sodales elit', 'mm3', 2, 152547, 13, 6, 1, 'SinCargarImagen');
INSERT INTO `SIGCO`.`Productos` (`IdProducto`, `Nombre`, `Descripcion`, `UnidadMedida`, `IdIva`, `ValorBase`, `IdPresentacion`, `IdCategoria`, `Estado`, `rutaImagen`) VALUES (52, 'Loestrin 24 Fe', 'velit. Aliquam', 'mm3', 1, 93841, 17, 44, 1, 'SinCargarImagen');
INSERT INTO `SIGCO`.`Productos` (`IdProducto`, `Nombre`, `Descripcion`, `UnidadMedida`, `IdIva`, `ValorBase`, `IdPresentacion`, `IdCategoria`, `Estado`, `rutaImagen`) VALUES (53, 'Alprazolam', 'felis ullamcorper viverra. Maecenas iaculis aliquet diam. Sed diam lorem, auctor quis, tristique ac, eleifend vitae,', 'mm3', 1, 125426, 7, 21, 1, 'SinCargarImagen');
INSERT INTO `SIGCO`.`Productos` (`IdProducto`, `Nombre`, `Descripcion`, `UnidadMedida`, `IdIva`, `ValorBase`, `IdPresentacion`, `IdCategoria`, `Estado`, `rutaImagen`) VALUES (54, 'Cyclobenzaprin HCl', 'semper cursus. Integer mollis. Integer tincidunt aliquam arcu. Aliquam ultrices iaculis odio. Nam interdum', 'mm3', 2, 19140, 13, 39, 1, 'SinCargarImagen');
INSERT INTO `SIGCO`.`Productos` (`IdProducto`, `Nombre`, `Descripcion`, `UnidadMedida`, `IdIva`, `ValorBase`, `IdPresentacion`, `IdCategoria`, `Estado`, `rutaImagen`) VALUES (55, 'Lisinopril', 'erat nonummy ultricies ornare, elit elit fermentum risus, at fringilla purus mauris a nunc. In at pede. Cras vulputate', 'mm3', 1, 112654, 7, 24, 1, 'SinCargarImagen');
INSERT INTO `SIGCO`.`Productos` (`IdProducto`, `Nombre`, `Descripcion`, `UnidadMedida`, `IdIva`, `ValorBase`, `IdPresentacion`, `IdCategoria`, `Estado`, `rutaImagen`) VALUES (56, 'Synthroid', 'lectus quis massa. Mauris vestibulum, neque', 'cm3', 1, 175448, 3, 31, 1, 'SinCargarImagen');
INSERT INTO `SIGCO`.`Productos` (`IdProducto`, `Nombre`, `Descripcion`, `UnidadMedida`, `IdIva`, `ValorBase`, `IdPresentacion`, `IdCategoria`, `Estado`, `rutaImagen`) VALUES (57, 'Gabapentin', 'nunc interdum feugiat. Sed nec metus facilisis lorem tristique aliquet. Phasellus fermentum convallis ligula. Donec luctus', 'mm3', 3, 75912, 20, 37, 1, 'SinCargarImagen');
INSERT INTO `SIGCO`.`Productos` (`IdProducto`, `Nombre`, `Descripcion`, `UnidadMedida`, `IdIva`, `ValorBase`, `IdPresentacion`, `IdCategoria`, `Estado`, `rutaImagen`) VALUES (58, 'Digoxin', 'ligula eu enim. Etiam imperdiet dictum magna. Ut tincidunt orci quis', 'cm3', 2, 152480, 7, 8, 1, 'SinCargarImagen');
INSERT INTO `SIGCO`.`Productos` (`IdProducto`, `Nombre`, `Descripcion`, `UnidadMedida`, `IdIva`, `ValorBase`, `IdPresentacion`, `IdCategoria`, `Estado`, `rutaImagen`) VALUES (59, 'Fluticasone Propionate', 'ante. Nunc mauris sapien, cursus in, hendrerit consectetuer, cursus et, magna. Praesent interdum ligula', 'cm3', 3, 38830, 8, 27, 0, 'SinCargarImagen');
INSERT INTO `SIGCO`.`Productos` (`IdProducto`, `Nombre`, `Descripcion`, `UnidadMedida`, `IdIva`, `ValorBase`, `IdPresentacion`, `IdCategoria`, `Estado`, `rutaImagen`) VALUES (60, 'Furosemide', 'sed leo. Cras vehicula aliquet libero. Integer in magna. Phasellus dolor elit, pellentesque a, facilisis non, bibendum', 'dm3', 2, 21309, 13, 5, 1, 'SinCargarImagen');
INSERT INTO `SIGCO`.`Productos` (`IdProducto`, `Nombre`, `Descripcion`, `UnidadMedida`, `IdIva`, `ValorBase`, `IdPresentacion`, `IdCategoria`, `Estado`, `rutaImagen`) VALUES (61, 'APAP/Codeine', 'a, scelerisque sed, sapien. Nunc pulvinar arcu', 'mm3', 2, 177872, 15, 2, 1, 'SinCargarImagen');
INSERT INTO `SIGCO`.`Productos` (`IdProducto`, `Nombre`, `Descripcion`, `UnidadMedida`, `IdIva`, `ValorBase`, `IdPresentacion`, `IdCategoria`, `Estado`, `rutaImagen`) VALUES (62, 'Prednisone', 'mauris id sapien. Cras dolor dolor, tempus non, lacinia at, iaculis quis, pede. Praesent eu dui. Cum sociis natoque', 'mm3', 2, 177912, 18, 9, 1, 'SinCargarImagen');
INSERT INTO `SIGCO`.`Productos` (`IdProducto`, `Nombre`, `Descripcion`, `UnidadMedida`, `IdIva`, `ValorBase`, `IdPresentacion`, `IdCategoria`, `Estado`, `rutaImagen`) VALUES (63, 'Niaspan', 'sem semper erat, in consectetuer ipsum nunc id enim. Curabitur massa. Vestibulum accumsan', 'dm3', 3, 102295, 8, 33, 1, 'SinCargarImagen');
INSERT INTO `SIGCO`.`Productos` (`IdProducto`, `Nombre`, `Descripcion`, `UnidadMedida`, `IdIva`, `ValorBase`, `IdPresentacion`, `IdCategoria`, `Estado`, `rutaImagen`) VALUES (64, 'Nexium', 'non sapien molestie', 'dm3', 1, 50108, 2, 36, 1, 'SinCargarImagen');
INSERT INTO `SIGCO`.`Productos` (`IdProducto`, `Nombre`, `Descripcion`, `UnidadMedida`, `IdIva`, `ValorBase`, `IdPresentacion`, `IdCategoria`, `Estado`, `rutaImagen`) VALUES (65, 'Lantus', 'nulla. Integer vulputate, risus a ultricies adipiscing, enim mi tempor lorem, eget mollis lectus pede', 'mm3', 3, 199754, 6, 29, 1, 'SinCargarImagen');
INSERT INTO `SIGCO`.`Productos` (`IdProducto`, `Nombre`, `Descripcion`, `UnidadMedida`, `IdIva`, `ValorBase`, `IdPresentacion`, `IdCategoria`, `Estado`, `rutaImagen`) VALUES (66, 'Levothyroxine Sodium', 'et malesuada', 'mm3', 1, 12415, 19, 45, 1, 'SinCargarImagen');
INSERT INTO `SIGCO`.`Productos` (`IdProducto`, `Nombre`, `Descripcion`, `UnidadMedida`, `IdIva`, `ValorBase`, `IdPresentacion`, `IdCategoria`, `Estado`, `rutaImagen`) VALUES (67, 'Atenolol', 'Proin nisl sem, consequat nec,', 'dm3', 2, 197855, 18, 43, 1, 'SinCargarImagen');
INSERT INTO `SIGCO`.`Productos` (`IdProducto`, `Nombre`, `Descripcion`, `UnidadMedida`, `IdIva`, `ValorBase`, `IdPresentacion`, `IdCategoria`, `Estado`, `rutaImagen`) VALUES (68, 'Amitriptyline HCl', 'at, iaculis quis, pede. Praesent eu', 'dm3', 2, 59621, 11, 10, 1, 'SinCargarImagen');
INSERT INTO `SIGCO`.`Productos` (`IdProducto`, `Nombre`, `Descripcion`, `UnidadMedida`, `IdIva`, `ValorBase`, `IdPresentacion`, `IdCategoria`, `Estado`, `rutaImagen`) VALUES (69, 'Ibuprofen (Rx)', 'pharetra. Nam ac nulla. In tincidunt congue turpis. In condimentum. Donec at arcu.', 'cm3', 2, 173258, 18, 24, 1, 'SinCargarImagen');
INSERT INTO `SIGCO`.`Productos` (`IdProducto`, `Nombre`, `Descripcion`, `UnidadMedida`, `IdIva`, `ValorBase`, `IdPresentacion`, `IdCategoria`, `Estado`, `rutaImagen`) VALUES (70, 'Premarin', 'Nunc pulvinar arcu et pede. Nunc sed orci lobortis augue', 'cm3', 1, 32563, 17, 23, 1, 'SinCargarImagen');
INSERT INTO `SIGCO`.`Productos` (`IdProducto`, `Nombre`, `Descripcion`, `UnidadMedida`, `IdIva`, `ValorBase`, `IdPresentacion`, `IdCategoria`, `Estado`, `rutaImagen`) VALUES (71, 'Lisinopril', 'nec luctus felis purus ac tellus. Suspendisse sed dolor. Fusce mi lorem, vehicula et, rutrum eu, ultrices', 'dm3', 2, 21688, 3, 7, 1, 'SinCargarImagen');
INSERT INTO `SIGCO`.`Productos` (`IdProducto`, `Nombre`, `Descripcion`, `UnidadMedida`, `IdIva`, `ValorBase`, `IdPresentacion`, `IdCategoria`, `Estado`, `rutaImagen`) VALUES (72, 'Proair HFA', 'Nulla tincidunt, neque vitae semper egestas, urna justo faucibus', 'cm3', 1, 131459, 14, 21, 1, 'SinCargarImagen');
INSERT INTO `SIGCO`.`Productos` (`IdProducto`, `Nombre`, `Descripcion`, `UnidadMedida`, `IdIva`, `ValorBase`, `IdPresentacion`, `IdCategoria`, `Estado`, `rutaImagen`) VALUES (73, 'Oxycontin', 'ante ipsum primis in faucibus orci luctus et ultrices posuere', 'dm3', 1, 116427, 4, 11, 1, 'SinCargarImagen');
INSERT INTO `SIGCO`.`Productos` (`IdProducto`, `Nombre`, `Descripcion`, `UnidadMedida`, `IdIva`, `ValorBase`, `IdPresentacion`, `IdCategoria`, `Estado`, `rutaImagen`) VALUES (74, 'Glyburide', 'In condimentum. Donec at arcu. Vestibulum ante ipsum primis in faucibus orci luctus et ultrices posuere cubilia Curae;', 'mm3', 2, 59993, 17, 25, 1, 'SinCargarImagen');
INSERT INTO `SIGCO`.`Productos` (`IdProducto`, `Nombre`, `Descripcion`, `UnidadMedida`, `IdIva`, `ValorBase`, `IdPresentacion`, `IdCategoria`, `Estado`, `rutaImagen`) VALUES (75, 'Alprazolam', 'erat nonummy ultricies ornare, elit elit fermentum risus, at fringilla purus mauris a nunc.', 'mm3', 3, 104845, 6, 45, 1, 'SinCargarImagen');
INSERT INTO `SIGCO`.`Productos` (`IdProducto`, `Nombre`, `Descripcion`, `UnidadMedida`, `IdIva`, `ValorBase`, `IdPresentacion`, `IdCategoria`, `Estado`, `rutaImagen`) VALUES (76, 'Lovastatin', 'a, arcu. Sed et libero. Proin mi. Aliquam gravida mauris ut mi. Duis risus', 'cm3', 1, 14154, 19, 33, 1, 'SinCargarImagen');
INSERT INTO `SIGCO`.`Productos` (`IdProducto`, `Nombre`, `Descripcion`, `UnidadMedida`, `IdIva`, `ValorBase`, `IdPresentacion`, `IdCategoria`, `Estado`, `rutaImagen`) VALUES (77, 'Sertraline HCl', 'Maecenas iaculis aliquet diam. Sed diam lorem, auctor quis, tristique ac, eleifend vitae, erat. Vivamus nisi.', 'dm3', 3, 181987, 13, 50, 1, 'SinCargarImagen');
INSERT INTO `SIGCO`.`Productos` (`IdProducto`, `Nombre`, `Descripcion`, `UnidadMedida`, `IdIva`, `ValorBase`, `IdPresentacion`, `IdCategoria`, `Estado`, `rutaImagen`) VALUES (78, 'Vyvanse', 'nonummy ut, molestie in, tempus eu, ligula. Aenean euismod', 'cm3', 3, 189143, 11, 34, 1, 'SinCargarImagen');
INSERT INTO `SIGCO`.`Productos` (`IdProducto`, `Nombre`, `Descripcion`, `UnidadMedida`, `IdIva`, `ValorBase`, `IdPresentacion`, `IdCategoria`, `Estado`, `rutaImagen`) VALUES (79, 'Flovent HFA', 'natoque penatibus et magnis dis parturient', 'dm3', 1, 65929, 10, 42, 1, 'SinCargarImagen');
INSERT INTO `SIGCO`.`Productos` (`IdProducto`, `Nombre`, `Descripcion`, `UnidadMedida`, `IdIva`, `ValorBase`, `IdPresentacion`, `IdCategoria`, `Estado`, `rutaImagen`) VALUES (80, 'Amlodipine Besylate', 'tincidunt pede ac urna. Ut tincidunt vehicula risus. Nulla eget metus eu erat semper', 'dm3', 1, 98361, 20, 45, 1, 'SinCargarImagen');
INSERT INTO `SIGCO`.`Productos` (`IdProducto`, `Nombre`, `Descripcion`, `UnidadMedida`, `IdIva`, `ValorBase`, `IdPresentacion`, `IdCategoria`, `Estado`, `rutaImagen`) VALUES (81, 'Risperidone', 'et magnis dis parturient montes, nascetur ridiculus mus. Proin', 'dm3', 3, 52010, 7, 50, 1, 'SinCargarImagen');
INSERT INTO `SIGCO`.`Productos` (`IdProducto`, `Nombre`, `Descripcion`, `UnidadMedida`, `IdIva`, `ValorBase`, `IdPresentacion`, `IdCategoria`, `Estado`, `rutaImagen`) VALUES (82, 'Oxycontin', 'sodales elit erat vitae', 'cm3', 2, 196238, 18, 22, 1, 'SinCargarImagen');
INSERT INTO `SIGCO`.`Productos` (`IdProducto`, `Nombre`, `Descripcion`, `UnidadMedida`, `IdIva`, `ValorBase`, `IdPresentacion`, `IdCategoria`, `Estado`, `rutaImagen`) VALUES (83, 'Sertraline HCl', 'varius et, euismod et, commodo at, libero. Morbi accumsan laoreet ipsum. Curabitur consequat, lectus sit', 'dm3', 3, 35682, 17, 44, 1, 'SinCargarImagen');
INSERT INTO `SIGCO`.`Productos` (`IdProducto`, `Nombre`, `Descripcion`, `UnidadMedida`, `IdIva`, `ValorBase`, `IdPresentacion`, `IdCategoria`, `Estado`, `rutaImagen`) VALUES (84, 'Levoxyl', 'lacus. Quisque purus sapien, gravida non, sollicitudin a, malesuada id, erat.', 'cm3', 1, 104348, 11, 49, 1, 'SinCargarImagen');
INSERT INTO `SIGCO`.`Productos` (`IdProducto`, `Nombre`, `Descripcion`, `UnidadMedida`, `IdIva`, `ValorBase`, `IdPresentacion`, `IdCategoria`, `Estado`, `rutaImagen`) VALUES (85, 'Cheratussin AC', 'feugiat metus sit amet ante. Vivamus', 'cm3', 1, 83108, 13, 48, 1, 'SinCargarImagen');
INSERT INTO `SIGCO`.`Productos` (`IdProducto`, `Nombre`, `Descripcion`, `UnidadMedida`, `IdIva`, `ValorBase`, `IdPresentacion`, `IdCategoria`, `Estado`, `rutaImagen`) VALUES (86, 'Risperidone', 'vitae semper', 'mm3', 2, 115182, 19, 24, 1, 'SinCargarImagen');
INSERT INTO `SIGCO`.`Productos` (`IdProducto`, `Nombre`, `Descripcion`, `UnidadMedida`, `IdIva`, `ValorBase`, `IdPresentacion`, `IdCategoria`, `Estado`, `rutaImagen`) VALUES (87, 'Nuvaring', 'mus.', 'cm3', 3, 184725, 6, 47, 1, 'SinCargarImagen');
INSERT INTO `SIGCO`.`Productos` (`IdProducto`, `Nombre`, `Descripcion`, `UnidadMedida`, `IdIva`, `ValorBase`, `IdPresentacion`, `IdCategoria`, `Estado`, `rutaImagen`) VALUES (88, 'Seroquel', 'ultricies adipiscing, enim mi tempor lorem, eget mollis lectus pede et risus. Quisque libero lacus, varius', 'cm3', 3, 162350, 4, 49, 1, 'SinCargarImagen');
INSERT INTO `SIGCO`.`Productos` (`IdProducto`, `Nombre`, `Descripcion`, `UnidadMedida`, `IdIva`, `ValorBase`, `IdPresentacion`, `IdCategoria`, `Estado`, `rutaImagen`) VALUES (89, 'Levaquin', 'non, luctus', 'dm3', 1, 169740, 20, 50, 1, 'SinCargarImagen');
INSERT INTO `SIGCO`.`Productos` (`IdProducto`, `Nombre`, `Descripcion`, `UnidadMedida`, `IdIva`, `ValorBase`, `IdPresentacion`, `IdCategoria`, `Estado`, `rutaImagen`) VALUES (90, 'Metoprolol Tartrate ', 'augue. Sed molestie. Sed id risus quis diam luctus lobortis. Class aptent taciti sociosqu ad', 'mm3', 3, 189180, 12, 31, 1, 'SinCargarImagen');
INSERT INTO `SIGCO`.`Productos` (`IdProducto`, `Nombre`, `Descripcion`, `UnidadMedida`, `IdIva`, `ValorBase`, `IdPresentacion`, `IdCategoria`, `Estado`, `rutaImagen`) VALUES (91, 'Synthroid', 'mollis lectus pede et risus. Quisque libero lacus, varius et, euismod et, commodo at, libero. Morbi', 'cm3', 3, 10077, 18, 2, 1, 'SinCargarImagen');
INSERT INTO `SIGCO`.`Productos` (`IdProducto`, `Nombre`, `Descripcion`, `UnidadMedida`, `IdIva`, `ValorBase`, `IdPresentacion`, `IdCategoria`, `Estado`, `rutaImagen`) VALUES (92, 'Metoprolol Succinatee', 'Vestibulum ante', 'cm3', 1, 144425, 3, 44, 1, 'SinCargarImagen');
INSERT INTO `SIGCO`.`Productos` (`IdProducto`, `Nombre`, `Descripcion`, `UnidadMedida`, `IdIva`, `ValorBase`, `IdPresentacion`, `IdCategoria`, `Estado`, `rutaImagen`) VALUES (93, 'Plavix', 'aliquet odio. Etiam ligula tortor, dictum eu, placerat eget, venenatis a, magna. Lorem ipsum dolor sit amet, consectetuer adipiscing elit.', 'mm3', 2, 120803, 4, 9, 1, 'SinCargarImagen');
INSERT INTO `SIGCO`.`Productos` (`IdProducto`, `Nombre`, `Descripcion`, `UnidadMedida`, `IdIva`, `ValorBase`, `IdPresentacion`, `IdCategoria`, `Estado`, `rutaImagen`) VALUES (94, 'Alprazolam', 'at fringilla purus mauris a nunc. In', 'mm3', 1, 64122, 3, 1, 1, 'SinCargarImagen');
INSERT INTO `SIGCO`.`Productos` (`IdProducto`, `Nombre`, `Descripcion`, `UnidadMedida`, `IdIva`, `ValorBase`, `IdPresentacion`, `IdCategoria`, `Estado`, `rutaImagen`) VALUES (95, 'Zolpidem Tartrate', 'Proin eget odio. Aliquam vulputate', 'mm3', 1, 120457, 18, 1, 1, 'SinCargarImagen');
INSERT INTO `SIGCO`.`Productos` (`IdProducto`, `Nombre`, `Descripcion`, `UnidadMedida`, `IdIva`, `ValorBase`, `IdPresentacion`, `IdCategoria`, `Estado`, `rutaImagen`) VALUES (96, 'Ventolin HFA', 'rutrum non, hendrerit id, ante. Nunc mauris sapien, cursus in, hendrerit consectetuer, cursus et, magna. Praesent interdum', 'dm3', 3, 183008, 5, 4, 1, 'SinCargarImagen');
INSERT INTO `SIGCO`.`Productos` (`IdProducto`, `Nombre`, `Descripcion`, `UnidadMedida`, `IdIva`, `ValorBase`, `IdPresentacion`, `IdCategoria`, `Estado`, `rutaImagen`) VALUES (97, 'Vitamin D (Rx)', 'urna. Nunc quis arcu vel quam dignissim pharetra. Nam ac nulla. In tincidunt congue turpis. In condimentum. Donec', 'dm3', 3, 26172, 15, 12, 1, 'SinCargarImagen');
INSERT INTO `SIGCO`.`Productos` (`IdProducto`, `Nombre`, `Descripcion`, `UnidadMedida`, `IdIva`, `ValorBase`, `IdPresentacion`, `IdCategoria`, `Estado`, `rutaImagen`) VALUES (98, 'Cheratussin AC', 'Aenean eget magna. Suspendisse tristique neque venenatis lacus. Etiam bibendum fermentum metus. Aenean sed pede nec', 'dm3', 1, 83362, 6, 25, 1, 'SinCargarImagen');
INSERT INTO `SIGCO`.`Productos` (`IdProducto`, `Nombre`, `Descripcion`, `UnidadMedida`, `IdIva`, `ValorBase`, `IdPresentacion`, `IdCategoria`, `Estado`, `rutaImagen`) VALUES (99, 'Lexapro', 'ultricies ligula. Nullam enim. Sed nulla ante, iaculis nec, eleifend non, dapibus rutrum, justo. Praesent luctus.', 'dm3', 1, 118443, 14, 25, 1, 'SinCargarImagen');
INSERT INTO `SIGCO`.`Productos` (`IdProducto`, `Nombre`, `Descripcion`, `UnidadMedida`, `IdIva`, `ValorBase`, `IdPresentacion`, `IdCategoria`, `Estado`, `rutaImagen`) VALUES (100, 'Metoprolol Tartrate ', 'vel, faucibus id, libero. Donec consectetuer', 'dm3', 2, 53669, 18, 2, 1, 'SinCargarImagen');

COMMIT;


-- -----------------------------------------------------
-- Data for table `SIGCO`.`Metas`
-- -----------------------------------------------------
START TRANSACTION;
USE `SIGCO`;
INSERT INTO `SIGCO`.`Metas` (`IdMeta`, `Tipo`, `CantidadValor`, `FechaInicio`, `FechaFin`) VALUES (1, 'VENTAS', 1000000, '2015-01-01', '2015-02-01');
INSERT INTO `SIGCO`.`Metas` (`IdMeta`, `Tipo`, `CantidadValor`, `FechaInicio`, `FechaFin`) VALUES (2, 'VENTAS', 2000000, '2015-02-01', '2015-03-01');
INSERT INTO `SIGCO`.`Metas` (`IdMeta`, `Tipo`, `CantidadValor`, `FechaInicio`, `FechaFin`) VALUES (3, 'VISITAS', 15, '2015-01-01', '2015-02-01');
INSERT INTO `SIGCO`.`Metas` (`IdMeta`, `Tipo`, `CantidadValor`, `FechaInicio`, `FechaFin`) VALUES (4, 'VISITAS', 25, '2015-02-01', '2015-03-01');

COMMIT;


-- -----------------------------------------------------
-- Data for table `SIGCO`.`Roles`
-- -----------------------------------------------------
START TRANSACTION;
USE `SIGCO`;
INSERT INTO `SIGCO`.`Roles` (`IdRolUsuario`, `Nombre`) VALUES (1, 'Coordinador');
INSERT INTO `SIGCO`.`Roles` (`IdRolUsuario`, `Nombre`) VALUES (2, 'Asesor');

COMMIT;


-- -----------------------------------------------------
-- Data for table `SIGCO`.`Temas`
-- -----------------------------------------------------
START TRANSACTION;
USE `SIGCO`;
INSERT INTO `SIGCO`.`Temas` (`IdTemas`, `Nombre`) VALUES (1, 'Lavasoft');
INSERT INTO `SIGCO`.`Temas` (`IdTemas`, `Nombre`) VALUES (2, 'Yahoo');
INSERT INTO `SIGCO`.`Temas` (`IdTemas`, `Nombre`) VALUES (3, 'Finale');
INSERT INTO `SIGCO`.`Temas` (`IdTemas`, `Nombre`) VALUES (4, 'Borland');
INSERT INTO `SIGCO`.`Temas` (`IdTemas`, `Nombre`) VALUES (5, 'Apple Systems');
INSERT INTO `SIGCO`.`Temas` (`IdTemas`, `Nombre`) VALUES (6, 'Microsoft');
INSERT INTO `SIGCO`.`Temas` (`IdTemas`, `Nombre`) VALUES (7, 'Adobe');
INSERT INTO `SIGCO`.`Temas` (`IdTemas`, `Nombre`) VALUES (8, 'Sibelius');
INSERT INTO `SIGCO`.`Temas` (`IdTemas`, `Nombre`) VALUES (9, 'Altavista');
INSERT INTO `SIGCO`.`Temas` (`IdTemas`, `Nombre`) VALUES (10, 'Lycos');
INSERT INTO `SIGCO`.`Temas` (`IdTemas`, `Nombre`) VALUES (11, 'Chami');
INSERT INTO `SIGCO`.`Temas` (`IdTemas`, `Nombre`) VALUES (12, 'Macromedia');
INSERT INTO `SIGCO`.`Temas` (`IdTemas`, `Nombre`) VALUES (13, 'Google');
INSERT INTO `SIGCO`.`Temas` (`IdTemas`, `Nombre`) VALUES (14, 'Cakewalk');

COMMIT;


-- -----------------------------------------------------
-- Data for table `SIGCO`.`Permisos`
-- -----------------------------------------------------
START TRANSACTION;
USE `SIGCO`;
INSERT INTO `SIGCO`.`Permisos` (`IdPermisos`, `Url`, `NombrePagina`) VALUES (1, 'mvc/views/clientes.php', 'Clientes');
INSERT INTO `SIGCO`.`Permisos` (`IdPermisos`, `Url`, `NombrePagina`) VALUES (2, 'mvc/views/productos.php', 'Productos');
INSERT INTO `SIGCO`.`Permisos` (`IdPermisos`, `Url`, `NombrePagina`) VALUES (3, 'mvc/views/usuarios.php', 'Usuarios');
INSERT INTO `SIGCO`.`Permisos` (`IdPermisos`, `Url`, `NombrePagina`) VALUES (4, 'mvc/views/cotizaciones.php', 'Cotizaciones');
INSERT INTO `SIGCO`.`Permisos` (`IdPermisos`, `Url`, `NombrePagina`) VALUES (5, 'mvc/views/ordenesCompra.php', 'Ordenes de compra');
INSERT INTO `SIGCO`.`Permisos` (`IdPermisos`, `Url`, `NombrePagina`) VALUES (6, 'mvc/views/gestiones.php', 'Gestiones');
INSERT INTO `SIGCO`.`Permisos` (`IdPermisos`, `Url`, `NombrePagina`) VALUES (7, 'mvc/views/metas.php', 'Metas');
INSERT INTO `SIGCO`.`Permisos` (`IdPermisos`, `Url`, `NombrePagina`) VALUES (8, 'mvc/views/temas.php', 'Temas');

COMMIT;

