-- MySQL Script generated by MySQL Workbench
-- 08/16/15 03:30:47
-- Model: New Model    Version: 1.0
-- MySQL Workbench Forward Engineering

SET @OLD_UNIQUE_CHECKS=@@UNIQUE_CHECKS, UNIQUE_CHECKS=0;
SET @OLD_FOREIGN_KEY_CHECKS=@@FOREIGN_KEY_CHECKS, FOREIGN_KEY_CHECKS=0;
SET @OLD_SQL_MODE=@@SQL_MODE, SQL_MODE='TRADITIONAL,ALLOW_INVALID_DATES';

-- -----------------------------------------------------
-- Schema SIGCO
-- -----------------------------------------------------
DROP SCHEMA IF EXISTS `SIGCO` ;

-- -----------------------------------------------------
-- Schema SIGCO
-- -----------------------------------------------------
CREATE SCHEMA IF NOT EXISTS `SIGCO` DEFAULT CHARACTER SET utf8 COLLATE utf8_general_ci ;
USE `SIGCO` ;

-- -----------------------------------------------------
-- Table `SIGCO`.`Usuarios`
-- -----------------------------------------------------
DROP TABLE IF EXISTS `SIGCO`.`Usuarios` ;

CREATE TABLE IF NOT EXISTS `SIGCO`.`Usuarios` (
  `IdUsuario` INT NOT NULL,
  `Nombres` VARCHAR(50) NOT NULL,
  `Apellidos` VARCHAR(50) NOT NULL,
  `Empleo` VARCHAR(50) NOT NULL,
  `Email` VARCHAR(70) NOT NULL,
  `Contrasenia` VARCHAR(50) NOT NULL,
  `Estado` TINYINT(1) NOT NULL,
  `rutaImagen` VARCHAR(100) NOT NULL,
  PRIMARY KEY (`IdUsuario`))
ENGINE = InnoDB;


-- -----------------------------------------------------
-- Table `SIGCO`.`TiposEmpresas`
-- -----------------------------------------------------
DROP TABLE IF EXISTS `SIGCO`.`TiposEmpresas` ;

CREATE TABLE IF NOT EXISTS `SIGCO`.`TiposEmpresas` (
  `IdTipo` INT NOT NULL AUTO_INCREMENT,
  `Nombre` VARCHAR(50) NOT NULL,
  PRIMARY KEY (`IdTipo`))
ENGINE = InnoDB;


-- -----------------------------------------------------
-- Table `SIGCO`.`ActividadesEmpresas`
-- -----------------------------------------------------
DROP TABLE IF EXISTS `SIGCO`.`ActividadesEmpresas` ;

CREATE TABLE IF NOT EXISTS `SIGCO`.`ActividadesEmpresas` (
  `IdActividad` INT NOT NULL AUTO_INCREMENT,
  `Nombre` VARCHAR(50) NOT NULL,
  `PagaIva` TINYINT(1) NOT NULL,
  PRIMARY KEY (`IdActividad`))
ENGINE = InnoDB;


-- -----------------------------------------------------
-- Table `SIGCO`.`Clasificaciones`
-- -----------------------------------------------------
DROP TABLE IF EXISTS `SIGCO`.`Clasificaciones` ;

CREATE TABLE IF NOT EXISTS `SIGCO`.`Clasificaciones` (
  `IdClasificacion` INT NOT NULL AUTO_INCREMENT,
  `Nombre` VARCHAR(50) NOT NULL,
  PRIMARY KEY (`IdClasificacion`))
ENGINE = InnoDB;


-- -----------------------------------------------------
-- Table `SIGCO`.`Ciudades`
-- -----------------------------------------------------
DROP TABLE IF EXISTS `SIGCO`.`Ciudades` ;

CREATE TABLE IF NOT EXISTS `SIGCO`.`Ciudades` (
  `IdCiudad` INT NOT NULL AUTO_INCREMENT,
  `Nombre` VARCHAR(50) NOT NULL,
  PRIMARY KEY (`IdCiudad`))
ENGINE = InnoDB;


-- -----------------------------------------------------
-- Table `SIGCO`.`Clientes`
-- -----------------------------------------------------
DROP TABLE IF EXISTS `SIGCO`.`Clientes` ;

CREATE TABLE IF NOT EXISTS `SIGCO`.`Clientes` (
  `IdCliente` INT NOT NULL,
  `RazonSocial` VARCHAR(50) NOT NULL,
  `Direccion` VARCHAR(50) NOT NULL,
  `TelFijo` INT NOT NULL,
  `Email` VARCHAR(70) NOT NULL,
  `NombresContacto` VARCHAR(50) NOT NULL,
  `ApellidosContacto` VARCHAR(50) NOT NULL,
  `CelularContacto` INT NOT NULL,
  `EmailContacto` VARCHAR(70) NOT NULL,
  `IdTipo` INT NOT NULL,
  `IdActividad` INT NOT NULL,
  `IdClasificacion` INT NOT NULL,
  `IdCiudad` INT NOT NULL,
  PRIMARY KEY (`IdCliente`),
  INDEX `fk_Clientes_TiposEmpresas1_idx` (`IdTipo` ASC),
  INDEX `fk_Clientes_ActividadesEmpresas1_idx` (`IdActividad` ASC),
  INDEX `fk_Clientes_Clasificaciones1_idx` (`IdClasificacion` ASC),
  INDEX `fk_Clientes_Ciudades1_idx` (`IdCiudad` ASC),
  CONSTRAINT `fk_Clientes_TiposEmpresas1`
    FOREIGN KEY (`IdTipo`)
    REFERENCES `SIGCO`.`TiposEmpresas` (`IdTipo`)
    ON DELETE CASCADE
    ON UPDATE CASCADE,
  CONSTRAINT `fk_Clientes_ActividadesEmpresas1`
    FOREIGN KEY (`IdActividad`)
    REFERENCES `SIGCO`.`ActividadesEmpresas` (`IdActividad`)
    ON DELETE CASCADE
    ON UPDATE CASCADE,
  CONSTRAINT `fk_Clientes_Clasificaciones1`
    FOREIGN KEY (`IdClasificacion`)
    REFERENCES `SIGCO`.`Clasificaciones` (`IdClasificacion`)
    ON DELETE CASCADE
    ON UPDATE CASCADE,
  CONSTRAINT `fk_Clientes_Ciudades1`
    FOREIGN KEY (`IdCiudad`)
    REFERENCES `SIGCO`.`Ciudades` (`IdCiudad`)
    ON DELETE CASCADE
    ON UPDATE CASCADE)
ENGINE = InnoDB;


-- -----------------------------------------------------
-- Table `SIGCO`.`Presentaciones`
-- -----------------------------------------------------
DROP TABLE IF EXISTS `SIGCO`.`Presentaciones` ;

CREATE TABLE IF NOT EXISTS `SIGCO`.`Presentaciones` (
  `IdPresentacion` INT NOT NULL AUTO_INCREMENT,
  `Nombre` VARCHAR(50) NOT NULL,
  PRIMARY KEY (`IdPresentacion`))
ENGINE = InnoDB;


-- -----------------------------------------------------
-- Table `SIGCO`.`CategoriasProductos`
-- -----------------------------------------------------
DROP TABLE IF EXISTS `SIGCO`.`CategoriasProductos` ;

CREATE TABLE IF NOT EXISTS `SIGCO`.`CategoriasProductos` (
  `IdCategoria` INT NOT NULL AUTO_INCREMENT,
  `Nombre` VARCHAR(50) NOT NULL,
  PRIMARY KEY (`IdCategoria`))
ENGINE = InnoDB;


-- -----------------------------------------------------
-- Table `SIGCO`.`Impuestos`
-- -----------------------------------------------------
DROP TABLE IF EXISTS `SIGCO`.`Impuestos` ;

CREATE TABLE IF NOT EXISTS `SIGCO`.`Impuestos` (
  `IdIva` INT NOT NULL AUTO_INCREMENT,
  `Porcentaje` INT NOT NULL,
  PRIMARY KEY (`IdIva`),
  UNIQUE INDEX `Porcentaje_UNIQUE` (`Porcentaje` ASC))
ENGINE = InnoDB;


-- -----------------------------------------------------
-- Table `SIGCO`.`Productos`
-- -----------------------------------------------------
DROP TABLE IF EXISTS `SIGCO`.`Productos` ;

CREATE TABLE IF NOT EXISTS `SIGCO`.`Productos` (
  `IdProducto` INT NOT NULL AUTO_INCREMENT,
  `Nombre` VARCHAR(50) NOT NULL,
  `Descripcion` VARCHAR(100) NOT NULL,
  `UnidadMedida` VARCHAR(20) NOT NULL,
  `IdIva` INT NOT NULL,
  `ValorBase` INT NOT NULL,
  `IdPresentacion` INT NOT NULL,
  `IdCategoria` INT NOT NULL,
  `Estado` TINYINT(1) NOT NULL,
  `rutaImagen` VARCHAR(100) NOT NULL,
  PRIMARY KEY (`IdProducto`),
  INDEX `fk_Productos_Presentacion1_idx` (`IdPresentacion` ASC),
  INDEX `fk_Productos_CategoriaProducto1_idx` (`IdCategoria` ASC),
  INDEX `fk_Productos_Impuestos_idx` (`IdIva` ASC),
  CONSTRAINT `fk_Productos_Presentacion1`
    FOREIGN KEY (`IdPresentacion`)
    REFERENCES `SIGCO`.`Presentaciones` (`IdPresentacion`)
    ON DELETE CASCADE
    ON UPDATE CASCADE,
  CONSTRAINT `fk_Productos_CategoriaProducto1`
    FOREIGN KEY (`IdCategoria`)
    REFERENCES `SIGCO`.`CategoriasProductos` (`IdCategoria`)
    ON DELETE CASCADE
    ON UPDATE CASCADE,
  CONSTRAINT `fk_Productos_Impuestos`
    FOREIGN KEY (`IdIva`)
    REFERENCES `SIGCO`.`Impuestos` (`IdIva`)
    ON DELETE CASCADE
    ON UPDATE CASCADE)
ENGINE = InnoDB;


-- -----------------------------------------------------
-- Table `SIGCO`.`Gestiones`
-- -----------------------------------------------------
DROP TABLE IF EXISTS `SIGCO`.`Gestiones` ;

CREATE TABLE IF NOT EXISTS `SIGCO`.`Gestiones` (
  `IdUsuario` INT NOT NULL,
  `IdEmpresa` INT NOT NULL,
  `FechaProgramada` DATE NOT NULL,
  `Estado` ENUM('PENDIENTE', 'CANCELADA', 'COMPLETADA') NOT NULL,
  `Tipo` ENUM('ASESORIA', 'CAPACITACION') NOT NULL,
  `Asunto` VARCHAR(50) NOT NULL,
  `Asistentes` INT NOT NULL,
  `Observaciones` VARCHAR(200) NOT NULL,
  `Lugar` VARCHAR(50) NOT NULL,
  PRIMARY KEY (`IdUsuario`, `FechaProgramada`),
  INDEX `fk_Asesorias_Empresas1_idx` (`IdEmpresa` ASC),
  INDEX `fk_Asesorias_Usuarios1_idx` (`IdUsuario` ASC),
  CONSTRAINT `fk_Asesorias_Empresas1`
    FOREIGN KEY (`IdEmpresa`)
    REFERENCES `SIGCO`.`Clientes` (`IdCliente`)
    ON DELETE CASCADE
    ON UPDATE CASCADE,
  CONSTRAINT `fk_Asesorias_Usuarios1`
    FOREIGN KEY (`IdUsuario`)
    REFERENCES `SIGCO`.`Usuarios` (`IdUsuario`)
    ON DELETE CASCADE
    ON UPDATE CASCADE)
ENGINE = InnoDB;


-- -----------------------------------------------------
-- Table `SIGCO`.`Cotizaciones`
-- -----------------------------------------------------
DROP TABLE IF EXISTS `SIGCO`.`Cotizaciones` ;

CREATE TABLE IF NOT EXISTS `SIGCO`.`Cotizaciones` (
  `IdCotizacion` INT NOT NULL AUTO_INCREMENT,
  `Estado` ENUM('VIGENTE', 'CANCELADA', 'OC') NOT NULL,
  `FechaCreacion` TIMESTAMP NOT NULL,
  `ValorTotal` INT NOT NULL,
  `Observaciones` VARCHAR(200) NOT NULL,
  `DescuentoIvaXCliente` TINYINT(1) NOT NULL,
  `IdUsuario` INT NOT NULL,
  `IdCliente` INT NOT NULL,
  PRIMARY KEY (`IdCotizacion`),
  INDEX `fk_Cotizaciones_Usuarios1_idx` (`IdUsuario` ASC),
  INDEX `fk_Cotizaciones_Cliente1_idx` (`IdCliente` ASC),
  CONSTRAINT `fk_Cotizaciones_Usuarios1`
    FOREIGN KEY (`IdUsuario`)
    REFERENCES `SIGCO`.`Usuarios` (`IdUsuario`)
    ON DELETE CASCADE
    ON UPDATE CASCADE,
  CONSTRAINT `fk_Cotizaciones_Cliente1`
    FOREIGN KEY (`IdCliente`)
    REFERENCES `SIGCO`.`Clientes` (`IdCliente`)
    ON DELETE CASCADE
    ON UPDATE CASCADE)
ENGINE = InnoDB;


-- -----------------------------------------------------
-- Table `SIGCO`.`OrdenesDeCompra`
-- -----------------------------------------------------
DROP TABLE IF EXISTS `SIGCO`.`OrdenesDeCompra` ;

CREATE TABLE IF NOT EXISTS `SIGCO`.`OrdenesDeCompra` (
  `IdOrden` INT NOT NULL AUTO_INCREMENT,
  `Cotizaciones_IdCotizacion` INT NOT NULL,
  `Estado` TINYINT(1) NOT NULL,
  `Fecha` TIMESTAMP NOT NULL,
  `TotalCotizacion` INT NOT NULL,
  `DescuentoTotal` INT NOT NULL,
  `GranTotal` INT NOT NULL,
  `Observaciones` VARCHAR(200) NOT NULL,
  PRIMARY KEY (`IdOrden`),
  INDEX `fk_OrdenDeCompra_Cotizaciones1_idx` (`Cotizaciones_IdCotizacion` ASC),
  CONSTRAINT `fk_OrdenDeCompra_Cotizaciones1`
    FOREIGN KEY (`Cotizaciones_IdCotizacion`)
    REFERENCES `SIGCO`.`Cotizaciones` (`IdCotizacion`)
    ON DELETE CASCADE
    ON UPDATE CASCADE)
ENGINE = InnoDB;


-- -----------------------------------------------------
-- Table `SIGCO`.`Metas`
-- -----------------------------------------------------
DROP TABLE IF EXISTS `SIGCO`.`Metas` ;

CREATE TABLE IF NOT EXISTS `SIGCO`.`Metas` (
  `IdMeta` INT NOT NULL AUTO_INCREMENT,
  `Tipo` ENUM('VENTAS', 'VISITAS') NOT NULL,
  `CantidadValor` INT NOT NULL,
  `FechaInicio` DATE NOT NULL,
  `FechaFin` DATE NOT NULL,
  PRIMARY KEY (`IdMeta`))
ENGINE = InnoDB;


-- -----------------------------------------------------
-- Table `SIGCO`.`DetallesCotizacion`
-- -----------------------------------------------------
DROP TABLE IF EXISTS `SIGCO`.`DetallesCotizacion` ;

CREATE TABLE IF NOT EXISTS `SIGCO`.`DetallesCotizacion` (
  `IdCotizacion` INT NOT NULL,
  `IdProducto` INT NOT NULL,
  `Cantidad` INT NOT NULL,
  `Iva` INT NOT NULL,
  `Total` INT NOT NULL,
  PRIMARY KEY (`IdCotizacion`, `IdProducto`),
  INDEX `fk_CotizacionDetalles_Cotizaciones1_idx` (`IdCotizacion` ASC),
  INDEX `fk_CotizacionDetalles_Productos1_idx` (`IdProducto` ASC),
  CONSTRAINT `fk_CotizacionDetalles_Cotizaciones1`
    FOREIGN KEY (`IdCotizacion`)
    REFERENCES `SIGCO`.`Cotizaciones` (`IdCotizacion`)
    ON DELETE CASCADE
    ON UPDATE CASCADE,
  CONSTRAINT `fk_CotizacionDetalles_Productos1`
    FOREIGN KEY (`IdProducto`)
    REFERENCES `SIGCO`.`Productos` (`IdProducto`)
    ON DELETE CASCADE
    ON UPDATE CASCADE)
ENGINE = InnoDB;


-- -----------------------------------------------------
-- Table `SIGCO`.`MetasUsuarios`
-- -----------------------------------------------------
DROP TABLE IF EXISTS `SIGCO`.`MetasUsuarios` ;

CREATE TABLE IF NOT EXISTS `SIGCO`.`MetasUsuarios` (
  `Usuarios_IdUsuario` INT NOT NULL,
  `Metas_IdMeta` INT NOT NULL,
  PRIMARY KEY (`Usuarios_IdUsuario`, `Metas_IdMeta`),
  INDEX `fk_MetasUsuario_Usuarios1_idx` (`Usuarios_IdUsuario` ASC),
  INDEX `fk_MetasUsuario_Metas1_idx` (`Metas_IdMeta` ASC),
  CONSTRAINT `fk_MetasUsuario_Usuarios1`
    FOREIGN KEY (`Usuarios_IdUsuario`)
    REFERENCES `SIGCO`.`Usuarios` (`IdUsuario`)
    ON DELETE CASCADE
    ON UPDATE CASCADE,
  CONSTRAINT `fk_MetasUsuario_Metas1`
    FOREIGN KEY (`Metas_IdMeta`)
    REFERENCES `SIGCO`.`Metas` (`IdMeta`)
    ON DELETE CASCADE
    ON UPDATE CASCADE)
ENGINE = InnoDB;


-- -----------------------------------------------------
-- Table `SIGCO`.`Roles`
-- -----------------------------------------------------
DROP TABLE IF EXISTS `SIGCO`.`Roles` ;

CREATE TABLE IF NOT EXISTS `SIGCO`.`Roles` (
  `IdRolUsuario` INT NOT NULL AUTO_INCREMENT,
  `Nombre` VARCHAR(15) NOT NULL,
  PRIMARY KEY (`IdRolUsuario`))
ENGINE = InnoDB;


-- -----------------------------------------------------
-- Table `SIGCO`.`RolesUsuarios`
-- -----------------------------------------------------
DROP TABLE IF EXISTS `SIGCO`.`RolesUsuarios` ;

CREATE TABLE IF NOT EXISTS `SIGCO`.`RolesUsuarios` (
  `Usuarios_IdUsuario` INT NOT NULL,
  `Roles_IdRolUsuario` INT NOT NULL,
  PRIMARY KEY (`Usuarios_IdUsuario`, `Roles_IdRolUsuario`),
  INDEX `fk_RolUsuario_Usuarios1_idx` (`Usuarios_IdUsuario` ASC),
  INDEX `fk_RolUsuario_Roles1_idx` (`Roles_IdRolUsuario` ASC),
  CONSTRAINT `fk_RolUsuario_Usuarios1`
    FOREIGN KEY (`Usuarios_IdUsuario`)
    REFERENCES `SIGCO`.`Usuarios` (`IdUsuario`)
    ON DELETE CASCADE
    ON UPDATE CASCADE,
  CONSTRAINT `fk_RolUsuario_Roles1`
    FOREIGN KEY (`Roles_IdRolUsuario`)
    REFERENCES `SIGCO`.`Roles` (`IdRolUsuario`)
    ON DELETE CASCADE
    ON UPDATE CASCADE)
ENGINE = InnoDB;


-- -----------------------------------------------------
-- Table `SIGCO`.`Temas`
-- -----------------------------------------------------
DROP TABLE IF EXISTS `SIGCO`.`Temas` ;

CREATE TABLE IF NOT EXISTS `SIGCO`.`Temas` (
  `IdTemas` INT NOT NULL AUTO_INCREMENT,
  `Nombre` VARCHAR(50) NOT NULL,
  PRIMARY KEY (`IdTemas`))
ENGINE = InnoDB;


-- -----------------------------------------------------
-- Table `SIGCO`.`Permisos`
-- -----------------------------------------------------
DROP TABLE IF EXISTS `SIGCO`.`Permisos` ;

CREATE TABLE IF NOT EXISTS `SIGCO`.`Permisos` (
  `IdPermisos` INT NOT NULL AUTO_INCREMENT,
  `Url` VARCHAR(100) NOT NULL,
  `NombrePagina` VARCHAR(50) NOT NULL,
  PRIMARY KEY (`IdPermisos`))
ENGINE = InnoDB;


-- -----------------------------------------------------
-- Table `SIGCO`.`RolesPermisos`
-- -----------------------------------------------------
DROP TABLE IF EXISTS `SIGCO`.`RolesPermisos` ;

CREATE TABLE IF NOT EXISTS `SIGCO`.`RolesPermisos` (
  `Roles_IdRolUsuario` INT NOT NULL,
  `Permisos_IdPermisos` INT NOT NULL,
  PRIMARY KEY (`Roles_IdRolUsuario`, `Permisos_IdPermisos`),
  INDEX `fk_RolesPermisos_Roles1_idx` (`Roles_IdRolUsuario` ASC),
  INDEX `fk_RolesPermisos_Permisos1_idx` (`Permisos_IdPermisos` ASC),
  CONSTRAINT `fk_RolesPermisos_Roles1`
    FOREIGN KEY (`Roles_IdRolUsuario`)
    REFERENCES `SIGCO`.`Roles` (`IdRolUsuario`)
    ON DELETE CASCADE
    ON UPDATE CASCADE,
  CONSTRAINT `fk_RolesPermisos_Permisos1`
    FOREIGN KEY (`Permisos_IdPermisos`)
    REFERENCES `SIGCO`.`Permisos` (`IdPermisos`)
    ON DELETE CASCADE
    ON UPDATE CASCADE)
ENGINE = InnoDB;


SET SQL_MODE=@OLD_SQL_MODE;
SET FOREIGN_KEY_CHECKS=@OLD_FOREIGN_KEY_CHECKS;
SET UNIQUE_CHECKS=@OLD_UNIQUE_CHECKS;

-- -----------------------------------------------------
-- Data for table `SIGCO`.`Usuarios`
-- -----------------------------------------------------
START TRANSACTION;
USE `SIGCO`;
INSERT INTO `SIGCO`.`Usuarios` (`IdUsuario`, `Nombres`, `Apellidos`, `Empleo`, `Email`, `Contrasenia`, `Estado`, `rutaImagen`) VALUES (1032404, 'Mary', 'Consuelo', 'Asesor', 'mary@sigco.com', 'mary123', 1, 'na');

COMMIT;


-- -----------------------------------------------------
-- Data for table `SIGCO`.`TiposEmpresas`
-- -----------------------------------------------------
START TRANSACTION;
USE `SIGCO`;
INSERT INTO `SIGCO`.`TiposEmpresas` (`IdTipo`, `Nombre`) VALUES (1, 'Unipersonal');
INSERT INTO `SIGCO`.`TiposEmpresas` (`IdTipo`, `Nombre`) VALUES (2, 'Sociedad Colectiva');
INSERT INTO `SIGCO`.`TiposEmpresas` (`IdTipo`, `Nombre`) VALUES (3, 'Cooperativa');
INSERT INTO `SIGCO`.`TiposEmpresas` (`IdTipo`, `Nombre`) VALUES (4, 'Comanditaria');
INSERT INTO `SIGCO`.`TiposEmpresas` (`IdTipo`, `Nombre`) VALUES (5, 'Sociedad de Responsabilidad Limitada');
INSERT INTO `SIGCO`.`TiposEmpresas` (`IdTipo`, `Nombre`) VALUES (6, 'Sociedad Anónima');

COMMIT;


-- -----------------------------------------------------
-- Data for table `SIGCO`.`ActividadesEmpresas`
-- -----------------------------------------------------
START TRANSACTION;
USE `SIGCO`;
INSERT INTO `SIGCO`.`ActividadesEmpresas` (`IdActividad`, `Nombre`, `PagaIva`) VALUES (1, 'Agricultura', 1);
INSERT INTO `SIGCO`.`ActividadesEmpresas` (`IdActividad`, `Nombre`, `PagaIva`) VALUES (2, 'Explotación de minas y canteras', 1);
INSERT INTO `SIGCO`.`ActividadesEmpresas` (`IdActividad`, `Nombre`, `PagaIva`) VALUES (3, 'Industrias manufactureras', 1);
INSERT INTO `SIGCO`.`ActividadesEmpresas` (`IdActividad`, `Nombre`, `PagaIva`) VALUES (4, 'Suministro de electricidad', 1);
INSERT INTO `SIGCO`.`ActividadesEmpresas` (`IdActividad`, `Nombre`, `PagaIva`) VALUES (5, 'Distribución de agua', 1);
INSERT INTO `SIGCO`.`ActividadesEmpresas` (`IdActividad`, `Nombre`, `PagaIva`) VALUES (6, 'Construcción', 1);
INSERT INTO `SIGCO`.`ActividadesEmpresas` (`IdActividad`, `Nombre`, `PagaIva`) VALUES (7, 'Comercio al por mayor y al por menor', 1);
INSERT INTO `SIGCO`.`ActividadesEmpresas` (`IdActividad`, `Nombre`, `PagaIva`) VALUES (8, 'Transporte y almacenamiento', 0);
INSERT INTO `SIGCO`.`ActividadesEmpresas` (`IdActividad`, `Nombre`, `PagaIva`) VALUES (9, 'Alojamiento y servicios de comida', 1);
INSERT INTO `SIGCO`.`ActividadesEmpresas` (`IdActividad`, `Nombre`, `PagaIva`) VALUES (10, 'Información y comunicaciones', 1);
INSERT INTO `SIGCO`.`ActividadesEmpresas` (`IdActividad`, `Nombre`, `PagaIva`) VALUES (11, 'Actividades financieras y de seguros', 1);
INSERT INTO `SIGCO`.`ActividadesEmpresas` (`IdActividad`, `Nombre`, `PagaIva`) VALUES (12, 'Actividades inmobiliarias', 1);
INSERT INTO `SIGCO`.`ActividadesEmpresas` (`IdActividad`, `Nombre`, `PagaIva`) VALUES (13, 'Actividades profesionales', 1);
INSERT INTO `SIGCO`.`ActividadesEmpresas` (`IdActividad`, `Nombre`, `PagaIva`) VALUES (14, 'Actividades de servicios administrativos y de apoyo', 0);
INSERT INTO `SIGCO`.`ActividadesEmpresas` (`IdActividad`, `Nombre`, `PagaIva`) VALUES (15, 'Administración pública y defensa', 0);
INSERT INTO `SIGCO`.`ActividadesEmpresas` (`IdActividad`, `Nombre`, `PagaIva`) VALUES (16, 'Educación', 0);
INSERT INTO `SIGCO`.`ActividadesEmpresas` (`IdActividad`, `Nombre`, `PagaIva`) VALUES (17, 'Actividades de atención de la salud humana y de asistencia social', 1);
INSERT INTO `SIGCO`.`ActividadesEmpresas` (`IdActividad`, `Nombre`, `PagaIva`) VALUES (18, 'Actividades artísticas', 1);
INSERT INTO `SIGCO`.`ActividadesEmpresas` (`IdActividad`, `Nombre`, `PagaIva`) VALUES (19, 'Otras actividades de servicios', 1);
INSERT INTO `SIGCO`.`ActividadesEmpresas` (`IdActividad`, `Nombre`, `PagaIva`) VALUES (20, 'Actividades de los hogares en calidad de empleadores', 1);
INSERT INTO `SIGCO`.`ActividadesEmpresas` (`IdActividad`, `Nombre`, `PagaIva`) VALUES (21, 'Actividades de organizaciones y entidades extraterritoriales', 1);
INSERT INTO `SIGCO`.`ActividadesEmpresas` (`IdActividad`, `Nombre`, `PagaIva`) VALUES (22, 'Seccion exclusiva para la DIAN', 1);

COMMIT;


-- -----------------------------------------------------
-- Data for table `SIGCO`.`Clasificaciones`
-- -----------------------------------------------------
START TRANSACTION;
USE `SIGCO`;
INSERT INTO `SIGCO`.`Clasificaciones` (`IdClasificacion`, `Nombre`) VALUES (1, 'Nuevo');
INSERT INTO `SIGCO`.`Clasificaciones` (`IdClasificacion`, `Nombre`) VALUES (2, 'Frecuente');
INSERT INTO `SIGCO`.`Clasificaciones` (`IdClasificacion`, `Nombre`) VALUES (3, 'V.I.P.');
INSERT INTO `SIGCO`.`Clasificaciones` (`IdClasificacion`, `Nombre`) VALUES (4, 'Corporativo');

COMMIT;


-- -----------------------------------------------------
-- Data for table `SIGCO`.`Ciudades`
-- -----------------------------------------------------
START TRANSACTION;
USE `SIGCO`;



INSERT INTO `Ciudades` (`IdCiudad`,`Nombre`) VALUES (1,'Bogotá');
INSERT INTO `Ciudades` (`IdCiudad`,`Nombre`) VALUES (2,'Medellín');
INSERT INTO `Ciudades` (`IdCiudad`,`Nombre`) VALUES (3,'Cali');
INSERT INTO `Ciudades` (`IdCiudad`,`Nombre`) VALUES (4,'Barranquilla');
INSERT INTO `Ciudades` (`IdCiudad`,`Nombre`) VALUES (5,'Cartagena');
INSERT INTO `Ciudades` (`IdCiudad`,`Nombre`) VALUES (6,'Cúcuta');
INSERT INTO `Ciudades` (`IdCiudad`,`Nombre`) VALUES (7,'Soledad');
INSERT INTO `Ciudades` (`IdCiudad`,`Nombre`) VALUES (8,'Ibagué');
INSERT INTO `Ciudades` (`IdCiudad`,`Nombre`) VALUES (9,'Bucaramanga');
INSERT INTO `Ciudades` (`IdCiudad`,`Nombre`) VALUES (10,'Soacha');
INSERT INTO `Ciudades` (`IdCiudad`,`Nombre`) VALUES (11,'Villavicencio');
INSERT INTO `Ciudades` (`IdCiudad`,`Nombre`) VALUES (12,'Santa Marta');
INSERT INTO `Ciudades` (`IdCiudad`,`Nombre`) VALUES (13,'Pereira');
INSERT INTO `Ciudades` (`IdCiudad`,`Nombre`) VALUES (14,'Bello');
INSERT INTO `Ciudades` (`IdCiudad`,`Nombre`) VALUES (15,'Valledupar');
INSERT INTO `Ciudades` (`IdCiudad`,`Nombre`) VALUES (16,'Montería');
INSERT INTO `Ciudades` (`IdCiudad`,`Nombre`) VALUES (17,'Pasto');
INSERT INTO `Ciudades` (`IdCiudad`,`Nombre`) VALUES (18,'Buenaventura');
INSERT INTO `Ciudades` (`IdCiudad`,`Nombre`) VALUES (19,'Manizales');
INSERT INTO `Ciudades` (`IdCiudad`,`Nombre`) VALUES (20,'Neiva');
INSERT INTO `Ciudades` (`IdCiudad`,`Nombre`) VALUES (21,'Palmira');
INSERT INTO `Ciudades` (`IdCiudad`,`Nombre`) VALUES (22,'Armenia');
INSERT INTO `Ciudades` (`IdCiudad`,`Nombre`) VALUES (23,'Popayán');
INSERT INTO `Ciudades` (`IdCiudad`,`Nombre`) VALUES (24,'Sincelejo');
INSERT INTO `Ciudades` (`IdCiudad`,`Nombre`) VALUES (25,'Itaguí');
INSERT INTO `Ciudades` (`IdCiudad`,`Nombre`) VALUES (26,'Floridablanca');
INSERT INTO `Ciudades` (`IdCiudad`,`Nombre`) VALUES (27,'Riohacha');
INSERT INTO `Ciudades` (`IdCiudad`,`Nombre`) VALUES (28,'Envigado');
INSERT INTO `Ciudades` (`IdCiudad`,`Nombre`) VALUES (29,'Tuluá');
INSERT INTO `Ciudades` (`IdCiudad`,`Nombre`) VALUES (30,'Tumaco');
INSERT INTO `Ciudades` (`IdCiudad`,`Nombre`) VALUES (31,'Dosquebradas');
INSERT INTO `Ciudades` (`IdCiudad`,`Nombre`) VALUES (32,'Barrancabermeja');
INSERT INTO `Ciudades` (`IdCiudad`,`Nombre`) VALUES (33,'Tunja');
INSERT INTO `Ciudades` (`IdCiudad`,`Nombre`) VALUES (34,'Girón');
INSERT INTO `Ciudades` (`IdCiudad`,`Nombre`) VALUES (35,'Apartadó');
INSERT INTO `Ciudades` (`IdCiudad`,`Nombre`) VALUES (36,'Uribia');
INSERT INTO `Ciudades` (`IdCiudad`,`Nombre`) VALUES (37,'Florencia');
INSERT INTO `Ciudades` (`IdCiudad`,`Nombre`) VALUES (38,'Turbo');
INSERT INTO `Ciudades` (`IdCiudad`,`Nombre`) VALUES (39,'Maicao');
INSERT INTO `Ciudades` (`IdCiudad`,`Nombre`) VALUES (40,'Piedecuesta');
INSERT INTO `Ciudades` (`IdCiudad`,`Nombre`) VALUES (41,'Yopal');
INSERT INTO `Ciudades` (`IdCiudad`,`Nombre`) VALUES (42,'Ipiales');
INSERT INTO `Ciudades` (`IdCiudad`,`Nombre`) VALUES (43,'Fusagasugá');
INSERT INTO `Ciudades` (`IdCiudad`,`Nombre`) VALUES (44,'Cartago');
INSERT INTO `Ciudades` (`IdCiudad`,`Nombre`) VALUES (45,'Facatativá');
INSERT INTO `Ciudades` (`IdCiudad`,`Nombre`) VALUES (46,'Chía');
INSERT INTO `Ciudades` (`IdCiudad`,`Nombre`) VALUES (47,'Pitalito');
INSERT INTO `Ciudades` (`IdCiudad`,`Nombre`) VALUES (48,'Magangué');
INSERT INTO `Ciudades` (`IdCiudad`,`Nombre`) VALUES (49,'Zipaquirá');
INSERT INTO `Ciudades` (`IdCiudad`,`Nombre`) VALUES (50,'Malambo');
INSERT INTO `Ciudades` (`IdCiudad`,`Nombre`) VALUES (51,'Rionegro');
INSERT INTO `Ciudades` (`IdCiudad`,`Nombre`) VALUES (52,'Jamundí');
INSERT INTO `Ciudades` (`IdCiudad`,`Nombre`) VALUES (53,'Lorica');
INSERT INTO `Ciudades` (`IdCiudad`,`Nombre`) VALUES (54,'Yumbo');
INSERT INTO `Ciudades` (`IdCiudad`,`Nombre`) VALUES (55,'Quibdó');
INSERT INTO `Ciudades` (`IdCiudad`,`Nombre`) VALUES (56,'Buga');
INSERT INTO `Ciudades` (`IdCiudad`,`Nombre`) VALUES (57,'Sogamoso');
INSERT INTO `Ciudades` (`IdCiudad`,`Nombre`) VALUES (58,'Duitama');
INSERT INTO `Ciudades` (`IdCiudad`,`Nombre`) VALUES (59,'Caucasia');
INSERT INTO `Ciudades` (`IdCiudad`,`Nombre`) VALUES (60,'Girardot');
INSERT INTO `Ciudades` (`IdCiudad`,`Nombre`) VALUES (61,'Ciénaga');
INSERT INTO `Ciudades` (`IdCiudad`,`Nombre`) VALUES (62,'Manaure');
INSERT INTO `Ciudades` (`IdCiudad`,`Nombre`) VALUES (63,'Tierralta');
INSERT INTO `Ciudades` (`IdCiudad`,`Nombre`) VALUES (64,'Ocaña');
INSERT INTO `Ciudades` (`IdCiudad`,`Nombre`) VALUES (65,'Sabanalarga');
INSERT INTO `Ciudades` (`IdCiudad`,`Nombre`) VALUES (66,'Santander de Quilichao');
INSERT INTO `Ciudades` (`IdCiudad`,`Nombre`) VALUES (67,'Aguachica');
INSERT INTO `Ciudades` (`IdCiudad`,`Nombre`) VALUES (68,'Cereté');
INSERT INTO `Ciudades` (`IdCiudad`,`Nombre`) VALUES (69,'Sahagún');
INSERT INTO `Ciudades` (`IdCiudad`,`Nombre`) VALUES (70,'Arauca');
INSERT INTO `Ciudades` (`IdCiudad`,`Nombre`) VALUES (71,'Villa del Rosario');
INSERT INTO `Ciudades` (`IdCiudad`,`Nombre`) VALUES (72,'Garzón');
INSERT INTO `Ciudades` (`IdCiudad`,`Nombre`) VALUES (73,'Mosquera');
INSERT INTO `Ciudades` (`IdCiudad`,`Nombre`) VALUES (74,'Candelaria');
INSERT INTO `Ciudades` (`IdCiudad`,`Nombre`) VALUES (75,'Montelíbano');
INSERT INTO `Ciudades` (`IdCiudad`,`Nombre`) VALUES (76,'Caldas');
INSERT INTO `Ciudades` (`IdCiudad`,`Nombre`) VALUES (77,'Madrid');
INSERT INTO `Ciudades` (`IdCiudad`,`Nombre`) VALUES (78,'Calarcá');
INSERT INTO `Ciudades` (`IdCiudad`,`Nombre`) VALUES (79,'La Dorada');
INSERT INTO `Ciudades` (`IdCiudad`,`Nombre`) VALUES (80,'Los Patios');
INSERT INTO `Ciudades` (`IdCiudad`,`Nombre`) VALUES (81,'Espinal');
INSERT INTO `Ciudades` (`IdCiudad`,`Nombre`) VALUES (82,'Chigorodó');
INSERT INTO `Ciudades` (`IdCiudad`,`Nombre`) VALUES (83,'Funza');
INSERT INTO `Ciudades` (`IdCiudad`,`Nombre`) VALUES (84,'El Carmen de Bolívar');
INSERT INTO `Ciudades` (`IdCiudad`,`Nombre`) VALUES (85,'Arjona');
INSERT INTO `Ciudades` (`IdCiudad`,`Nombre`) VALUES (86,'Santa Rosa de Cabal');
INSERT INTO `Ciudades` (`IdCiudad`,`Nombre`) VALUES (87,'Turbaco');
INSERT INTO `Ciudades` (`IdCiudad`,`Nombre`) VALUES (88,'San Andrés');
INSERT INTO `Ciudades` (`IdCiudad`,`Nombre`) VALUES (89,'Copacabana');
INSERT INTO `Ciudades` (`IdCiudad`,`Nombre`) VALUES (90,'Acacías');
INSERT INTO `Ciudades` (`IdCiudad`,`Nombre`) VALUES (91,'San Vicente del Caguán');
INSERT INTO `Ciudades` (`IdCiudad`,`Nombre`) VALUES (92,'Planeta Rica');
INSERT INTO `Ciudades` (`IdCiudad`,`Nombre`) VALUES (93,'Chiquinquirá');
INSERT INTO `Ciudades` (`IdCiudad`,`Nombre`) VALUES (94,'San José del Guaviare');
INSERT INTO `Ciudades` (`IdCiudad`,`Nombre`) VALUES (95,'Ciénaga de Oro');
INSERT INTO `Ciudades` (`IdCiudad`,`Nombre`) VALUES (96,'La Plata');
INSERT INTO `Ciudades` (`IdCiudad`,`Nombre`) VALUES (97,'Corozal');
INSERT INTO `Ciudades` (`IdCiudad`,`Nombre`) VALUES (98,'Necoclí');
INSERT INTO `Ciudades` (`IdCiudad`,`Nombre`) VALUES (99,'La Estrella');
INSERT INTO `Ciudades` (`IdCiudad`,`Nombre`) VALUES (100,'Granada');
INSERT INTO `Ciudades` (`IdCiudad`,`Nombre`) VALUES (101,'Riosucio');
INSERT INTO `Ciudades` (`IdCiudad`,`Nombre`) VALUES (102,'Zona Bananera');
INSERT INTO `Ciudades` (`IdCiudad`,`Nombre`) VALUES (103,'Puerto Asís');
INSERT INTO `Ciudades` (`IdCiudad`,`Nombre`) VALUES (104,'Florida');
INSERT INTO `Ciudades` (`IdCiudad`,`Nombre`) VALUES (105,'Plato');
INSERT INTO `Ciudades` (`IdCiudad`,`Nombre`) VALUES (106,'Baranoa');
INSERT INTO `Ciudades` (`IdCiudad`,`Nombre`) VALUES (107,'El Cerrito');
INSERT INTO `Ciudades` (`IdCiudad`,`Nombre`) VALUES (108,'Pamplona');
INSERT INTO `Ciudades` (`IdCiudad`,`Nombre`) VALUES (109,'Fundación');
INSERT INTO `Ciudades` (`IdCiudad`,`Nombre`) VALUES (110,'San Marcos');
INSERT INTO `Ciudades` (`IdCiudad`,`Nombre`) VALUES (111,'Cajicá');
INSERT INTO `Ciudades` (`IdCiudad`,`Nombre`) VALUES (112,'Villamaría');
INSERT INTO `Ciudades` (`IdCiudad`,`Nombre`) VALUES (113,'Carepa');
INSERT INTO `Ciudades` (`IdCiudad`,`Nombre`) VALUES (114,'El Banco');
INSERT INTO `Ciudades` (`IdCiudad`,`Nombre`) VALUES (115,'Puerto Boyacá');
INSERT INTO `Ciudades` (`IdCiudad`,`Nombre`) VALUES (116,'Pradera');
INSERT INTO `Ciudades` (`IdCiudad`,`Nombre`) VALUES (117,'Girardota');
INSERT INTO `Ciudades` (`IdCiudad`,`Nombre`) VALUES (118,'Marinilla');
INSERT INTO `Ciudades` (`IdCiudad`,`Nombre`) VALUES (119,'Tame');
INSERT INTO `Ciudades` (`IdCiudad`,`Nombre`) VALUES (120,'La Ceja');
INSERT INTO `Ciudades` (`IdCiudad`,`Nombre`) VALUES (121,'Orito');
INSERT INTO `Ciudades` (`IdCiudad`,`Nombre`) VALUES (122,'Sabaneta');
INSERT INTO `Ciudades` (`IdCiudad`,`Nombre`) VALUES (123,'Valle del Guamuez');
INSERT INTO `Ciudades` (`IdCiudad`,`Nombre`) VALUES (124,'Chinchiná');
INSERT INTO `Ciudades` (`IdCiudad`,`Nombre`) VALUES (125,'Ayapel');
INSERT INTO `Ciudades` (`IdCiudad`,`Nombre`) VALUES (126,'Agustín Codazzi');
INSERT INTO `Ciudades` (`IdCiudad`,`Nombre`) VALUES (127,'San Onofre');
INSERT INTO `Ciudades` (`IdCiudad`,`Nombre`) VALUES (128,'Barbosa');



-- -----------------------------------------------------
-- Data for table `SIGCO`.Clientes
-- -----------------------------------------------------
START TRANSACTION;
USE `SIGCO`;



INSERT INTO `clientes` (`IdCliente`,`RazonSocial`,`Direccion`,`TelFijo`,`Email`,`NombresContacto`,`ApellidosContacto`,`CelularContacto`,`EmailContacto`,`IdTipo`,`IdActividad`,`IdClasificacion`,`IdCiudad`) VALUES (90000,"Nulla Integer Corp.","8322 Cras Avda.","5857756","Duis@nonenim.com","Montana","Armstrong","9133080564","ultricies.ligula.Nullam@Nuncullamcorpervelit.com",5,13,4,117),(94321,"Natoque Foundation","679-379 Eros C/","5571731","augue.malesuada.malesuada@euligulaAenean.edu","Brody","Cash","6394140748","tortor.at@nullaDonecnon.co.uk",5,2,2,94),(98642,"Dui Fusce Diam Foundation","8451 Vehicula. C.","4684976","Aliquam.nec@etpedeNunc.org","Shelby","Little","6148094613","elementum.dui.quis@et.com",3,5,1,49),(102963,"Quisque PC","6157 Luctus C.","4709782","rutrum.non.hendrerit@sempertellus.net","Lisandra","Maldonado","4808878830","senectus@faucibuslectus.org",2,9,1,21),(107284,"Auctor Non Foundation","9763 Curae; Ctra.","8105727","nunc@cursuseteros.org","Shelley","Crosby","6964887974","massa.Quisque.porttitor@nuncsedpede.edu",1,4,2,65),(111605,"Erat Vivamus Nisi Consulting","554-1768 Etiam Avda.","9000629","bibendum.ullamcorper.Duis@risusIn.ca","Chaim","Hogan","8125643511","scelerisque.scelerisque.dui@fringillacursuspurus.edu",5,1,3,102),(115926,"Egestas Aliquam Inc.","Apdo.:601-3390 Neque Avda.","3844950","tellus.Nunc.lectus@Cras.ca","Britanni","Delgado","2098107858","ipsum.dolor@mollisneccursus.co.uk",6,4,3,39),(120247,"Aliquam Corp.","Apdo.:265-9039 At C.","0428035","non@rhoncus.co.uk","Silas","Jordan","9265446625","risus@urnaNullam.co.uk",5,7,1,19),(124568,"Pede Sagittis Augue LLC","Apartado núm.: 166, 3894 Adipiscing Avda.","1661568","mi.ac@esttempor.com","Erica","Gallagher","0004387707","fermentum.convallis@Crasdolor.com",6,14,4,76),(128889,"Nec Tempus Scelerisque Associates","Apdo.:447-5798 Porttitor C/","9416377","Cras.lorem@egetmagna.net","Darryl","Ayala","0403694117","Nulla.facilisis@semNulla.edu",3,7,1,85),(133210,"Vel LLP","286-3915 Proin Calle","2877716","imperdiet.erat.nonummy@Phaselluselitpede.edu","Teegan","Osborne","9632929084","mi@diamnuncullamcorper.org",5,2,3,74),(137531,"Suspendisse Dui Fusce Consulting","570-3308 Volutpat. Avda.","8535059","sagittis.felis@sed.com","Anjolie","Frost","7230512795","augue.ut@quam.org",1,3,4,92),(141852,"Mauris Blandit Enim Consulting","Apartado núm.: 737, 8919 Nulla. Av.","0556786","amet.diam@quamPellentesque.net","Zena","Melendez","0925067477","lorem.eget@est.ca",1,7,4,18),(146173,"Proin Non Massa Institute","5376 Ultricies Avenida","6789714","Curabitur.dictum@luctusfelispurus.net","Kai","Hinton","2191596092","lectus.a.sollicitudin@dictumeleifend.net",2,21,2,4),(150494,"Fames Ac Company","5007 Et Avda.","4472743","dictum.eu.placerat@mauris.edu","Sawyer","Caldwell","4474339856","dis@sedorcilobortis.ca",4,7,2,67),(154815,"Faucibus Orci Luctus Consulting","Apdo.:401-9492 Orci C.","0703582","Curabitur@afeugiattellus.ca","Kellie","Cameron","8225826992","id.ante@semmolestiesodales.ca",4,8,3,85),(159136,"Venenatis LLC","Apartado núm.: 929, 5049 Eu Ctra.","9500222","id@maurisipsumporta.com","Harlan","Sims","1455677996","rutrum@mattissemperdui.org",1,21,4,70),(163457,"Erat Neque Non Corporation","Apdo.:739-1145 Varius Ctra.","4600505","nibh.dolor@diamdictum.net","Mohammad","Hernandez","6840201392","amet@quamvel.org",3,13,2,112),(167778,"Diam Eu Inc.","Apdo.:985-9023 Fusce C.","0161332","mauris.a.nunc@Cras.edu","Demetria","Kline","9173288580","congue.elit@eratnonummyultricies.net",6,13,3,50),(172099,"Odio Auctor Vitae Ltd","432-9803 Nibh. C/","4192433","aliquam.eros.turpis@vitae.ca","Martena","Hahn","1728393335","ut.mi@Sedeu.ca",4,10,2,21),(176420,"Mus Proin Vel LLC","4461 Urna. Avenida","4541470","turpis.Aliquam.adipiscing@ante.org","Bert","Valdez","5656043494","amet.ornare@non.net",1,13,3,85),(180741,"Volutpat Nulla LLC","Apdo.:434-4427 Commodo C.","3681086","torquent@nislsem.edu","Jessica","Baker","4754110835","sed@et.com",5,5,3,102),(185062,"Vitae Erat Consulting","Apdo.:938-7401 Eu, Avda.","6614121","ac.facilisis@odioNaminterdum.co.uk","Emerson","Whitaker","3353952113","Sed.malesuada@eumetusIn.net",4,7,4,100),(189383,"Felis Purus Ac Foundation","3844 Auctor Calle","9410909","pellentesque.tellus.sem@Vivamusmolestiedapibus.ca","Elizabeth","Tyson","9304473207","lacus@semper.net",3,21,3,88),(193704,"Sem Molestie Sodales Associates","Apdo.:239-7398 Sapien, Calle","1275398","lorem@nonnisi.net","Jack","Nunez","8595508898","dictum.Proin.eget@nullaante.net",3,11,1,31),(198025,"Porta Elit A Institute","Apdo.:650-2008 Non Av.","8992861","et.pede@ipsumnon.ca","Kasimir","Frank","7418154934","mi.Aliquam@auguescelerisquemollis.ca",4,17,1,75),(202346,"Aenean Sed Pede Ltd","516-438 Sed Calle","0664478","Quisque.purus.sapien@adipiscing.edu","Joseph","Gould","5813867756","arcu@Nullamvelit.edu",5,18,1,100),(206667,"Bibendum Donec Felis Associates","Apartado núm.: 404, 3524 Tortor Calle","9045603","lectus.a.sollicitudin@Aenean.edu","Zachary","Bowen","2589153710","sit.amet.massa@atiaculis.co.uk",6,11,1,8),(210988,"Pharetra Company","124 Turpis C/","8052158","condimentum@Namporttitorscelerisque.com","Nero","Miles","0389088559","a.auctor.non@ac.edu",5,8,4,9),(215309,"Ornare In Faucibus Associates","Apartado núm.: 663, 1038 Lorem, Avenida","5545009","nisi@Curabitur.edu","Tatyana","Fulton","1645731727","a.sollicitudin.orci@fames.org",4,1,1,22),(219630,"Ligula Nullam Feugiat LLC","708-6363 Elementum C/","2349899","ligula.eu.enim@rutrumnon.net","Darryl","Walsh","1660773005","Nulla.facilisis.Suspendisse@scelerisque.org",3,20,1,16),(223951,"Mi Pede Nonummy Institute","Apartado núm.: 883, 4082 Vitae, Avenida","0010684","Ut@Nunc.net","Karly","Jacobs","4250777237","tellus.id.nunc@gravidamolestie.org",5,14,1,64),(228272,"Enim Condimentum Eget Associates","Apdo.:971-7513 Semper C/","6464532","rhoncus.Proin@Integervulputate.edu","Kitra","Riddle","8124054549","Nulla@Mauris.com",5,19,1,91),(232593,"Nam Ac Nulla Consulting","468 Condimentum. Av.","4543653","ac.mattis@urnasuscipit.org","Blair","Joyce","5612345334","posuere.cubilia@Sed.com",4,5,4,45),(236914,"Vivamus Nisi Ltd","3667 Non, Ctra.","3486404","adipiscing@necmetus.co.uk","Jasper","Solis","2112663456","est.mauris@anteblanditviverra.net",5,20,3,38),(241235,"Donec Est Mauris Ltd","Apdo.:399-2071 Et Av.","7326611","pellentesque.a@cursus.net","Norman","Richards","2821373893","Nullam.velit.dui@mi.edu",3,18,2,26),(245556,"Ipsum Sodales Purus Institute","Apartado núm.: 111, 9719 Augue Calle","6648735","vel.mauris.Integer@eleifendnon.org","Delilah","Oneil","3503710110","tristique.pharetra@elitelit.net",3,3,4,52),(249877,"Lacus Ltd","Apdo.:834-3367 Ac, Carretera","4742100","egestas.ligula.Nullam@Phasellusvitaemauris.ca","Allen","Burris","9109724701","porttitor.tellus@Curabituregestasnunc.co.uk",5,17,3,82),(254198,"Molestie Arcu Sed Incorporated","885-6054 Donec Carretera","3512018","Quisque.fringilla.euismod@malesuadafamesac.ca","Laura","Boyle","3491861660","ipsum.sodales.purus@tempor.org",3,15,3,12),(258519,"Lacinia Mattis Integer PC","637-2640 Libero C/","3805826","Donec.felis@Nullamvelitdui.com","Conan","Robles","4295493960","euismod.mauris.eu@egestas.org",1,13,3,12),(262840,"Dolor Vitae Dolor Foundation","8110 Pharetra C.","8029715","vel.venenatis@faucibusleoin.net","Gray","Greer","3256990353","Donec.consectetuer.mauris@Etiamimperdiet.edu",5,13,1,84),(267161,"Id Enim Company","9786 Aliquam Avenida","4397955","vel.convallis@atvelit.net","Anika","Warner","3634504248","in.cursus.et@apurusDuis.org",1,10,3,82),(271482,"Parturient Montes Nascetur Corporation","Apartado núm.: 752, 969 Non, Carretera","2945277","convallis.erat.eget@necleo.edu","Cora","Moody","2768710117","natoque@InloremDonec.com",2,22,4,25),(275803,"Mauris Nulla Company","Apartado núm.: 608, 4414 Sem C/","1436522","vitae.purus@eu.ca","Echo","Dale","8131626989","sagittis.Nullam.vitae@odio.edu",3,14,1,16),(280124,"Lectus Nullam Suscipit Company","993-271 Nec, Avda.","7030100","ac.libero.nec@Uttincidunt.net","Emerson","Chang","4406306189","inceptos.hymenaeos@estMauriseu.com",2,9,2,7),(284445,"Lorem Industries","Apartado núm.: 114, 3997 Id, C.","5842798","ac@sedorci.co.uk","Maile","Logan","8200617209","Praesent@at.co.uk",3,1,4,5),(288766,"Urna Ltd","896-7682 Faucibus Avenida","1411954","ligula.consectetuer@massarutrummagna.org","Guy","Ray","6067294869","Mauris.molestie.pharetra@mollisDuis.ca",1,2,2,27),(293087,"Tristique Inc.","Apdo.:222-4444 Turpis C.","4062648","leo@tempusloremfringilla.org","Kristen","Blankenship","8218221279","magnis@bibendumfermentum.co.uk",1,18,3,77),(297408,"Risus Quis Diam Foundation","954-7273 Ultricies C.","6027230","eget.ipsum@enim.org","Simon","Kirby","5125933864","Proin@metusvitae.co.uk",3,22,3,101),(301729,"Gravida Limited","859-8327 Pede, Carretera","7653932","molestie.orci@CuraePhasellus.ca","Jacqueline","Foreman","2965705824","at.pretium.aliquet@sagittissemper.org",4,14,4,60),(306050,"Feugiat Ltd","573-1709 Euismod Ctra.","0009059","ornare@dui.net","Daryl","Stafford","9881728597","ac@est.net",6,14,1,122),(310371,"Dolor Nonummy Ac PC","Apdo.:715-5657 Lorem Carretera","1735023","a@gravidasagittis.ca","Rhea","Mills","6603820102","tellus@sitametornare.net",6,3,4,1),(314692,"Tempor LLC","Apartado núm.: 935, 6020 Consectetuer Calle","6761182","Donec.non@magnaDuisdignissim.net","Ann","Prince","8288875402","sapien@Vivamus.net",3,10,2,82),(319013,"In LLC","Apdo.:215-3505 Ligula. C/","3077549","lacus@lacusUt.edu","Jessica","Rosa","2651803778","habitant@nec.net",3,8,1,2),(323334,"Interdum Enim Non Foundation","Apartado núm.: 193, 6022 Ipsum ","1852927","eleifend.nec.malesuada@blandit.edu","Jolie","King","5268626082","tristique.aliquet.Phasellus@ipsumCurabiturconsequat.com",6,21,3,46),(327655,"Nunc Corp.","6010 Tortor. C.","9158166","euismod.mauris@scelerisquelorem.co.uk","David","Morton","2165501612","libero@fringilla.edu",2,3,3,1),(331976,"Placerat Eget Venenatis Corporation","6320 Nulla ","5848745","sapien.molestie@nonnisi.org","Nadine","Vang","4638632766","a.purus.Duis@pretiumneque.org",3,2,2,16),(336297,"Tortor Dictum Incorporated","Apdo.:205-4156 Placerat, Calle","5637256","nulla.Integer.vulputate@convallisest.edu","Carissa","Morales","9097181647","nibh.Quisque@velconvallis.ca",3,11,2,126),(340618,"Cras Interdum Nunc LLC","Apdo.:904-8180 Vitae, ","2798827","nulla.Integer.vulputate@Duis.org","Raven","Schmidt","2452519474","Nunc@Phasellusliberomauris.co.uk",5,7,1,55),(344939,"At Velit Cras Consulting","316-8286 Massa. Carretera","5533025","vulputate.posuere@gravidasit.edu","Orson","Clark","8371023752","facilisis@malesuada.net",6,13,2,13),(349260,"Faucibus Orci Luctus PC","Apdo.:526-3174 Dui, Ctra.","5369852","est@utquam.net","Hayfa","Deleon","0062439114","cursus@Fuscealiquetmagna.org",6,4,4,115),(353581,"Morbi Sit Corporation","Apartado núm.: 310, 3398 Nullam ","0257637","magna.Phasellus.dolor@elitelitfermentum.co.uk","Hilda","Witt","4840261097","In@atsemmolestie.net",4,16,1,43),(357902,"Nullam Associates","Apartado núm.: 806, 3362 Eget, C/","9115933","metus@necanteMaecenas.edu","Lewis","Adams","7357343300","lobortis.ultrices.Vivamus@ante.co.uk",1,7,2,63),(362223,"Proin Eget Odio Industries","9059 Donec Avenida","9860956","tellus.Nunc@Phasellus.org","Violet","Henderson","9388573983","non.sapien@magnaSuspendisse.ca",2,21,2,111),(366544,"Luctus Et Ultrices Ltd","Apdo.:254-1537 Cubilia Avenida","6226154","nec@Aenean.co.uk","Maya","Simmons","3003563938","posuere.enim@feugiatplacerat.org",1,13,3,38),(370865,"Dapibus Ligula Aliquam Foundation","Apdo.:232-6550 Facilisis ","0331620","netus.et@sagittis.ca","Ciara","Leon","7344263673","nunc.sed.pede@nonluctussit.edu",5,19,4,41),(375186,"Vel Pede Blandit Incorporated","2427 Sed C.","0826612","ac.risus.Morbi@sitametnulla.net","Xantha","Suarez","6885717758","sit@accumsanconvallis.ca",2,22,3,47),(379507,"Tortor Nibh Associates","Apdo.:163-2472 Odio. Av.","1876709","vulputate.risus.a@elit.com","Moana","Stevenson","3620558902","iaculis.enim@etcommodo.ca",2,3,1,87),(383828,"Dui Quis PC","Apdo.:824-7523 A ","6735241","fermentum@Quisque.net","Remedios","Singleton","0286034309","vel.pede@magnisdis.co.uk",2,7,1,81),(388149,"Diam Sed Incorporated","Apdo.:306-1161 Vivamus Ctra.","4969563","Mauris@sedsemegestas.net","Christian","Stone","9776555448","ullamcorper.eu.euismod@etipsumcursus.co.uk",3,20,4,48),(392470,"Fusce Dolor Associates","Apdo.:302-1717 Lorem Avenida","3368488","turpis@vitaesodalesat.co.uk","Perry","Berg","7642061242","cursus.Integer.mollis@ametmetus.edu",4,18,1,127),(396791,"Aliquet Proin PC","451-8077 Gravida. C/","7991691","arcu.Morbi@consectetuercursuset.org","Seth","Meadows","3762322740","quam.elementum@ultrices.ca",6,14,3,68),(401112,"Eu Institute","213-2384 Ante Carretera","9823182","augue@nequeInornare.com","Cleo","Ramirez","3767002037","volutpat.Nulla@eget.edu",2,6,3,111),(405433,"Magnis Dis Parturient Ltd","5977 Fusce Avenida","7013120","nibh.Donec.est@molestie.net","Nerea","Britt","2366004837","fringilla@inmolestie.org",4,21,3,75),(409754,"Vehicula LLC","7715 Amet ","9706984","Nulla.tincidunt@fringilla.org","Odessa","Berg","3760415641","tincidunt.pede.ac@tellusloremeu.org",5,8,4,68),(414075,"Augue Inc.","283-8921 Nonummy C.","8215908","ut.nulla@nonfeugiat.net","Gareth","Stanton","8746192224","sem.Nulla.interdum@orcilacus.ca",6,3,2,2),(418396,"Luctus Lobortis PC","Apdo.:412-6205 Scelerisque C/","3135899","Pellentesque.tincidunt@Nullatemporaugue.edu","Jacqueline","Benton","3326735583","malesuada@perconubianostra.co.uk",5,7,3,15),(422717,"Fusce PC","Apdo.:413-6740 Orci C/","9660135","pede.ac@vulputatelacus.com","Wyoming","Robinson","4182045563","sit.amet.luctus@ipsumSuspendisse.edu",3,9,1,44),(427038,"Vestibulum Neque Sed Industries","Apdo.:313-2388 Elit, C.","5402929","non@DonecnibhQuisque.edu","Chanda","Reese","5184795852","et.ultrices.posuere@sempertellus.co.uk",3,5,1,12),(431359,"Integer Mollis Industries","2520 Augue Ctra.","8013119","velit@enim.com","Irma","England","1273110937","turpis.Aliquam@consectetueradipiscingelit.com",5,10,3,73),(435680,"Ligula Industries","423-5664 Dis Ctra.","4159109","Aliquam@ornareegestasligula.com","Tamekah","Robles","1196571754","nulla.magna@posuerecubilia.edu",2,20,3,50),(440001,"Sit Inc.","Apdo.:266-1013 Ipsum Avenida","6787740","lobortis.nisi@Curabituregestas.com","Wade","Madden","7982821164","Donec@vitae.co.uk",4,7,1,62),(444322,"Magna Corp.","Apdo.:645-3468 Magna. C.","4016338","Proin.ultrices@pellentesquemassalobortis.co.uk","Brock","Fitzpatrick","0951610706","fames.ac.turpis@nec.edu",3,20,2,6),(448643,"Sapien Nunc Industries","Apartado núm.: 634, 3460 Nunc Carretera","8271250","ac.ipsum.Phasellus@nascetur.org","Stone","Graham","4587267992","ridiculus@IntegermollisInteger.net",6,19,1,45),(452964,"Ante Vivamus Incorporated","Apartado núm.: 420, 1389 Per Carretera","3852404","vulputate@lacus.org","Tamekah","Avery","5384578003","Nulla.facilisis.Suspendisse@fermentum.net",6,20,1,10),(457285,"Congue A Aliquet Ltd","717-8409 Lectus C.","3073808","lectus@loremvitae.edu","Aphrodite","Gray","9773314610","ullamcorper.Duis.cursus@quisurna.net",1,18,4,90),(461606,"Molestie Tellus Inc.","823-2187 Lobortis ","6410593","a.nunc.In@Maurisquis.com","Tobias","Ramsey","0585182489","et@arcu.com",4,20,3,73),(465927,"Justo Eu Company","Apartado núm.: 460, 6112 Porta C/","6444151","Maecenas.ornare@etmagna.edu","Dacey","Burton","9744760668","tincidunt.neque@nonleoVivamus.net",4,11,4,19),(470248,"Neque Inc.","172-3459 Nec, ","1090005","mus.Aenean@ante.co.uk","Quemby","Orr","7772445412","orci@Nullatempor.ca",4,1,1,19),(474569,"Nullam Inc.","666-7639 Mollis Ctra.","5584985","Donec.est@enimEtiamimperdiet.net","Astra","Blankenship","2319857845","facilisis.vitae.orci@milaciniamattis.edu",4,22,4,57),(478890,"Facilisis Suspendisse Commodo LLC","844-5084 Lorem C.","9015551","purus.ac@magnisdisparturient.com","Shelby","Velez","7740776708","malesuada@nulla.edu",2,9,3,16),(483211,"Eleifend Institute","665-1359 Rutrum Carretera","2140745","Quisque@eratnonummy.edu","Emi","Melendez","4770977039","Integer.vitae.nibh@Pellentesquetincidunt.ca",3,15,2,115),(487532,"Imperdiet Ullamcorper Limited","Apdo.:481-3620 Euismod Avda.","7201096","semper.auctor@vitaerisus.edu","Burton","Mcgowan","6721323304","ipsum.Phasellus.vitae@penatibus.org",6,9,2,12),(491853,"Convallis Est Vitae Consulting","Apdo.:522-1070 Urna Avda.","5016598","augue.ac.ipsum@Donecluctus.ca","Uriah","Adams","7336338713","non.massa@amalesuadaid.com",1,10,3,103),(496174,"Interdum Corporation","8656 Non, Avda.","3226591","pharetra.nibh@accumsan.ca","Allegra","Berg","0768727027","gravida@duinecurna.edu",6,17,4,54),(500495,"Eros Turpis Non LLP","Apdo.:865-4706 Neque ","8341930","at.iaculis.quis@magnaDuis.net","Blythe","Solis","7696764050","Donec@lobortis.com",2,8,1,7),(504816,"Facilisis Lorem Corporation","235-5392 Sociis Carretera","5059987","et.magnis@Vivamus.net","Lewis","Lester","8558906680","in.hendrerit@nequeNullam.co.uk",5,14,2,33),(509137,"Quam Vel LLP","Apartado núm.: 548, 4646 Consequat Avenida","1720005","et@sit.ca","Amy","Hoffman","7490695773","Nam.ac.nulla@Sed.co.uk",2,12,2,91),(513458,"Donec Consulting","Apdo.:868-7337 Proin Avenida","0459612","ullamcorper.eu.euismod@sit.com","Evelyn","Kramer","0247510847","neque.venenatis@semper.ca",6,6,2,52),(517779,"Purus In Molestie Consulting","Apdo.:715-7701 Semper Ctra.","6528904","nunc.ac@acnullaIn.ca","Eden","Cooke","3583330783","cursus.non@estmollisnon.net",5,15,2,55);

INSERT INTO `clientes` (`IdCliente`,`RazonSocial`,`Direccion`,`TelFijo`,`Email`,`NombresContacto`,`ApellidosContacto`,`CelularContacto`,`EmailContacto`,`IdTipo`,`IdActividad`,`IdClasificacion`,`IdCiudad`) VALUES (100000,"Condimentum Donec Associates","Apdo.:582-8515 Ut C.","1993927","tristique.aliquet@velit.com","Rylee","Thompson","8058973612","id@torquentperconubia.ca",2,4,1,106),(104321,"Proin LLC","Apdo.:775-9346 Nunc, Ctra.","0848275","ultrices.Duis.volutpat@pharetrafelis.net","Adria","Travis","0099339543","tincidunt@elit.net",6,10,4,26),(108642,"Hendrerit A Arcu PC","833-1554 Vehicula. Avda.","0438451","ipsum.dolor.sit@mienimcondimentum.co.uk","Barbara","Raymond","9542074707","et.commodo.at@nuncQuisque.org",6,14,3,36),(112963,"Placerat Orci Incorporated","Apartado núm.: 959, 4727 Dolor Avenida","3799307","dictum@anequeNullam.com","Russell","Herring","5764891710","lectus@mattisvelitjusto.ca",1,6,3,73),(117284,"Proin Ultrices Company","Apartado núm.: 310, 7832 Et, Calle","8158609","et.ipsum.cursus@Duis.org","Alea","Saunders","3382703653","consequat.auctor.nunc@urnanecluctus.ca",3,8,1,113),(121605,"Molestie LLC","135-1541 Mauris Av.","8578717","ac.turpis.egestas@Proinegetodio.net","Kennedy","Vinson","3906526825","aliquet@Suspendissenon.edu",5,9,4,34),(125926,"Eu LLC","Apartado núm.: 648, 6048 Enim Avda.","8516594","metus.In@metusvitae.net","Chaney","Bond","5723750534","ullamcorper.viverra.Maecenas@luctussit.co.uk",6,8,1,121),(130247,"Ipsum Donec Limited","982-1484 Libero. Avenida","4015408","eget.nisi@arcuVestibulumante.org","Dolan","Zamora","9290260347","auctor.non.feugiat@arcuNuncmauris.ca",3,5,3,106),(134568,"Magna Industries","2715 Dui Av.","0413003","augue.id@acarcuNunc.org","Janna","Valenzuela","2313863314","turpis.non.enim@Morbi.edu",5,9,3,123),(138889,"Est Nunc LLP","Apartado núm.: 759, 5949 Sed Carretera","7114103","a@lorem.net","Brent","Cruz","4527139526","vulputate.risus.a@acmattisvelit.com",2,13,2,32),(143210,"Dapibus Rutrum Justo Industries","297-9664 Fusce Ctra.","0237036","turpis@sed.com","Maxine","Adkins","3642880769","facilisis.lorem@aliquamarcu.com",2,19,2,44),(147531,"Placerat Corporation","293-5723 Dui, Av.","3002897","Cras.interdum@odiosagittissemper.edu","Violet","Kerr","1265594220","nibh.vulputate@vitae.co.uk",1,1,1,87),(151852,"Tortor Corp.","5173 Luctus, Av.","0374522","tellus@Aeneansed.ca","Lunea","Ray","2490311666","non@tinciduntcongueturpis.edu",3,22,1,101),(156173,"Vel Quam Foundation","Apdo.:362-762 A Avenida","3085012","enim@molestie.ca","Fuller","Browning","4939668471","mauris.ipsum@Nullafacilisi.ca",4,12,2,43),(160494,"Diam Dictum Foundation","Apartado núm.: 564, 8110 Suspendisse C.","5822969","mus.Proin@Nulla.co.uk","Barry","Delgado","0635618445","ligula.Donec@hendreritnequeIn.org",1,10,1,19),(164815,"Cubilia Curae; Donec LLC","Apdo.:867-9056 Magna. Av.","2872440","dictum.magna@vitae.edu","Bradley","Goff","4517588182","fringilla@amagna.com",1,13,1,43),(169136,"Rutrum Magna Associates","Apdo.:136-7941 Mi. Avenida","8157802","Cras.interdum@maurissapiencursus.net","Zenia","Olsen","7701066892","nisi.sem@faucibuslectus.edu",6,9,2,83),(173457,"Quis Diam Foundation","Apdo.:490-5353 Ut Av.","1418619","sit@magnisdisparturient.com","Britanney","Lester","8979797983","ultrices@interdumligulaeu.edu",4,20,2,28),(177778,"Dolor Corp.","Apdo.:652-5646 Mauris Av.","9867203","turpis.Aliquam@eudolor.org","Jelani","Wyatt","1590977099","turpis.nec@miac.co.uk",6,17,4,31),(182099,"Phasellus Foundation","Apartado núm.: 709, 7367 Dolor Carretera","0472740","ante.iaculis.nec@nascetur.ca","Quinlan","Dominguez","7846895334","interdum@quislectus.net",2,10,4,40),(186420,"Orci Incorporated","8933 Magnis Ctra.","4978565","Etiam.gravida.molestie@ligula.org","Octavius","Roberson","3509423865","arcu.Sed@erosturpis.co.uk",6,21,3,93),(190741,"At LLP","Apdo.:619-6964 Suspendisse ","7686839","sit.amet.consectetuer@dictumcursusNunc.com","Halla","Curtis","3557353420","scelerisque.neque@lacinia.ca",5,21,3,49),(195062,"Vivamus Ltd","Apdo.:459-4257 Libero Avenida","1866479","risus.Donec.egestas@felisullamcorper.net","Zenaida","Bond","6620954280","et.arcu.imperdiet@ante.net",1,10,1,29),(199383,"Aliquet LLC","267 Ac ","0857200","Morbi.accumsan.laoreet@fermentumarcu.com","Daquan","Yang","3401022950","vitae@acsem.com",1,10,3,55),(203704,"Neque Vitae Incorporated","Apartado núm.: 124, 8108 Eros. Calle","0695298","lacus@auguescelerisque.ca","Chase","Gonzalez","8053114418","sem.semper.erat@ultricesaauctor.org",3,6,4,42),(208025,"Lacus Cras Interdum Limited","Apartado núm.: 788, 8196 Tincidunt, Avda.","3426019","turpis.egestas.Fusce@In.com","Roanna","Tyler","9179586686","parturient@Donecegestas.com",6,10,1,2),(212346,"Quis Arcu Vel Limited","566-3100 Mauris C/","6587455","Cras@Nunclaoreetlectus.com","Eleanor","Bennett","9878371598","tellus.Phasellus@felisullamcorperviverra.org",2,4,4,38),(216667,"Magna Nam LLP","9905 Egestas. Ctra.","8582999","non.sapien.molestie@elitpharetra.com","Joan","Snyder","0124390551","ante.Maecenas@nonquam.net",3,4,1,71),(220988,"Imperdiet Company","Apartado núm.: 358, 7146 Nunc Avda.","5345162","eget.venenatis.a@mus.co.uk","Olympia","Mcgowan","6256150153","et.ipsum@eueleifendnec.net",5,6,1,26),(225309,"Cras Vulputate Velit Corporation","Apartado núm.: 604, 3106 Aliquam Ctra.","1751289","malesuada.vel.venenatis@magnisdisparturient.net","Macey","Heath","0545362664","lobortis.tellus@ridiculus.edu",1,17,1,102),(229630,"At Arcu Foundation","586-7963 Aenean Avenida","9296460","dolor.Nulla@Phaselluslibero.org","Ria","Wyatt","8881401862","vitae@nibhAliquamornare.com",3,12,1,12),(233951,"Nunc Risus Company","Apartado núm.: 905, 530 Fermentum C/","3781407","Donec.luctus.aliquet@vel.net","Chandler","Hardy","1450198182","cursus.luctus.ipsum@nisidictum.net",5,20,4,13),(238272,"Hendrerit Donec Incorporated","7625 Lorem, C.","6027654","id.blandit@ornarelibero.edu","Leilani","Yates","0984939809","erat.Vivamus@mauriseu.org",5,16,1,82),(242593,"Tortor Nunc Consulting","321-1631 Sollicitudin C/","3415497","Fusce.fermentum@consequatlectus.ca","Byron","Carrillo","4374135563","auctor.velit@tellusNunclectus.co.uk",6,19,2,77),(246914,"Curabitur Vel Lectus Incorporated","Apartado núm.: 438, 4501 Amet C.","0599469","fermentum@leoMorbineque.edu","Aubrey","Barry","7974905113","gravida@risusInmi.net",5,8,1,77),(251235,"Risus Consulting","527-866 Vestibulum Avenida","2585676","vestibulum@ultricesDuis.com","Samson","Tate","0812625225","feugiat.Lorem.ipsum@nequetellusimperdiet.org",4,6,2,47),(255556,"Sit Amet Ltd","6220 Integer C/","1726071","dignissim.tempor@tempusnonlacinia.org","Maryam","Puckett","2316342317","nunc@pulvinararcu.com",1,21,1,11),(259877,"Duis Risus PC","Apdo.:223-1900 Nec, Calle","0972360","nec@tortornibh.ca","Barclay","Rivas","2350307095","mauris@Quisque.net",5,3,1,98),(264198,"Felis Donec Tempor Limited","6773 Nulla Av.","4716333","in.consectetuer.ipsum@pharetranibhAliquam.co.uk","Amaya","Lewis","2071995850","Sed.nunc.est@maurissagittisplacerat.com",3,8,1,8),(268519,"Tempor Erat Neque PC","Apartado núm.: 157, 4303 Mattis C/","9905429","In@Nulla.org","Palmer","Noel","5064632348","dictum.placerat.augue@faucibusMorbi.com",5,6,1,49),(272840,"Mauris Eu Elit Industries","831-5805 Enim. C/","8652057","Quisque.tincidunt.pede@nonjusto.net","Lillian","Skinner","2068756756","sollicitudin.orci.sem@ullamcorper.com",3,8,1,79),(277161,"Interdum Inc.","7793 Nunc. Av.","4349800","adipiscing.ligula@adipiscingligulaAenean.co.uk","Armando","Rojas","4914325394","felis.eget@Nullafacilisis.edu",4,3,1,66),(281482,"Semper Pretium LLC","Apdo.:374-7572 Enim ","9390760","lobortis@tempordiamdictum.co.uk","Davis","Drake","8540743210","metus.sit@nequeSed.ca",1,4,3,123),(285803,"Auctor Industries","3299 Consectetuer Avda.","9286881","justo@lorem.ca","Haley","Barrera","8358714966","turpis@Vestibulumante.org",3,19,2,49),(290124,"Mauris Limited","7604 Orci C.","2028819","dolor@sociisnatoquepenatibus.org","Margaret","Baldwin","1967818525","Nam.ac.nulla@fermentumfermentumarcu.com",3,4,3,128),(294445,"Nisl Arcu Ltd","Apdo.:842-513 Non Carretera","0586832","erat.eget@cursusetmagna.edu","Paula","Gibson","3914828473","eu.augue@ac.ca",1,15,1,61),(298766,"Ac Incorporated","Apdo.:686-6797 Vel C.","2554288","magna@Nulladignissim.com","Guy","Sandoval","0903768906","sagittis.placerat@nuncQuisqueornare.net",4,8,3,126),(303087,"Eu PC","252-8511 Mattis Avda.","9510846","fringilla.euismod@luctusetultrices.co.uk","Jena","Carson","0815493002","libero.est.congue@facilisis.org",1,7,4,21),(307408,"In Molestie Tortor Corporation","Apdo.:391-8545 Amet, C.","3951202","tristique.neque@dapibus.edu","Vanna","Mckinney","9263730368","nec.ante@nuncid.co.uk",1,14,3,9),(311729,"Taciti Consulting","3711 Pellentesque. Avenida","5633282","Vestibulum.ante.ipsum@Proindolor.com","Lilah","Mcpherson","7194953418","arcu.Vestibulum.ante@vel.ca",3,15,3,84),(316050,"Est Arcu Ac PC","Apartado núm.: 322, 4619 Et ","8712116","vitae.semper.egestas@Aliquamfringillacursus.co.uk","Martina","Dennis","9137721316","mi.tempor@condimentumegetvolutpat.net",6,12,1,50),(320371,"Condimentum Limited","6501 Non Calle","3246189","vitae.dolor.Donec@consequatpurusMaecenas.ca","Linus","Mccormick","2199576274","arcu.Curabitur@felis.ca",1,9,4,58),(324692,"Pede Foundation","877-8410 Tellus Av.","4538616","et.euismod@enimSed.net","Zeph","Justice","3977639930","nunc.In.at@metusIn.edu",6,21,2,41),(329013,"Quisque Consulting","5392 Libero Avenida","4401109","Curae@seddictumeleifend.com","Daria","Rhodes","8667953561","feugiat@egetvarius.co.uk",6,3,3,19),(333334,"Amet LLP","Apartado núm.: 807, 9950 Pellentesque Carretera","1002127","scelerisque.mollis.Phasellus@eratSednunc.co.uk","Serina","Jordan","0237394855","magnis.dis@sedleoCras.org",1,18,2,48),(337655,"Nec Urna Consulting","Apdo.:201-7887 Erat, ","1989545","lectus.Cum@cursusetmagna.org","Austin","Ray","0673510191","ut.sem@tempor.org",3,14,3,101),(341976,"Feugiat Metus Corporation","779 Nunc Carretera","5464231","tempus@odiosagittissemper.org","Carolyn","Edwards","0722490341","Suspendisse.dui.Fusce@ultrices.com",4,20,3,28),(346297,"Dolor Limited","8376 Sagittis C.","6574357","sagittis@aenim.com","Lucian","Grant","3406653769","nascetur@odio.org",6,22,3,17),(350618,"Duis At Corporation","1405 Vel ","6494017","malesuada.malesuada@egestasAliquam.net","Gisela","Page","1974988961","et@maurisut.com",6,20,1,24),(354939,"Sodales Mauris Blandit Company","Apdo.:207-1904 At Av.","9848094","at.fringilla@ametfaucibusut.edu","Yuri","Alexander","5621760178","tempor.bibendum@ornareplaceratorci.ca",1,15,3,10),(359260,"In Ornare Limited","8417 Nec, C.","7241633","sed.tortor@tellus.ca","Maryam","Spencer","2689553862","adipiscing.elit.Etiam@est.net",4,13,3,106),(363581,"Eu Sem LLC","1565 Congue Carretera","8873616","mauris.elit@sodales.edu","Chloe","Bartlett","7371301934","ac@vestibulumneque.co.uk",4,4,2,17),(367902,"Montes Nascetur Ridiculus Associates","8484 Eu, C.","7771304","risus@egetvenenatisa.net","Jescie","Malone","1093323231","luctus@eu.ca",6,13,4,23),(372223,"Dignissim Magna A LLP","Apdo.:242-1419 Morbi Ctra.","2611345","tortor@euaugue.edu","Ingrid","Atkinson","4682562479","Donec.est@egetmetus.ca",5,9,2,99),(376544,"Mauris Morbi Non Corporation","Apdo.:527-9689 Ut Avenida","8739058","facilisi.Sed.neque@vitae.net","Jamal","Raymond","8033331211","felis@Sedmolestie.org",6,22,2,110),(380865,"Vel Venenatis Limited","Apdo.:904-9894 Ac Ctra.","9354847","parturient@Loremipsum.com","Lacy","Alvarez","7184491940","arcu@sodales.org",5,19,2,44),(385186,"Et Eros Industries","1601 Cursus C.","2200581","sagittis.augue.eu@nunc.co.uk","Inga","Duffy","9619743506","fames@eleifend.edu",3,14,4,83),(389507,"Risus Associates","3724 Vestibulum Carretera","3400446","Etiam.imperdiet@sodales.co.uk","Petra","Hodges","4602715282","feugiat.Lorem.ipsum@iaculis.ca",5,1,1,75),(393828,"Tempor Foundation","Apdo.:487-9986 Purus C/","4823177","orci.quis.lectus@ametrisus.co.uk","Mallory","Roberson","7681078852","sem@nequesed.edu",4,17,3,5),(398149,"Malesuada Malesuada Limited","4032 Elit, Ctra.","2655129","et.magnis.dis@Sed.ca","Salvador","Giles","7124605198","Nulla.interdum@a.co.uk",2,13,1,107),(402470,"Laoreet LLP","Apdo.:110-4625 Gravida Carretera","6803019","non@gravida.ca","Hunter","Bonner","2586624151","vehicula@vel.ca",3,9,1,18),(406791,"Turpis Vitae Purus Incorporated","919-2088 Scelerisque Ctra.","4493200","est.tempor.bibendum@nonjustoProin.edu","Sheila","Hart","6218000806","aliquet.Proin.velit@nequevenenatislacus.com",3,6,1,113),(411112,"Nascetur Foundation","Apdo.:836-8331 Quis Calle","9295692","Sed.congue.elit@sem.ca","Patience","Wright","0377596037","ut@metus.edu",4,20,1,114),(415433,"Arcu Vel Quam Corp.","Apdo.:641-7445 Molestie. Carretera","8157475","iaculis@facilisis.co.uk","Fritz","Brown","5505896573","pede.nonummy.ut@mauris.ca",3,6,3,63),(419754,"Et Netus Et Industries","7728 Euismod C/","6726853","diam@mauris.net","Quamar","Foreman","5966252449","gravida.sagittis.Duis@urnaNuncquis.ca",3,15,3,14),(424075,"Ridiculus Mus Proin Associates","9485 Senectus Carretera","4881953","quis.urna.Nunc@erateget.org","Nicholas","Carroll","1608705520","amet.risus.Donec@Nullamlobortisquam.org",3,19,4,100),(428396,"Quis Corp.","9853 Turpis. Avda.","0880842","Cras@loremsemper.edu","Abdul","Goodman","8379023940","facilisis.lorem@eu.com",5,5,1,60),(432717,"Sed Ltd","843-3170 Pellentesque Ctra.","3199438","Integer.mollis.Integer@diamluctuslobortis.edu","Lani","Buckley","5122042326","mi.ac@nisi.org",3,6,4,10),(437038,"Per LLP","Apdo.:226-4496 Tellus. Av.","1044786","Fusce.feugiat.Lorem@inhendrerit.com","Thaddeus","Burnett","4458515729","turpis@lectusCumsociis.co.uk",6,19,4,112),(441359,"Lorem Sit Foundation","Apdo.:869-661 Velit C/","0369085","Nunc@fringilla.com","Madeline","Marquez","0154344260","magnis@in.ca",5,5,2,4),(445680,"Adipiscing Lacus LLP","498-6747 Ligula ","4478437","pharetra.Nam.ac@estarcu.ca","Zelenia","Lawrence","9400072662","euismod.est@nisisemsemper.net",5,19,4,71),(450001,"Mauris Ltd","Apartado núm.: 740, 3679 Interdum. Av.","0075948","ante.bibendum@QuisquevariusNam.org","Oliver","Copeland","6719054577","ut.erat.Sed@egestashendrerit.co.uk",3,2,2,103),(454322,"Eget Mollis Lectus Ltd","Apartado núm.: 943, 2186 Rhoncus. ","0131423","risus.In.mi@Aliquam.edu","Gemma","Sweet","1182874856","Mauris.ut.quam@mollisnoncursus.edu",6,2,2,4),(458643,"Pede Blandit Congue Industries","3464 Non Ctra.","5478124","sed.consequat@nonummy.edu","Amal","Robertson","2069648406","vehicula.et@senectus.com",3,16,4,7),(462964,"Lorem Industries","428-792 Non C/","7864263","aliquet@Inmipede.org","Wilma","William","0003728227","porttitor.vulputate.posuere@euismodacfermentum.com",2,8,1,41),(467285,"Erat Nonummy Consulting","Apartado núm.: 671, 3089 Id, ","0835324","elit.erat@amagnaLorem.org","Kermit","Morrow","5638587116","non.hendrerit.id@odiosempercursus.ca",4,7,4,82),(471606,"Nibh Quisque LLP","814-8720 Id Av.","0457424","mattis.Cras.eget@Cumsociis.net","Sandra","Jones","1794256395","amet@eu.ca",6,5,2,74),(475927,"Et Foundation","Apartado núm.: 352, 2084 Id, Avenida","3836556","eros.Proin@Fuscefermentum.com","Anne","Craft","4591118558","semper.cursus@hendrerit.edu",5,11,1,123),(480248,"Aliquam Erat LLC","721-9221 Enim, ","6740717","convallis.ligula@semutcursus.org","Chancellor","Mcconnell","8203010454","Morbi@egetodioAliquam.co.uk",6,15,3,101),(484569,"Vitae Odio Inc.","3366 Ipsum. C.","7640302","volutpat.ornare@mattis.com","Branden","Casey","8259577108","sem.magna.nec@torquentper.net",5,16,4,27),(488890,"Sed Consulting","Apartado núm.: 236, 5307 Non Avda.","1096405","placerat.augue.Sed@mollisnon.edu","Bruno","Booker","9001304156","nunc.id@famesacturpis.ca",6,6,4,78),(493211,"Pede Et Institute","Apdo.:996-4574 Porttitor Av.","3400339","adipiscing.lacus.Ut@odio.org","Leandra","Maddox","3852796122","a@Ut.org",6,9,3,92),(497532,"Odio Semper Associates","Apdo.:901-4166 Ac ","8373971","consequat.dolor.vitae@velit.co.uk","Leroy","Mayer","7906937532","nisi.dictum.augue@Nunccommodoauctor.net",1,18,4,7),(501853,"Nunc LLC","147-7732 Aenean C/","1740470","Nunc@feugiatmetussit.com","Kibo","Finch","6529318320","interdum@enimcommodohendrerit.ca",6,3,4,64),(506174,"Adipiscing Inc.","739-2002 Commodo Av.","8481062","facilisis@nuncacmattis.edu","Farrah","Butler","4174738246","tempus.lorem@amet.org",1,19,1,56),(510495,"Lobortis LLP","5467 Id C/","2973568","molestie.tortor@lacusUtnec.ca","Ivan","Ryan","9005129890","Sed.nulla@lectusquis.com",2,8,3,5),(514816,"Nascetur Corp.","3741 Euismod Calle","1950076","fringilla.Donec@Morbinonsapien.org","Lionel","Benson","6728869900","convallis.in.cursus@Aliquamnec.net",1,20,1,58),(519137,"Nulla Semper Tellus Ltd","6222 Tortor Av.","3951583","ipsum@ullamcorpervelit.edu","Jillian","Bartlett","9059150051","Donec.tincidunt.Donec@libero.edu",6,16,1,95),(523458,"Facilisis Vitae Orci LLP","Apartado núm.: 629, 1423 Viverra. C/","0073309","varius.ultrices.mauris@Pellentesque.co.uk","Davis","Sandoval","7217543431","risus@Duis.edu",2,21,3,126),(527779,"Tempor Corp.","Apartado núm.: 263, 9964 A, Avenida","0065569","ante@elitafeugiat.net","Josiah","Kemp","3906686721","Proin.non.massa@sodalesatvelit.co.uk",3,7,4,48);



COMMIT;


-- -----------------------------------------------------
-- Data for table `SIGCO`.`Presentaciones`
-- -----------------------------------------------------
START TRANSACTION;
USE `SIGCO`;
INSERT INTO `SIGCO`.`Presentaciones` (`IdPresentacion`, `Nombre`) VALUES (1, 'GOTERO PLASTICO 60 C.C');
INSERT INTO `SIGCO`.`Presentaciones` (`IdPresentacion`, `Nombre`) VALUES (2, 'GOTERO PLASTICO 10 C.C');
INSERT INTO `SIGCO`.`Presentaciones` (`IdPresentacion`, `Nombre`) VALUES (3, 'AMBAR LITRO 500 C.C');
INSERT INTO `SIGCO`.`Presentaciones` (`IdPresentacion`, `Nombre`) VALUES (4, 'AMBAR 90 C.C');
INSERT INTO `SIGCO`.`Presentaciones` (`IdPresentacion`, `Nombre`) VALUES (5, 'AMBAR 30 ML');
INSERT INTO `SIGCO`.`Presentaciones` (`IdPresentacion`, `Nombre`) VALUES (6, 'PASTILLERO REDONDO');
INSERT INTO `SIGCO`.`Presentaciones` (`IdPresentacion`, `Nombre`) VALUES (7, 'GOTERO PLASTICO 30 C.C');
INSERT INTO `SIGCO`.`Presentaciones` (`IdPresentacion`, `Nombre`) VALUES (8, 'GOTERO PLASTICO 5 C.C');
INSERT INTO `SIGCO`.`Presentaciones` (`IdPresentacion`, `Nombre`) VALUES (9, 'AMBAR 250 C.C');
INSERT INTO `SIGCO`.`Presentaciones` (`IdPresentacion`, `Nombre`) VALUES (10, 'AMBAR 60 C.C');
INSERT INTO `SIGCO`.`Presentaciones` (`IdPresentacion`, `Nombre`) VALUES (11, 'AMBAR ONZA');
INSERT INTO `SIGCO`.`Presentaciones` (`IdPresentacion`, `Nombre`) VALUES (12, 'GOTERO PLASTICO 20 C.C');
INSERT INTO `SIGCO`.`Presentaciones` (`IdPresentacion`, `Nombre`) VALUES (13, 'GOTERO PLASTICO 10 C.C');
INSERT INTO `SIGCO`.`Presentaciones` (`IdPresentacion`, `Nombre`) VALUES (14, 'AMBAR 120 C.C');
INSERT INTO `SIGCO`.`Presentaciones` (`IdPresentacion`, `Nombre`) VALUES (15, 'AMBAR 45 C.C');
INSERT INTO `SIGCO`.`Presentaciones` (`IdPresentacion`, `Nombre`) VALUES (16, 'GOTERO');
INSERT INTO `SIGCO`.`Presentaciones` (`IdPresentacion`, `Nombre`) VALUES (17, 'GOTERO PLASTICO 15 C.C');
INSERT INTO `SIGCO`.`Presentaciones` (`IdPresentacion`, `Nombre`) VALUES (18, 'AMBAR LITRO');
INSERT INTO `SIGCO`.`Presentaciones` (`IdPresentacion`, `Nombre`) VALUES (19, 'AMBAR 100 C.C');
INSERT INTO `SIGCO`.`Presentaciones` (`IdPresentacion`, `Nombre`) VALUES (20, 'AMBAR 30 C.C');
INSERT INTO `SIGCO`.`Presentaciones` (`IdPresentacion`, `Nombre`) VALUES (21, 'PASTILLERO LARGO');

COMMIT;


-- -----------------------------------------------------
-- Data for table `SIGCO`.`CategoriasProductos`
-- -----------------------------------------------------
START TRANSACTION;
USE `SIGCO`;
INSERT INTO `SIGCO`.`CategoriasProductos` (`IdCategoria`, `Nombre`) VALUES (1, ' ACEITES');
INSERT INTO `SIGCO`.`CategoriasProductos` (`IdCategoria`, `Nombre`) VALUES (2, ' AGUAS DE COLONIA');
INSERT INTO `SIGCO`.`CategoriasProductos` (`IdCategoria`, `Nombre`) VALUES (3, ' AGUAS DE TOCADOR');
INSERT INTO `SIGCO`.`CategoriasProductos` (`IdCategoria`, `Nombre`) VALUES (4, ' BRILLANTINAS');
INSERT INTO `SIGCO`.`CategoriasProductos` (`IdCategoria`, `Nombre`) VALUES (5, ' CHAMPÚS');
INSERT INTO `SIGCO`.`CategoriasProductos` (`IdCategoria`, `Nombre`) VALUES (6, ' CREMAS');
INSERT INTO `SIGCO`.`CategoriasProductos` (`IdCategoria`, `Nombre`) VALUES (7, ' DEPILATORIOS');
INSERT INTO `SIGCO`.`CategoriasProductos` (`IdCategoria`, `Nombre`) VALUES (8, ' DESODORANTES Y ANTITRANSPIRANTES');
INSERT INTO `SIGCO`.`CategoriasProductos` (`IdCategoria`, `Nombre`) VALUES (9, ' EMULSIONES');
INSERT INTO `SIGCO`.`CategoriasProductos` (`IdCategoria`, `Nombre`) VALUES (10, ' ESPUMAS');
INSERT INTO `SIGCO`.`CategoriasProductos` (`IdCategoria`, `Nombre`) VALUES (11, ' ESPUMAS');
INSERT INTO `SIGCO`.`CategoriasProductos` (`IdCategoria`, `Nombre`) VALUES (12, ' GELES');
INSERT INTO `SIGCO`.`CategoriasProductos` (`IdCategoria`, `Nombre`) VALUES (13, ' GELES Y ACEITES PARA LA PIEL');
INSERT INTO `SIGCO`.`CategoriasProductos` (`IdCategoria`, `Nombre`) VALUES (14, ' JABÓN DE TOCADOR');
INSERT INTO `SIGCO`.`CategoriasProductos` (`IdCategoria`, `Nombre`) VALUES (15, ' JABÓN DESODORANTE');
INSERT INTO `SIGCO`.`CategoriasProductos` (`IdCategoria`, `Nombre`) VALUES (16, ' LACAS');
INSERT INTO `SIGCO`.`CategoriasProductos` (`IdCategoria`, `Nombre`) VALUES (17, ' LOCIONES');
INSERT INTO `SIGCO`.`CategoriasProductos` (`IdCategoria`, `Nombre`) VALUES (18, ' LOCIONES');
INSERT INTO `SIGCO`.`CategoriasProductos` (`IdCategoria`, `Nombre`) VALUES (19, ' MAQUILLAJE ');
INSERT INTO `SIGCO`.`CategoriasProductos` (`IdCategoria`, `Nombre`) VALUES (20, ' MÁSCARAS DE BELLEZA ');
INSERT INTO `SIGCO`.`CategoriasProductos` (`IdCategoria`, `Nombre`) VALUES (21, ' OTROS PRODUCTOS PARA EL PEINADO');
INSERT INTO `SIGCO`.`CategoriasProductos` (`IdCategoria`, `Nombre`) VALUES (22, ' PARA DESRIZAR Y FIJAR');
INSERT INTO `SIGCO`.`CategoriasProductos` (`IdCategoria`, `Nombre`) VALUES (23, ' PASTAS');
INSERT INTO `SIGCO`.`CategoriasProductos` (`IdCategoria`, `Nombre`) VALUES (24, ' PERFUMES');
INSERT INTO `SIGCO`.`CategoriasProductos` (`IdCategoria`, `Nombre`) VALUES (25, ' POLVOS');
INSERT INTO `SIGCO`.`CategoriasProductos` (`IdCategoria`, `Nombre`) VALUES (26, ' POLVOS');
INSERT INTO `SIGCO`.`CategoriasProductos` (`IdCategoria`, `Nombre`) VALUES (27, ' POLVOS DE MAQUILLAJE');
INSERT INTO `SIGCO`.`CategoriasProductos` (`IdCategoria`, `Nombre`) VALUES (28, ' POLVOS PARA UTILIZAR DESPUÉS DEL BAÑO Y PARA LA HIGIENE CORPORAL');
INSERT INTO `SIGCO`.`CategoriasProductos` (`IdCategoria`, `Nombre`) VALUES (29, ' PRODUCTOS ACONDICIONADORES ');
INSERT INTO `SIGCO`.`CategoriasProductos` (`IdCategoria`, `Nombre`) VALUES (30, ' PRODUCTOS ANTIARRUGAS');
INSERT INTO `SIGCO`.`CategoriasProductos` (`IdCategoria`, `Nombre`) VALUES (31, ' PRODUCTOS BLANQUEADORES DE LA PIEL');
INSERT INTO `SIGCO`.`CategoriasProductos` (`IdCategoria`, `Nombre`) VALUES (32, ' PRODUCTOS CAPILARES: ');
INSERT INTO `SIGCO`.`CategoriasProductos` (`IdCategoria`, `Nombre`) VALUES (33, ' PRODUCTOS DE LIMPIEZA ');
INSERT INTO `SIGCO`.`CategoriasProductos` (`IdCategoria`, `Nombre`) VALUES (34, ' PRODUCTOS PARA BAÑO Y DUCHA ');
INSERT INTO `SIGCO`.`CategoriasProductos` (`IdCategoria`, `Nombre`) VALUES (35, ' PRODUCTOS PARA BRONCEADO SIN SOL');
INSERT INTO `SIGCO`.`CategoriasProductos` (`IdCategoria`, `Nombre`) VALUES (36, ' PRODUCTOS PARA CUIDADO BUCAL Y DENTAL');
INSERT INTO `SIGCO`.`CategoriasProductos` (`IdCategoria`, `Nombre`) VALUES (37, ' PRODUCTOS PARA CUIDADO ÍNTIMO EXTERNO');
INSERT INTO `SIGCO`.`CategoriasProductos` (`IdCategoria`, `Nombre`) VALUES (38, ' PRODUCTOS PARA CUIDADO Y MAQUILLAJE DE LAS UÑAS');
INSERT INTO `SIGCO`.`CategoriasProductos` (`IdCategoria`, `Nombre`) VALUES (39, ' PRODUCTOS PARA EL AFEITADO ');
INSERT INTO `SIGCO`.`CategoriasProductos` (`IdCategoria`, `Nombre`) VALUES (40, ' PRODUCTOS PARA EL MAQUILLAJE Y DESMAQUILLAJE DE LA CARA Y LOS OJOS');
INSERT INTO `SIGCO`.`CategoriasProductos` (`IdCategoria`, `Nombre`) VALUES (41, ' PRODUCTOS PARA LOS LABIOS');
INSERT INTO `SIGCO`.`CategoriasProductos` (`IdCategoria`, `Nombre`) VALUES (42, ' PRODUCTOS PARA MOLDEAR');
INSERT INTO `SIGCO`.`CategoriasProductos` (`IdCategoria`, `Nombre`) VALUES (43, ' PRODUCTOS QUE AYUDAN A MANTENER EL PEINADO');
INSERT INTO `SIGCO`.`CategoriasProductos` (`IdCategoria`, `Nombre`) VALUES (44, ' PRODUCTOS SOLARES');
INSERT INTO `SIGCO`.`CategoriasProductos` (`IdCategoria`, `Nombre`) VALUES (45, ' TINTES Y DECOLORANTES');
INSERT INTO `SIGCO`.`CategoriasProductos` (`IdCategoria`, `Nombre`) VALUES (46, 'JABONES');
INSERT INTO `SIGCO`.`CategoriasProductos` (`IdCategoria`, `Nombre`) VALUES (47, 'LÍQUIDOS');
INSERT INTO `SIGCO`.`CategoriasProductos` (`IdCategoria`, `Nombre`) VALUES (48, 'LOCIONES');
INSERT INTO `SIGCO`.`CategoriasProductos` (`IdCategoria`, `Nombre`) VALUES (49, 'LOCIONES');
INSERT INTO `SIGCO`.`CategoriasProductos` (`IdCategoria`, `Nombre`) VALUES (50, 'SALES');

COMMIT;


-- -----------------------------------------------------
-- Data for table `SIGCO`.`Impuestos`
-- -----------------------------------------------------
START TRANSACTION;
USE `SIGCO`;
INSERT INTO `SIGCO`.`Impuestos` (`IdIva`, `Porcentaje`) VALUES (1, 0);
INSERT INTO `SIGCO`.`Impuestos` (`IdIva`, `Porcentaje`) VALUES (2, 5);
INSERT INTO `SIGCO`.`Impuestos` (`IdIva`, `Porcentaje`) VALUES (3, 16);

COMMIT;


-- -----------------------------------------------------
-- Data for table `SIGCO`.`Productos`
-- -----------------------------------------------------
START TRANSACTION;
USE `SIGCO`;
INSERT INTO `SIGCO`.`Productos` (`IdProducto`, `Nombre`, `Descripcion`, `UnidadMedida`, `IdIva`, `ValorBase`, `IdPresentacion`, `IdCategoria`, `Estado`, `rutaImagen`) VALUES (1, 'Simvastatin', 'In scelerisque scelerisque dui. Suspendisse ac metus vitae', 'cm3', 1, 31316, 8, 39, 1, 'SinCargarImagen');
INSERT INTO `SIGCO`.`Productos` (`IdProducto`, `Nombre`, `Descripcion`, `UnidadMedida`, `IdIva`, `ValorBase`, `IdPresentacion`, `IdCategoria`, `Estado`, `rutaImagen`) VALUES (2, 'Hydrochlorothiazide', 'tincidunt', 'mm3', 2, 115070, 14, 15, 1, 'SinCargarImagen');
INSERT INTO `SIGCO`.`Productos` (`IdProducto`, `Nombre`, `Descripcion`, `UnidadMedida`, `IdIva`, `ValorBase`, `IdPresentacion`, `IdCategoria`, `Estado`, `rutaImagen`) VALUES (3, 'Lidoderm', 'vestibulum lorem, sit amet ultricies sem magna nec quam. Curabitur vel lectus.', 'cm3', 3, 197805, 16, 34, 1, 'SinCargarImagen');
INSERT INTO `SIGCO`.`Productos` (`IdProducto`, `Nombre`, `Descripcion`, `UnidadMedida`, `IdIva`, `ValorBase`, `IdPresentacion`, `IdCategoria`, `Estado`, `rutaImagen`) VALUES (4, 'Triamterene/Hydrochlorothiazide', 'ipsum dolor sit amet, consectetuer adipiscing elit. Aliquam', 'cm3', 1, 175823, 21, 46, 1, 'SinCargarImagen');
INSERT INTO `SIGCO`.`Productos` (`IdProducto`, `Nombre`, `Descripcion`, `UnidadMedida`, `IdIva`, `ValorBase`, `IdPresentacion`, `IdCategoria`, `Estado`, `rutaImagen`) VALUES (5, 'Amoxicillin Trihydrate/Potassium Clavulanate', 'lacinia vitae, sodales at, velit. Pellentesque ultricies dignissim lacus. Aliquam rutrum lorem ac risus.', 'dm3', 1, 88273, 6, 25, 1, 'SinCargarImagen');
INSERT INTO `SIGCO`.`Productos` (`IdProducto`, `Nombre`, `Descripcion`, `UnidadMedida`, `IdIva`, `ValorBase`, `IdPresentacion`, `IdCategoria`, `Estado`, `rutaImagen`) VALUES (6, 'Zolpidem Tartrate', 'et, magna. Praesent interdum ligula eu enim. Etiam imperdiet dictum magna. Ut tincidunt orci quis lectus.', 'cm3', 3, 196841, 12, 1, 1, 'SinCargarImagen');
INSERT INTO `SIGCO`.`Productos` (`IdProducto`, `Nombre`, `Descripcion`, `UnidadMedida`, `IdIva`, `ValorBase`, `IdPresentacion`, `IdCategoria`, `Estado`, `rutaImagen`) VALUES (7, 'Metoprolol Succinate', 'Cras dolor dolor, tempus non, lacinia at, iaculis quis, pede. Praesent eu dui. Cum sociis natoque penatibus et magnis dis', 'cm3', 2, 24127, 2, 25, 1, 'SinCargarImagen');
INSERT INTO `SIGCO`.`Productos` (`IdProducto`, `Nombre`, `Descripcion`, `UnidadMedida`, `IdIva`, `ValorBase`, `IdPresentacion`, `IdCategoria`, `Estado`, `rutaImagen`) VALUES (8, 'Sertraline HCl', 'ipsum dolor sit amet,', 'cm3', 2, 70849, 18, 17, 1, 'SinCargarImagen');
INSERT INTO `SIGCO`.`Productos` (`IdProducto`, `Nombre`, `Descripcion`, `UnidadMedida`, `IdIva`, `ValorBase`, `IdPresentacion`, `IdCategoria`, `Estado`, `rutaImagen`) VALUES (9, 'Alprazolam', 'pede. Suspendisse dui. Fusce diam nunc, ullamcorper eu,', 'cm3', 3, 101573, 12, 5, 0, 'SinCargarImagen');
INSERT INTO `SIGCO`.`Productos` (`IdProducto`, `Nombre`, `Descripcion`, `UnidadMedida`, `IdIva`, `ValorBase`, `IdPresentacion`, `IdCategoria`, `Estado`, `rutaImagen`) VALUES (10, 'Nasonex', 'Nullam velit dui, semper et, lacinia vitae, sodales at, velit. Pellentesque ultricies dignissim lacus.', 'dm3', 2, 39843, 21, 41, 1, 'SinCargarImagen');
INSERT INTO `SIGCO`.`Productos` (`IdProducto`, `Nombre`, `Descripcion`, `UnidadMedida`, `IdIva`, `ValorBase`, `IdPresentacion`, `IdCategoria`, `Estado`, `rutaImagen`) VALUES (11, 'Lexapro', 'mauris eu elit. Nulla facilisi. Sed neque. Sed eget lacus.', 'dm3', 1, 49007, 4, 3, 1, 'SinCargarImagen');
INSERT INTO `SIGCO`.`Productos` (`IdProducto`, `Nombre`, `Descripcion`, `UnidadMedida`, `IdIva`, `ValorBase`, `IdPresentacion`, `IdCategoria`, `Estado`, `rutaImagen`) VALUES (12, 'Spiriva Handihaler', 'Aliquam rutrum lorem ac risus. Morbi metus. Vivamus euismod urna. Nullam lobortis quam a felis', 'dm3', 2, 59717, 3, 49, 1, 'SinCargarImagen');
INSERT INTO `SIGCO`.`Productos` (`IdProducto`, `Nombre`, `Descripcion`, `UnidadMedida`, `IdIva`, `ValorBase`, `IdPresentacion`, `IdCategoria`, `Estado`, `rutaImagen`) VALUES (13, 'Diovan', 'suscipit, est ac facilisis facilisis, magna tellus faucibus leo, in lobortis tellus justo sit', 'cm3', 3, 17864, 11, 47, 1, 'SinCargarImagen');
INSERT INTO `SIGCO`.`Productos` (`IdProducto`, `Nombre`, `Descripcion`, `UnidadMedida`, `IdIva`, `ValorBase`, `IdPresentacion`, `IdCategoria`, `Estado`, `rutaImagen`) VALUES (14, 'Sertraline HCl', 'porttitor tellus non magna. Nam ligula elit, pretium et, rutrum non, hendrerit id, ante. Nunc mauris sapien, cursus', 'mm3', 1, 199197, 7, 24, 1, 'SinCargarImagen');
INSERT INTO `SIGCO`.`Productos` (`IdProducto`, `Nombre`, `Descripcion`, `UnidadMedida`, `IdIva`, `ValorBase`, `IdPresentacion`, `IdCategoria`, `Estado`, `rutaImagen`) VALUES (15, 'Lisinopril', 'nunc, ullamcorper eu, euismod ac, fermentum vel, mauris.', 'cm3', 2, 131063, 16, 37, 1, 'SinCargarImagen');
INSERT INTO `SIGCO`.`Productos` (`IdProducto`, `Nombre`, `Descripcion`, `UnidadMedida`, `IdIva`, `ValorBase`, `IdPresentacion`, `IdCategoria`, `Estado`, `rutaImagen`) VALUES (16, 'Losartan Potassium', 'tempus eu, ligula. Aenean euismod mauris eu elit. Nulla facilisi. Sed neque. Sed eget lacus. Mauris non dui nec', 'dm3', 2, 153260, 18, 33, 1, 'SinCargarImagen');
INSERT INTO `SIGCO`.`Productos` (`IdProducto`, `Nombre`, `Descripcion`, `UnidadMedida`, `IdIva`, `ValorBase`, `IdPresentacion`, `IdCategoria`, `Estado`, `rutaImagen`) VALUES (17, 'Januvia', 'egestas rhoncus. Proin nisl sem, consequat nec, mollis vitae, posuere', 'mm3', 1, 48966, 13, 33, 1, 'SinCargarImagen');
INSERT INTO `SIGCO`.`Productos` (`IdProducto`, `Nombre`, `Descripcion`, `UnidadMedida`, `IdIva`, `ValorBase`, `IdPresentacion`, `IdCategoria`, `Estado`, `rutaImagen`) VALUES (18, 'Flovent HFA', 'Donec tincidunt. Donec vitae erat vel pede blandit congue.', 'cm3', 3, 144254, 5, 29, 1, 'SinCargarImagen');
INSERT INTO `SIGCO`.`Productos` (`IdProducto`, `Nombre`, `Descripcion`, `UnidadMedida`, `IdIva`, `ValorBase`, `IdPresentacion`, `IdCategoria`, `Estado`, `rutaImagen`) VALUES (19, 'Actos', 'mi. Aliquam gravida mauris ut mi. Duis risus odio, auctor vitae, aliquet nec, imperdiet', 'dm3', 3, 167542, 10, 19, 1, 'SinCargarImagen');
INSERT INTO `SIGCO`.`Productos` (`IdProducto`, `Nombre`, `Descripcion`, `UnidadMedida`, `IdIva`, `ValorBase`, `IdPresentacion`, `IdCategoria`, `Estado`, `rutaImagen`) VALUES (20, 'Pantoprazole Sodium', 'In faucibus. Morbi vehicula. Pellentesque tincidunt tempus risus. Donec egestas. Duis ac arcu. Nunc mauris. Morbi non sapien', 'dm3', 1, 174090, 15, 50, 1, 'SinCargarImagen');
INSERT INTO `SIGCO`.`Productos` (`IdProducto`, `Nombre`, `Descripcion`, `UnidadMedida`, `IdIva`, `ValorBase`, `IdPresentacion`, `IdCategoria`, `Estado`, `rutaImagen`) VALUES (21, 'Fluticasone Propionate', 'in felis. Nulla tempor augue ac ipsum. Phasellus vitae mauris sit amet lorem semper', 'mm3', 1, 121483, 1, 26, 1, 'SinCargarImagen');
INSERT INTO `SIGCO`.`Productos` (`IdProducto`, `Nombre`, `Descripcion`, `UnidadMedida`, `IdIva`, `ValorBase`, `IdPresentacion`, `IdCategoria`, `Estado`, `rutaImagen`) VALUES (22, 'Lisinopril', 'Pellentesque ut', 'cm3', 3, 115207, 13, 48, 1, 'SinCargarImagen');
INSERT INTO `SIGCO`.`Productos` (`IdProducto`, `Nombre`, `Descripcion`, `UnidadMedida`, `IdIva`, `ValorBase`, `IdPresentacion`, `IdCategoria`, `Estado`, `rutaImagen`) VALUES (23, 'Folic Acid', 'sed dictum eleifend, nunc risus varius orci, in consequat enim diam vel arcu. Curabitur ut odio vel est tempor', 'mm3', 2, 44201, 2, 15, 1, 'SinCargarImagen');
INSERT INTO `SIGCO`.`Productos` (`IdProducto`, `Nombre`, `Descripcion`, `UnidadMedida`, `IdIva`, `ValorBase`, `IdPresentacion`, `IdCategoria`, `Estado`, `rutaImagen`) VALUES (24, 'Furosemide', 'pede blandit congue. In scelerisque scelerisque dui. Suspendisse ac metus vitae velit egestas', 'dm3', 1, 59100, 15, 18, 1, 'SinCargarImagen');
INSERT INTO `SIGCO`.`Productos` (`IdProducto`, `Nombre`, `Descripcion`, `UnidadMedida`, `IdIva`, `ValorBase`, `IdPresentacion`, `IdCategoria`, `Estado`, `rutaImagen`) VALUES (25, 'Doxycycline Hyclate', 'sociosqu ad litora torquent per conubia nostra, per inceptos hymenaeos. Mauris ut quam vel sapien', 'dm3', 3, 168977, 21, 28, 1, 'SinCargarImagen');
INSERT INTO `SIGCO`.`Productos` (`IdProducto`, `Nombre`, `Descripcion`, `UnidadMedida`, `IdIva`, `ValorBase`, `IdPresentacion`, `IdCategoria`, `Estado`, `rutaImagen`) VALUES (26, 'Gianvi', 'ante, iaculis nec, eleifend non, dapibus rutrum, justo. Praesent luctus. Curabitur egestas nunc sed libero.', 'cm3', 3, 167438, 16, 16, 1, 'SinCargarImagen');
INSERT INTO `SIGCO`.`Productos` (`IdProducto`, `Nombre`, `Descripcion`, `UnidadMedida`, `IdIva`, `ValorBase`, `IdPresentacion`, `IdCategoria`, `Estado`, `rutaImagen`) VALUES (27, 'Nasonex', 'ornare, elit elit fermentum risus, at fringilla purus mauris a nunc. In at pede.', 'dm3', 1, 117318, 9, 1, 1, 'SinCargarImagen');
INSERT INTO `SIGCO`.`Productos` (`IdProducto`, `Nombre`, `Descripcion`, `UnidadMedida`, `IdIva`, `ValorBase`, `IdPresentacion`, `IdCategoria`, `Estado`, `rutaImagen`) VALUES (28, 'Lisinopril', 'pede blandit congue. In scelerisque scelerisque dui. Suspendisse ac metus vitae velit egestas lacinia. Sed', 'dm3', 1, 114372, 8, 1, 1, 'SinCargarImagen');
INSERT INTO `SIGCO`.`Productos` (`IdProducto`, `Nombre`, `Descripcion`, `UnidadMedida`, `IdIva`, `ValorBase`, `IdPresentacion`, `IdCategoria`, `Estado`, `rutaImagen`) VALUES (29, 'Citalopram HBR', 'Maecenas mi felis, adipiscing fringilla, porttitor vulputate, posuere vulputate, lacus. Cras interdum. Nunc sollicitudin commodo ipsum. Suspendisse', 'dm3', 2, 38633, 10, 43, 1, 'SinCargarImagen');
INSERT INTO `SIGCO`.`Productos` (`IdProducto`, `Nombre`, `Descripcion`, `UnidadMedida`, `IdIva`, `ValorBase`, `IdPresentacion`, `IdCategoria`, `Estado`, `rutaImagen`) VALUES (30, 'Alprazolam', 'lectus', 'mm3', 2, 117143, 8, 33, 1, 'SinCargarImagen');
INSERT INTO `SIGCO`.`Productos` (`IdProducto`, `Nombre`, `Descripcion`, `UnidadMedida`, `IdIva`, `ValorBase`, `IdPresentacion`, `IdCategoria`, `Estado`, `rutaImagen`) VALUES (31, 'Naproxen', 'Morbi metus. Vivamus euismod urna. Nullam lobortis quam a felis ullamcorper viverra. Maecenas iaculis', 'cm3', 2, 162386, 17, 5, 1, 'SinCargarImagen');
INSERT INTO `SIGCO`.`Productos` (`IdProducto`, `Nombre`, `Descripcion`, `UnidadMedida`, `IdIva`, `ValorBase`, `IdPresentacion`, `IdCategoria`, `Estado`, `rutaImagen`) VALUES (32, 'Endocet', 'est. Mauris eu', 'dm3', 3, 175893, 4, 7, 0, 'SinCargarImagen');
INSERT INTO `SIGCO`.`Productos` (`IdProducto`, `Nombre`, `Descripcion`, `UnidadMedida`, `IdIva`, `ValorBase`, `IdPresentacion`, `IdCategoria`, `Estado`, `rutaImagen`) VALUES (33, 'Fluticasone Propionate', 'eleifend non, dapibus rutrum, justo. Praesent luctus. Curabitur egestas nunc sed libero.', 'dm3', 1, 53529, 13, 5, 1, 'SinCargarImagen');
INSERT INTO `SIGCO`.`Productos` (`IdProducto`, `Nombre`, `Descripcion`, `UnidadMedida`, `IdIva`, `ValorBase`, `IdPresentacion`, `IdCategoria`, `Estado`, `rutaImagen`) VALUES (34, 'Vyvanse', 'semper pretium neque. Morbi quis urna. Nunc quis arcu vel quam dignissim pharetra. Nam ac', 'mm3', 2, 110460, 18, 34, 1, 'SinCargarImagen');
INSERT INTO `SIGCO`.`Productos` (`IdProducto`, `Nombre`, `Descripcion`, `UnidadMedida`, `IdIva`, `ValorBase`, `IdPresentacion`, `IdCategoria`, `Estado`, `rutaImagen`) VALUES (35, 'Zolpidem Tartrate', 'natoque', 'cm3', 1, 134782, 13, 43, 1, 'SinCargarImagen');
INSERT INTO `SIGCO`.`Productos` (`IdProducto`, `Nombre`, `Descripcion`, `UnidadMedida`, `IdIva`, `ValorBase`, `IdPresentacion`, `IdCategoria`, `Estado`, `rutaImagen`) VALUES (36, 'Proair HFA', 'ornare, elit elit fermentum risus, at fringilla purus mauris a', 'mm3', 1, 26016, 1, 11, 1, 'SinCargarImagen');
INSERT INTO `SIGCO`.`Productos` (`IdProducto`, `Nombre`, `Descripcion`, `UnidadMedida`, `IdIva`, `ValorBase`, `IdPresentacion`, `IdCategoria`, `Estado`, `rutaImagen`) VALUES (37, 'Clindamycin HCl', 'elit, pretium et, rutrum non, hendrerit id, ante. Nunc mauris sapien, cursus in, hendrerit consectetuer, cursus et, magna. Praesent', 'dm3', 2, 164679, 6, 26, 1, 'SinCargarImagen');
INSERT INTO `SIGCO`.`Productos` (`IdProducto`, `Nombre`, `Descripcion`, `UnidadMedida`, `IdIva`, `ValorBase`, `IdPresentacion`, `IdCategoria`, `Estado`, `rutaImagen`) VALUES (38, 'Ibuprofen (Rx)', 'ut, pharetra sed, hendrerit', 'mm3', 3, 141317, 1, 26, 1, 'SinCargarImagen');
INSERT INTO `SIGCO`.`Productos` (`IdProducto`, `Nombre`, `Descripcion`, `UnidadMedida`, `IdIva`, `ValorBase`, `IdPresentacion`, `IdCategoria`, `Estado`, `rutaImagen`) VALUES (39, 'Fluoxetine HCl', 'non, lacinia at, iaculis quis, pede. Praesent eu dui.', 'cm3', 3, 82348, 15, 14, 1, 'SinCargarImagen');
INSERT INTO `SIGCO`.`Productos` (`IdProducto`, `Nombre`, `Descripcion`, `UnidadMedida`, `IdIva`, `ValorBase`, `IdPresentacion`, `IdCategoria`, `Estado`, `rutaImagen`) VALUES (40, 'Amoxicillin', 'eleifend egestas. Sed pharetra, felis eget varius ultrices, mauris ipsum porta elit, a', 'cm3', 1, 178742, 17, 14, 1, 'SinCargarImagen');
INSERT INTO `SIGCO`.`Productos` (`IdProducto`, `Nombre`, `Descripcion`, `UnidadMedida`, `IdIva`, `ValorBase`, `IdPresentacion`, `IdCategoria`, `Estado`, `rutaImagen`) VALUES (41, 'Simvastatin', 'sem,', 'mm3', 1, 118281, 18, 46, 1, 'SinCargarImagen');
INSERT INTO `SIGCO`.`Productos` (`IdProducto`, `Nombre`, `Descripcion`, `UnidadMedida`, `IdIva`, `ValorBase`, `IdPresentacion`, `IdCategoria`, `Estado`, `rutaImagen`) VALUES (42, 'Proair HFA', 'diam lorem, auctor quis, tristique ac, eleifend vitae, erat. Vivamus nisi. Mauris nulla.', 'mm3', 3, 170701, 13, 27, 1, 'SinCargarImagen');
INSERT INTO `SIGCO`.`Productos` (`IdProducto`, `Nombre`, `Descripcion`, `UnidadMedida`, `IdIva`, `ValorBase`, `IdPresentacion`, `IdCategoria`, `Estado`, `rutaImagen`) VALUES (43, 'Metoprolol Succinate', 'cursus in, hendrerit consectetuer, cursus et,', 'mm3', 1, 82786, 5, 43, 1, 'SinCargarImagen');
INSERT INTO `SIGCO`.`Productos` (`IdProducto`, `Nombre`, `Descripcion`, `UnidadMedida`, `IdIva`, `ValorBase`, `IdPresentacion`, `IdCategoria`, `Estado`, `rutaImagen`) VALUES (44, 'Hydrocodone/APAP', 'turpis non enim. Mauris quis turpis vitae purus gravida sagittis. Duis gravida. Praesent', 'cm3', 2, 179284, 7, 31, 1, 'SinCargarImagen');
INSERT INTO `SIGCO`.`Productos` (`IdProducto`, `Nombre`, `Descripcion`, `UnidadMedida`, `IdIva`, `ValorBase`, `IdPresentacion`, `IdCategoria`, `Estado`, `rutaImagen`) VALUES (45, 'Amitriptyline HCl', 'lorem eu metus. In lorem. Donec elementum, lorem ut aliquam iaculis, lacus pede sagittis', 'dm3', 3, 119937, 2, 42, 1, 'SinCargarImagen');
INSERT INTO `SIGCO`.`Productos` (`IdProducto`, `Nombre`, `Descripcion`, `UnidadMedida`, `IdIva`, `ValorBase`, `IdPresentacion`, `IdCategoria`, `Estado`, `rutaImagen`) VALUES (46, 'Zolpidem Tartrate', 'Nam consequat dolor', 'cm3', 3, 87104, 16, 21, 1, 'SinCargarImagen');
INSERT INTO `SIGCO`.`Productos` (`IdProducto`, `Nombre`, `Descripcion`, `UnidadMedida`, `IdIva`, `ValorBase`, `IdPresentacion`, `IdCategoria`, `Estado`, `rutaImagen`) VALUES (47, 'Warfarin Sodium', 'rutrum non, hendrerit id, ante. Nunc mauris sapien, cursus in, hendrerit', 'dm3', 3, 158042, 9, 32, 1, 'SinCargarImagen');
INSERT INTO `SIGCO`.`Productos` (`IdProducto`, `Nombre`, `Descripcion`, `UnidadMedida`, `IdIva`, `ValorBase`, `IdPresentacion`, `IdCategoria`, `Estado`, `rutaImagen`) VALUES (48, 'Lidoderm', 'Proin eget odio. Aliquam vulputate ullamcorper magna.', 'mm3', 1, 65757, 17, 26, 1, 'SinCargarImagen');
INSERT INTO `SIGCO`.`Productos` (`IdProducto`, `Nombre`, `Descripcion`, `UnidadMedida`, `IdIva`, `ValorBase`, `IdPresentacion`, `IdCategoria`, `Estado`, `rutaImagen`) VALUES (49, 'Seroquel', 'Aliquam vulputate ullamcorper magna. Sed eu eros. Nam consequat dolor vitae dolor. Donec fringilla.', 'dm3', 1, 134907, 5, 47, 1, 'SinCargarImagen');
INSERT INTO `SIGCO`.`Productos` (`IdProducto`, `Nombre`, `Descripcion`, `UnidadMedida`, `IdIva`, `ValorBase`, `IdPresentacion`, `IdCategoria`, `Estado`, `rutaImagen`) VALUES (50, 'Metoprolol Succinate', 'lectus. Nullam suscipit,', 'cm3', 1, 113961, 15, 9, 1, 'SinCargarImagen');
INSERT INTO `SIGCO`.`Productos` (`IdProducto`, `Nombre`, `Descripcion`, `UnidadMedida`, `IdIva`, `ValorBase`, `IdPresentacion`, `IdCategoria`, `Estado`, `rutaImagen`) VALUES (51, 'Clonazepam', 'et tristique pellentesque, tellus sem mollis dui, in sodales elit', 'mm3', 2, 152547, 13, 6, 1, 'SinCargarImagen');
INSERT INTO `SIGCO`.`Productos` (`IdProducto`, `Nombre`, `Descripcion`, `UnidadMedida`, `IdIva`, `ValorBase`, `IdPresentacion`, `IdCategoria`, `Estado`, `rutaImagen`) VALUES (52, 'Loestrin 24 Fe', 'velit. Aliquam', 'mm3', 1, 93841, 17, 44, 1, 'SinCargarImagen');
INSERT INTO `SIGCO`.`Productos` (`IdProducto`, `Nombre`, `Descripcion`, `UnidadMedida`, `IdIva`, `ValorBase`, `IdPresentacion`, `IdCategoria`, `Estado`, `rutaImagen`) VALUES (53, 'Alprazolam', 'felis ullamcorper viverra. Maecenas iaculis aliquet diam. Sed diam lorem, auctor quis, tristique ac, eleifend vitae,', 'mm3', 1, 125426, 7, 21, 1, 'SinCargarImagen');
INSERT INTO `SIGCO`.`Productos` (`IdProducto`, `Nombre`, `Descripcion`, `UnidadMedida`, `IdIva`, `ValorBase`, `IdPresentacion`, `IdCategoria`, `Estado`, `rutaImagen`) VALUES (54, 'Cyclobenzaprin HCl', 'semper cursus. Integer mollis. Integer tincidunt aliquam arcu. Aliquam ultrices iaculis odio. Nam interdum', 'mm3', 2, 19140, 13, 39, 1, 'SinCargarImagen');
INSERT INTO `SIGCO`.`Productos` (`IdProducto`, `Nombre`, `Descripcion`, `UnidadMedida`, `IdIva`, `ValorBase`, `IdPresentacion`, `IdCategoria`, `Estado`, `rutaImagen`) VALUES (55, 'Lisinopril', 'erat nonummy ultricies ornare, elit elit fermentum risus, at fringilla purus mauris a nunc. In at pede. Cras vulputate', 'mm3', 1, 112654, 7, 24, 1, 'SinCargarImagen');
INSERT INTO `SIGCO`.`Productos` (`IdProducto`, `Nombre`, `Descripcion`, `UnidadMedida`, `IdIva`, `ValorBase`, `IdPresentacion`, `IdCategoria`, `Estado`, `rutaImagen`) VALUES (56, 'Synthroid', 'lectus quis massa. Mauris vestibulum, neque', 'cm3', 1, 175448, 3, 31, 1, 'SinCargarImagen');
INSERT INTO `SIGCO`.`Productos` (`IdProducto`, `Nombre`, `Descripcion`, `UnidadMedida`, `IdIva`, `ValorBase`, `IdPresentacion`, `IdCategoria`, `Estado`, `rutaImagen`) VALUES (57, 'Gabapentin', 'nunc interdum feugiat. Sed nec metus facilisis lorem tristique aliquet. Phasellus fermentum convallis ligula. Donec luctus', 'mm3', 3, 75912, 20, 37, 1, 'SinCargarImagen');
INSERT INTO `SIGCO`.`Productos` (`IdProducto`, `Nombre`, `Descripcion`, `UnidadMedida`, `IdIva`, `ValorBase`, `IdPresentacion`, `IdCategoria`, `Estado`, `rutaImagen`) VALUES (58, 'Digoxin', 'ligula eu enim. Etiam imperdiet dictum magna. Ut tincidunt orci quis', 'cm3', 2, 152480, 7, 8, 1, 'SinCargarImagen');
INSERT INTO `SIGCO`.`Productos` (`IdProducto`, `Nombre`, `Descripcion`, `UnidadMedida`, `IdIva`, `ValorBase`, `IdPresentacion`, `IdCategoria`, `Estado`, `rutaImagen`) VALUES (59, 'Fluticasone Propionate', 'ante. Nunc mauris sapien, cursus in, hendrerit consectetuer, cursus et, magna. Praesent interdum ligula', 'cm3', 3, 38830, 8, 27, 0, 'SinCargarImagen');
INSERT INTO `SIGCO`.`Productos` (`IdProducto`, `Nombre`, `Descripcion`, `UnidadMedida`, `IdIva`, `ValorBase`, `IdPresentacion`, `IdCategoria`, `Estado`, `rutaImagen`) VALUES (60, 'Furosemide', 'sed leo. Cras vehicula aliquet libero. Integer in magna. Phasellus dolor elit, pellentesque a, facilisis non, bibendum', 'dm3', 2, 21309, 13, 5, 1, 'SinCargarImagen');
INSERT INTO `SIGCO`.`Productos` (`IdProducto`, `Nombre`, `Descripcion`, `UnidadMedida`, `IdIva`, `ValorBase`, `IdPresentacion`, `IdCategoria`, `Estado`, `rutaImagen`) VALUES (61, 'APAP/Codeine', 'a, scelerisque sed, sapien. Nunc pulvinar arcu', 'mm3', 2, 177872, 15, 2, 1, 'SinCargarImagen');
INSERT INTO `SIGCO`.`Productos` (`IdProducto`, `Nombre`, `Descripcion`, `UnidadMedida`, `IdIva`, `ValorBase`, `IdPresentacion`, `IdCategoria`, `Estado`, `rutaImagen`) VALUES (62, 'Prednisone', 'mauris id sapien. Cras dolor dolor, tempus non, lacinia at, iaculis quis, pede. Praesent eu dui. Cum sociis natoque', 'mm3', 2, 177912, 18, 9, 1, 'SinCargarImagen');
INSERT INTO `SIGCO`.`Productos` (`IdProducto`, `Nombre`, `Descripcion`, `UnidadMedida`, `IdIva`, `ValorBase`, `IdPresentacion`, `IdCategoria`, `Estado`, `rutaImagen`) VALUES (63, 'Niaspan', 'sem semper erat, in consectetuer ipsum nunc id enim. Curabitur massa. Vestibulum accumsan', 'dm3', 3, 102295, 8, 33, 1, 'SinCargarImagen');
INSERT INTO `SIGCO`.`Productos` (`IdProducto`, `Nombre`, `Descripcion`, `UnidadMedida`, `IdIva`, `ValorBase`, `IdPresentacion`, `IdCategoria`, `Estado`, `rutaImagen`) VALUES (64, 'Nexium', 'non sapien molestie', 'dm3', 1, 50108, 2, 36, 1, 'SinCargarImagen');
INSERT INTO `SIGCO`.`Productos` (`IdProducto`, `Nombre`, `Descripcion`, `UnidadMedida`, `IdIva`, `ValorBase`, `IdPresentacion`, `IdCategoria`, `Estado`, `rutaImagen`) VALUES (65, 'Lantus', 'nulla. Integer vulputate, risus a ultricies adipiscing, enim mi tempor lorem, eget mollis lectus pede', 'mm3', 3, 199754, 6, 29, 1, 'SinCargarImagen');
INSERT INTO `SIGCO`.`Productos` (`IdProducto`, `Nombre`, `Descripcion`, `UnidadMedida`, `IdIva`, `ValorBase`, `IdPresentacion`, `IdCategoria`, `Estado`, `rutaImagen`) VALUES (66, 'Levothyroxine Sodium', 'et malesuada', 'mm3', 1, 12415, 19, 45, 1, 'SinCargarImagen');
INSERT INTO `SIGCO`.`Productos` (`IdProducto`, `Nombre`, `Descripcion`, `UnidadMedida`, `IdIva`, `ValorBase`, `IdPresentacion`, `IdCategoria`, `Estado`, `rutaImagen`) VALUES (67, 'Atenolol', 'Proin nisl sem, consequat nec,', 'dm3', 2, 197855, 18, 43, 1, 'SinCargarImagen');
INSERT INTO `SIGCO`.`Productos` (`IdProducto`, `Nombre`, `Descripcion`, `UnidadMedida`, `IdIva`, `ValorBase`, `IdPresentacion`, `IdCategoria`, `Estado`, `rutaImagen`) VALUES (68, 'Amitriptyline HCl', 'at, iaculis quis, pede. Praesent eu', 'dm3', 2, 59621, 11, 10, 1, 'SinCargarImagen');
INSERT INTO `SIGCO`.`Productos` (`IdProducto`, `Nombre`, `Descripcion`, `UnidadMedida`, `IdIva`, `ValorBase`, `IdPresentacion`, `IdCategoria`, `Estado`, `rutaImagen`) VALUES (69, 'Ibuprofen (Rx)', 'pharetra. Nam ac nulla. In tincidunt congue turpis. In condimentum. Donec at arcu.', 'cm3', 2, 173258, 18, 24, 1, 'SinCargarImagen');
INSERT INTO `SIGCO`.`Productos` (`IdProducto`, `Nombre`, `Descripcion`, `UnidadMedida`, `IdIva`, `ValorBase`, `IdPresentacion`, `IdCategoria`, `Estado`, `rutaImagen`) VALUES (70, 'Premarin', 'Nunc pulvinar arcu et pede. Nunc sed orci lobortis augue', 'cm3', 1, 32563, 17, 23, 1, 'SinCargarImagen');
INSERT INTO `SIGCO`.`Productos` (`IdProducto`, `Nombre`, `Descripcion`, `UnidadMedida`, `IdIva`, `ValorBase`, `IdPresentacion`, `IdCategoria`, `Estado`, `rutaImagen`) VALUES (71, 'Lisinopril', 'nec luctus felis purus ac tellus. Suspendisse sed dolor. Fusce mi lorem, vehicula et, rutrum eu, ultrices', 'dm3', 2, 21688, 3, 7, 1, 'SinCargarImagen');
INSERT INTO `SIGCO`.`Productos` (`IdProducto`, `Nombre`, `Descripcion`, `UnidadMedida`, `IdIva`, `ValorBase`, `IdPresentacion`, `IdCategoria`, `Estado`, `rutaImagen`) VALUES (72, 'Proair HFA', 'Nulla tincidunt, neque vitae semper egestas, urna justo faucibus', 'cm3', 1, 131459, 14, 21, 1, 'SinCargarImagen');
INSERT INTO `SIGCO`.`Productos` (`IdProducto`, `Nombre`, `Descripcion`, `UnidadMedida`, `IdIva`, `ValorBase`, `IdPresentacion`, `IdCategoria`, `Estado`, `rutaImagen`) VALUES (73, 'Oxycontin', 'ante ipsum primis in faucibus orci luctus et ultrices posuere', 'dm3', 1, 116427, 4, 11, 1, 'SinCargarImagen');
INSERT INTO `SIGCO`.`Productos` (`IdProducto`, `Nombre`, `Descripcion`, `UnidadMedida`, `IdIva`, `ValorBase`, `IdPresentacion`, `IdCategoria`, `Estado`, `rutaImagen`) VALUES (74, 'Glyburide', 'In condimentum. Donec at arcu. Vestibulum ante ipsum primis in faucibus orci luctus et ultrices posuere cubilia Curae;', 'mm3', 2, 59993, 17, 25, 1, 'SinCargarImagen');
INSERT INTO `SIGCO`.`Productos` (`IdProducto`, `Nombre`, `Descripcion`, `UnidadMedida`, `IdIva`, `ValorBase`, `IdPresentacion`, `IdCategoria`, `Estado`, `rutaImagen`) VALUES (75, 'Alprazolam', 'erat nonummy ultricies ornare, elit elit fermentum risus, at fringilla purus mauris a nunc.', 'mm3', 3, 104845, 6, 45, 1, 'SinCargarImagen');
INSERT INTO `SIGCO`.`Productos` (`IdProducto`, `Nombre`, `Descripcion`, `UnidadMedida`, `IdIva`, `ValorBase`, `IdPresentacion`, `IdCategoria`, `Estado`, `rutaImagen`) VALUES (76, 'Lovastatin', 'a, arcu. Sed et libero. Proin mi. Aliquam gravida mauris ut mi. Duis risus', 'cm3', 1, 14154, 19, 33, 1, 'SinCargarImagen');
INSERT INTO `SIGCO`.`Productos` (`IdProducto`, `Nombre`, `Descripcion`, `UnidadMedida`, `IdIva`, `ValorBase`, `IdPresentacion`, `IdCategoria`, `Estado`, `rutaImagen`) VALUES (77, 'Sertraline HCl', 'Maecenas iaculis aliquet diam. Sed diam lorem, auctor quis, tristique ac, eleifend vitae, erat. Vivamus nisi.', 'dm3', 3, 181987, 13, 50, 1, 'SinCargarImagen');
INSERT INTO `SIGCO`.`Productos` (`IdProducto`, `Nombre`, `Descripcion`, `UnidadMedida`, `IdIva`, `ValorBase`, `IdPresentacion`, `IdCategoria`, `Estado`, `rutaImagen`) VALUES (78, 'Vyvanse', 'nonummy ut, molestie in, tempus eu, ligula. Aenean euismod', 'cm3', 3, 189143, 11, 34, 1, 'SinCargarImagen');
INSERT INTO `SIGCO`.`Productos` (`IdProducto`, `Nombre`, `Descripcion`, `UnidadMedida`, `IdIva`, `ValorBase`, `IdPresentacion`, `IdCategoria`, `Estado`, `rutaImagen`) VALUES (79, 'Flovent HFA', 'natoque penatibus et magnis dis parturient', 'dm3', 1, 65929, 10, 42, 1, 'SinCargarImagen');
INSERT INTO `SIGCO`.`Productos` (`IdProducto`, `Nombre`, `Descripcion`, `UnidadMedida`, `IdIva`, `ValorBase`, `IdPresentacion`, `IdCategoria`, `Estado`, `rutaImagen`) VALUES (80, 'Amlodipine Besylate', 'tincidunt pede ac urna. Ut tincidunt vehicula risus. Nulla eget metus eu erat semper', 'dm3', 1, 98361, 20, 45, 1, 'SinCargarImagen');
INSERT INTO `SIGCO`.`Productos` (`IdProducto`, `Nombre`, `Descripcion`, `UnidadMedida`, `IdIva`, `ValorBase`, `IdPresentacion`, `IdCategoria`, `Estado`, `rutaImagen`) VALUES (81, 'Risperidone', 'et magnis dis parturient montes, nascetur ridiculus mus. Proin', 'dm3', 3, 52010, 7, 50, 1, 'SinCargarImagen');
INSERT INTO `SIGCO`.`Productos` (`IdProducto`, `Nombre`, `Descripcion`, `UnidadMedida`, `IdIva`, `ValorBase`, `IdPresentacion`, `IdCategoria`, `Estado`, `rutaImagen`) VALUES (82, 'Oxycontin', 'sodales elit erat vitae', 'cm3', 2, 196238, 18, 22, 1, 'SinCargarImagen');
INSERT INTO `SIGCO`.`Productos` (`IdProducto`, `Nombre`, `Descripcion`, `UnidadMedida`, `IdIva`, `ValorBase`, `IdPresentacion`, `IdCategoria`, `Estado`, `rutaImagen`) VALUES (83, 'Sertraline HCl', 'varius et, euismod et, commodo at, libero. Morbi accumsan laoreet ipsum. Curabitur consequat, lectus sit', 'dm3', 3, 35682, 17, 44, 1, 'SinCargarImagen');
INSERT INTO `SIGCO`.`Productos` (`IdProducto`, `Nombre`, `Descripcion`, `UnidadMedida`, `IdIva`, `ValorBase`, `IdPresentacion`, `IdCategoria`, `Estado`, `rutaImagen`) VALUES (84, 'Levoxyl', 'lacus. Quisque purus sapien, gravida non, sollicitudin a, malesuada id, erat.', 'cm3', 1, 104348, 11, 49, 1, 'SinCargarImagen');
INSERT INTO `SIGCO`.`Productos` (`IdProducto`, `Nombre`, `Descripcion`, `UnidadMedida`, `IdIva`, `ValorBase`, `IdPresentacion`, `IdCategoria`, `Estado`, `rutaImagen`) VALUES (85, 'Cheratussin AC', 'feugiat metus sit amet ante. Vivamus', 'cm3', 1, 83108, 13, 48, 1, 'SinCargarImagen');
INSERT INTO `SIGCO`.`Productos` (`IdProducto`, `Nombre`, `Descripcion`, `UnidadMedida`, `IdIva`, `ValorBase`, `IdPresentacion`, `IdCategoria`, `Estado`, `rutaImagen`) VALUES (86, 'Risperidone', 'vitae semper', 'mm3', 2, 115182, 19, 24, 1, 'SinCargarImagen');
INSERT INTO `SIGCO`.`Productos` (`IdProducto`, `Nombre`, `Descripcion`, `UnidadMedida`, `IdIva`, `ValorBase`, `IdPresentacion`, `IdCategoria`, `Estado`, `rutaImagen`) VALUES (87, 'Nuvaring', 'mus.', 'cm3', 3, 184725, 6, 47, 1, 'SinCargarImagen');
INSERT INTO `SIGCO`.`Productos` (`IdProducto`, `Nombre`, `Descripcion`, `UnidadMedida`, `IdIva`, `ValorBase`, `IdPresentacion`, `IdCategoria`, `Estado`, `rutaImagen`) VALUES (88, 'Seroquel', 'ultricies adipiscing, enim mi tempor lorem, eget mollis lectus pede et risus. Quisque libero lacus, varius', 'cm3', 3, 162350, 4, 49, 1, 'SinCargarImagen');
INSERT INTO `SIGCO`.`Productos` (`IdProducto`, `Nombre`, `Descripcion`, `UnidadMedida`, `IdIva`, `ValorBase`, `IdPresentacion`, `IdCategoria`, `Estado`, `rutaImagen`) VALUES (89, 'Levaquin', 'non, luctus', 'dm3', 1, 169740, 20, 50, 1, 'SinCargarImagen');
INSERT INTO `SIGCO`.`Productos` (`IdProducto`, `Nombre`, `Descripcion`, `UnidadMedida`, `IdIva`, `ValorBase`, `IdPresentacion`, `IdCategoria`, `Estado`, `rutaImagen`) VALUES (90, 'Metoprolol Tartrate ', 'augue. Sed molestie. Sed id risus quis diam luctus lobortis. Class aptent taciti sociosqu ad', 'mm3', 3, 189180, 12, 31, 1, 'SinCargarImagen');
INSERT INTO `SIGCO`.`Productos` (`IdProducto`, `Nombre`, `Descripcion`, `UnidadMedida`, `IdIva`, `ValorBase`, `IdPresentacion`, `IdCategoria`, `Estado`, `rutaImagen`) VALUES (91, 'Synthroid', 'mollis lectus pede et risus. Quisque libero lacus, varius et, euismod et, commodo at, libero. Morbi', 'cm3', 3, 10077, 18, 2, 1, 'SinCargarImagen');
INSERT INTO `SIGCO`.`Productos` (`IdProducto`, `Nombre`, `Descripcion`, `UnidadMedida`, `IdIva`, `ValorBase`, `IdPresentacion`, `IdCategoria`, `Estado`, `rutaImagen`) VALUES (92, 'Metoprolol Succinatee', 'Vestibulum ante', 'cm3', 1, 144425, 3, 44, 1, 'SinCargarImagen');
INSERT INTO `SIGCO`.`Productos` (`IdProducto`, `Nombre`, `Descripcion`, `UnidadMedida`, `IdIva`, `ValorBase`, `IdPresentacion`, `IdCategoria`, `Estado`, `rutaImagen`) VALUES (93, 'Plavix', 'aliquet odio. Etiam ligula tortor, dictum eu, placerat eget, venenatis a, magna. Lorem ipsum dolor sit amet, consectetuer adipiscing elit.', 'mm3', 2, 120803, 4, 9, 1, 'SinCargarImagen');
INSERT INTO `SIGCO`.`Productos` (`IdProducto`, `Nombre`, `Descripcion`, `UnidadMedida`, `IdIva`, `ValorBase`, `IdPresentacion`, `IdCategoria`, `Estado`, `rutaImagen`) VALUES (94, 'Alprazolam', 'at fringilla purus mauris a nunc. In', 'mm3', 1, 64122, 3, 1, 1, 'SinCargarImagen');
INSERT INTO `SIGCO`.`Productos` (`IdProducto`, `Nombre`, `Descripcion`, `UnidadMedida`, `IdIva`, `ValorBase`, `IdPresentacion`, `IdCategoria`, `Estado`, `rutaImagen`) VALUES (95, 'Zolpidem Tartrate', 'Proin eget odio. Aliquam vulputate', 'mm3', 1, 120457, 18, 1, 1, 'SinCargarImagen');
INSERT INTO `SIGCO`.`Productos` (`IdProducto`, `Nombre`, `Descripcion`, `UnidadMedida`, `IdIva`, `ValorBase`, `IdPresentacion`, `IdCategoria`, `Estado`, `rutaImagen`) VALUES (96, 'Ventolin HFA', 'rutrum non, hendrerit id, ante. Nunc mauris sapien, cursus in, hendrerit consectetuer, cursus et, magna. Praesent interdum', 'dm3', 3, 183008, 5, 4, 1, 'SinCargarImagen');
INSERT INTO `SIGCO`.`Productos` (`IdProducto`, `Nombre`, `Descripcion`, `UnidadMedida`, `IdIva`, `ValorBase`, `IdPresentacion`, `IdCategoria`, `Estado`, `rutaImagen`) VALUES (97, 'Vitamin D (Rx)', 'urna. Nunc quis arcu vel quam dignissim pharetra. Nam ac nulla. In tincidunt congue turpis. In condimentum. Donec', 'dm3', 3, 26172, 15, 12, 1, 'SinCargarImagen');
INSERT INTO `SIGCO`.`Productos` (`IdProducto`, `Nombre`, `Descripcion`, `UnidadMedida`, `IdIva`, `ValorBase`, `IdPresentacion`, `IdCategoria`, `Estado`, `rutaImagen`) VALUES (98, 'Cheratussin AC', 'Aenean eget magna. Suspendisse tristique neque venenatis lacus. Etiam bibendum fermentum metus. Aenean sed pede nec', 'dm3', 1, 83362, 6, 25, 1, 'SinCargarImagen');
INSERT INTO `SIGCO`.`Productos` (`IdProducto`, `Nombre`, `Descripcion`, `UnidadMedida`, `IdIva`, `ValorBase`, `IdPresentacion`, `IdCategoria`, `Estado`, `rutaImagen`) VALUES (99, 'Lexapro', 'ultricies ligula. Nullam enim. Sed nulla ante, iaculis nec, eleifend non, dapibus rutrum, justo. Praesent luctus.', 'dm3', 1, 118443, 14, 25, 1, 'SinCargarImagen');
INSERT INTO `SIGCO`.`Productos` (`IdProducto`, `Nombre`, `Descripcion`, `UnidadMedida`, `IdIva`, `ValorBase`, `IdPresentacion`, `IdCategoria`, `Estado`, `rutaImagen`) VALUES (100, 'Metoprolol Tartrate ', 'vel, faucibus id, libero. Donec consectetuer', 'dm3', 2, 53669, 18, 2, 1, 'SinCargarImagen');

COMMIT;


-- -----------------------------------------------------
-- Data for table `SIGCO`.`Metas`
-- -----------------------------------------------------
START TRANSACTION;
USE `SIGCO`;
INSERT INTO `SIGCO`.`Metas` (`IdMeta`, `Tipo`, `CantidadValor`, `FechaInicio`, `FechaFin`) VALUES (1, 'VENTAS', 1000000, '2015-01-01', '2015-02-01');
INSERT INTO `SIGCO`.`Metas` (`IdMeta`, `Tipo`, `CantidadValor`, `FechaInicio`, `FechaFin`) VALUES (2, 'VENTAS', 2000000, '2015-02-01', '2015-03-01');
INSERT INTO `SIGCO`.`Metas` (`IdMeta`, `Tipo`, `CantidadValor`, `FechaInicio`, `FechaFin`) VALUES (3, 'VISITAS', 15, '2015-01-01', '2015-02-01');
INSERT INTO `SIGCO`.`Metas` (`IdMeta`, `Tipo`, `CantidadValor`, `FechaInicio`, `FechaFin`) VALUES (4, 'VISITAS', 25, '2015-02-01', '2015-03-01');

COMMIT;


-- -----------------------------------------------------
-- Data for table `SIGCO`.`Roles`
-- -----------------------------------------------------
START TRANSACTION;
USE `SIGCO`;
INSERT INTO `SIGCO`.`Roles` (`IdRolUsuario`, `Nombre`) VALUES (1, 'Coordinador');
INSERT INTO `SIGCO`.`Roles` (`IdRolUsuario`, `Nombre`) VALUES (2, 'Asesor');

COMMIT;


-- -----------------------------------------------------
-- Data for table `SIGCO`.`Temas`
-- -----------------------------------------------------
START TRANSACTION;
USE `SIGCO`;
INSERT INTO `SIGCO`.`Temas` (`IdTemas`, `Nombre`) VALUES (1, 'Lavasoft');
INSERT INTO `SIGCO`.`Temas` (`IdTemas`, `Nombre`) VALUES (2, 'Yahoo');
INSERT INTO `SIGCO`.`Temas` (`IdTemas`, `Nombre`) VALUES (3, 'Finale');
INSERT INTO `SIGCO`.`Temas` (`IdTemas`, `Nombre`) VALUES (4, 'Borland');
INSERT INTO `SIGCO`.`Temas` (`IdTemas`, `Nombre`) VALUES (5, 'Apple Systems');
INSERT INTO `SIGCO`.`Temas` (`IdTemas`, `Nombre`) VALUES (6, 'Microsoft');
INSERT INTO `SIGCO`.`Temas` (`IdTemas`, `Nombre`) VALUES (7, 'Adobe');
INSERT INTO `SIGCO`.`Temas` (`IdTemas`, `Nombre`) VALUES (8, 'Sibelius');
INSERT INTO `SIGCO`.`Temas` (`IdTemas`, `Nombre`) VALUES (9, 'Altavista');
INSERT INTO `SIGCO`.`Temas` (`IdTemas`, `Nombre`) VALUES (10, 'Lycos');
INSERT INTO `SIGCO`.`Temas` (`IdTemas`, `Nombre`) VALUES (11, 'Chami');
INSERT INTO `SIGCO`.`Temas` (`IdTemas`, `Nombre`) VALUES (12, 'Macromedia');
INSERT INTO `SIGCO`.`Temas` (`IdTemas`, `Nombre`) VALUES (13, 'Google');
INSERT INTO `SIGCO`.`Temas` (`IdTemas`, `Nombre`) VALUES (14, 'Cakewalk');

COMMIT;


-- -----------------------------------------------------
-- Data for table `SIGCO`.`Permisos`
-- -----------------------------------------------------
START TRANSACTION;
USE `SIGCO`;
INSERT INTO `SIGCO`.`Permisos` (`IdPermisos`, `Url`, `NombrePagina`) VALUES (1, 'mvc/views/clientes.php', 'Clientes');
INSERT INTO `SIGCO`.`Permisos` (`IdPermisos`, `Url`, `NombrePagina`) VALUES (2, 'mvc/views/productos.php', 'Productos');
INSERT INTO `SIGCO`.`Permisos` (`IdPermisos`, `Url`, `NombrePagina`) VALUES (3, 'mvc/views/usuarios.php', 'Usuarios');
INSERT INTO `SIGCO`.`Permisos` (`IdPermisos`, `Url`, `NombrePagina`) VALUES (4, 'mvc/views/cotizaciones.php', 'Cotizaciones');
INSERT INTO `SIGCO`.`Permisos` (`IdPermisos`, `Url`, `NombrePagina`) VALUES (5, 'mvc/views/ordenesCompra.php', 'Ordenes de compra');
INSERT INTO `SIGCO`.`Permisos` (`IdPermisos`, `Url`, `NombrePagina`) VALUES (6, 'mvc/views/gestiones.php', 'Gestiones');
INSERT INTO `SIGCO`.`Permisos` (`IdPermisos`, `Url`, `NombrePagina`) VALUES (7, 'mvc/views/metas.php', 'Metas');
INSERT INTO `SIGCO`.`Permisos` (`IdPermisos`, `Url`, `NombrePagina`) VALUES (8, 'mvc/views/temas.php', 'Temas');

COMMIT;

